channel/I:Ath/D:AthErr/D:sigma/D:sigmaErr/D:chi2ndf/D
0,0,0 224.248 2.88236 14.1539 1.27705 2.56878
0,0,1 194.368 3.49921 12.676 1.28322 4.02363
0,0,2 192.59 1.60275 15 0.43868 1.41084
0,0,3 184.545 3.8208 12.4312 1.35458 3.7984
0,0,4 207.754 2.34173 12.5646 1.03215 2.15102
0,0,5 191.826 2.15993 8.65611 2.2692 6.38977
0,0,6 193.404 2.81147 14.8303 2.21055 1.9071
0,0,7 197.626 1.11502 15 0.283159 2.63623
0,0,8 175.545 2.22188 13.8396 1.0458 2.00228
0,0,9 183.278 2.25223 15 0.358904 2.93134
0,0,10 187.24 2.41539 12.5057 1.10158 2.54714
0,0,11 186.135 2.22208 15 0.833211 1.13917
0,0,12 197.641 1.68988 12.013 1.03185 3.18387
0,0,13 187.556 3.60566 8.66575 2.5081 5.09212
0,0,14 182.99 1.67868 12.1375 0.789086 2.16726
0,0,15 186.244 1.144 8.58991 0.805204 4.45767
0,0,16 182.94 0.781222 5.2997 0.649507 6.96486
0,0,17 188.066 2.48376 11.6074 1.13026 2.8746
0,0,18 199.053 3.05212 14.6017 2.61552 5.48653
0,0,19 195.925 3.64311 12.2762 1.54142 3.97678
0,0,20 201.319 2.84908 13.9319 1.48597 8.28872
0,0,21 182.55 1.87187 9.53268 1.56911 3.44578
0,0,23 177.232 1.13569 9.53384 0.774031 5.8914
0,0,24 168.536 1.12196 4.85772 1.82232 7.32595
0,0,25 187.994 1.64912 8.91191 0.976404 3.78797
0,0,26 179.909 0.970432 15 0.243466 9.5779
0,0,27 191.562 2.37371 11.0919 1.33585 3.73456
0,0,28 187.973 1.1984 15 0.155081 9.08997
0,0,29 178.551 1.56308 10.7836 1.0635 2.57238
0,0,30 198.313 0.984082 15 0.210928 10.0342
0,0,31 178.933 1.90747 10.5212 1.24907 3.1777
0,0,32 194.169 1.05488 15 0.27409 11.6988
0,0,33 169.096 1.67797 8.97946 1.19935 4.67199
0,0,34 189.364 2.37121 4.9785 2.39553 4.02652
0,0,35 180.983 2.57677 12.0932 1.9639 3.76347
0,1,0 177.957 4.14227 15 8.76709 4.17205
0,1,1 189.782 0.823226 6.38106 1.17387 11.1496
0,1,2 188.63 1.39013 6.60121 1.07956 5.05483
0,1,3 190.033 0.933044 6.80076 1.43642 12.8485
0,1,4 182.446 2.09049 7.4863 1.32072 5.44289
0,1,5 179.142 1.83998 10.3293 1.73589 7.47307
0,1,6 178.696 0.88633 6.60703 1.0281 7.06417
0,1,7 199.138 2.13993 13.6058 1.79087 11.3221
0,1,8 190.822 1.31731 6.08799 0.959983 5.61063
0,1,9 210.415 1.25814 15 0.458395 16.3651
0,1,10 165.71 0.433821 1.00208 13.5598 3.65491
0,1,11 178.226 0.965526 7.29695 1.88881 9.94749
0,1,12 178.718 1.06849 6.54995 0.965861 5.40772
0,1,13 180.405 1.58249 15 2.20472 9.84166
0,1,14 190.52 1.04351 8.39242 0.807936 5.26101
0,1,15 191.854 3.33076 14.4531 2.7188 9.03752
0,1,16 194.671 1.13076 7.44891 0.802696 6.17881
0,1,18 185.223 2.01715 9.04746 1.23159 4.05176
0,1,20 186.593 1.12712 6.72026 0.8304 5.50859
0,1,22 200.075 0.854687 6.20337 0.907307 8.88942
0,1,24 202.549 1.04332 8.83919 0.842491 9.72697
0,1,26 186.604 1.08148 8.67581 0.776234 4.57712
0,1,27 195.38 1.76093 8.39982 1.17199 9.1383
0,1,28 199.664 1.39552 8.8671 0.884835 6.78156
0,1,29 176.123 3.52432 1.006 10.5801 5.74977
0,1,30 188.871 1.02558 6.92767 1.45967 5.68481
0,1,31 176.551 4.16257 1.24935 10.281 6.98747
0,1,32 188.303 0.971835 6.25902 0.890234 6.13016
0,1,33 180.791 1.739 7.19607 1.36025 3.93224
0,1,34 175.58 2.87451 7.0509 2.03697 3.29108
0,1,35 173.201 4.10006 12.0778 1.92886 4.27866
0,2,0 186.473 0.863437 15 0.124624 17.6422
0,2,1 165.87 0.95752 7.57646 1.06502 14.4951
0,2,2 155.558 1.24633 10.021 1.08557 36.8533
0,2,3 195.029 0.862865 15 0.164221 8.49123
0,2,4 188.91 0.821964 15 0.121362 12.1523
0,2,5 190.254 0.784652 15 0.0568253 14.8757
0,2,6 203.939 0.71929 15 0.101602 19.4627
0,2,7 200.496 0.685105 15 0.0656048 19.9901
0,2,8 193.619 1.38704 15 0.128091 34.1485
0,2,9 195.158 0.505013 15 0.00775793 92.0847
0,2,10 170.205 218.812 1.00016 12.9927 48.9497
0,2,11 170.394 14.4182 1.01405 10.9446 26.3175
0,2,12 211.355 0.38535 15 0.00502242 122.054
0,2,13 204.193 0.590588 15 0.0118109 61.8716
0,2,14 191.456 0.734812 15 0.0249261 32.2803
0,2,15 188.256 0.874241 15 0.107103 11.6976
0,2,16 201.104 0.82148 15 1.16675 10.7954
0,2,17 199.991 1.02598 15 0.0982814 13.1258
0,2,18 208.715 0.598019 15 0.0410275 23.8766
0,2,19 190.619 0.728054 15 0.0554635 17.0967
0,2,20 194.809 0.645353 15 0.115187 16.2492
0,2,21 199.072 0.945028 15 0.139012 15.8394
0,2,22 184.179 1.69022 12.9731 1.11679 13.3298
0,2,23 183.626 1.00726 15 0.323504 11.1168
0,2,24 171.788 1.12958 15 1.05007 9.14147
0,2,25 181.521 1.24014 9.92172 1.34028 9.11706
0,2,26 175.05 1.22006 15 0.422943 10.1013
0,2,27 191.937 2.00289 13.9349 1.19727 10.5493
0,2,28 147.5 11.692 1.90427 11.5674 6.81148
0,2,29 176.999 1.70372 9.38798 1.56121 4.63297
0,2,30 201.124 3.04477 15 0.383093 7.79809
0,2,31 168.13 1.74983 10.0038 2.12445 5.31983
0,2,32 173.656 4.22104 12.7697 2.11994 5.39532
0,2,33 182.677 1.59383 7.7496 1.48949 7.93699
0,2,34 170.512 1.69619 5.24279 1.56806 4.64249
0,2,35 183.555 1.58188 6.24577 1.31212 5.55553
0,3,0 232.008 0.764707 15 11.3202 22.9837
0,3,1 214.341 3.15188 15 0.900879 6.01142
0,3,2 216.121 0.945744 15 0.148793 13.0683
0,3,3 229.411 3.51818 15 0.434697 17.4846
0,3,5 205.337 2.55444 13.2947 1.67648 7.39397
0,3,6 209.094 1.22508 15 0.314469 13.5723
0,3,7 207.196 1.58831 5.79767 1.84479 11.0473
0,3,8 212.936 1.28613 15 0.262354 18.2415
0,3,9 225.259 1.34212 6.66183 1.55581 7.70562
0,3,10 196.774 1.8654 11.7529 1.44922 11.9337
0,3,12 219.4 2.03621 13.2038 1.42194 18.661
0,3,13 214.493 3.42479 15 0.762761 5.34058
0,3,14 209.34 4.69998 15 0.794084 20.0039
0,3,15 228.258 4.84788 15 0.856643 15.0927
0,3,16 219.251 2.10236 15 0.827888 11.3707
0,3,17 204.657 5.02669 14.9772 13.0856 4.9816
0,3,18 211.216 2.64435 11.6953 2.38745 13.6232
0,3,19 185.638 2.64618 1.26618 13.1041 4.37631
0,3,20 211.324 2.14083 6.75151 1.54652 17.1645
0,3,21 205.187 1.4813 5.11471 1.46326 8.542
0,3,23 186.833 7.05698 1.22784 12.9986 7.38312
0,3,24 206.514 4.08254 1.83412 8.05288 14.3159
0,3,25 212.895 4.00024 15 1.92284 4.85687
0,3,26 196.331 15.0828 1.42365 7.18196 15.3529
0,3,27 204.182 2.51815 7.94402 2.54116 6.03691
0,3,29 202.4 4.29308 15 2.29012 11.5765
0,3,31 206.573 4.37928 1.34516 11.9137 9.02356
0,3,32 211.743 4.52005 15 2.84993 9.89685
0,3,35 215.313 6.86684 15 9.85472 15.886
0,4,1 206.174 1.11663 6.06671 1.17161 12.7754
0,4,2 225.712 3.42003 12.2843 2.06738 23.7648
0,4,3 198.049 1.28008 4.03327 1.52245 23.4274
0,4,4 217.04 4.27419 14.2684 0.499073 18.2646
0,4,5 205.618 4.23514 13.8609 2.96531 9.4611
0,4,6 227.639 1.22058 15 0.0830459 23.937
0,4,7 206.79 2.40219 15 1.36718 14.0676
0,4,8 214.611 1.06102 15 0.234497 22.1863
0,4,9 184.623 1.36599 5.24549 1.15121 20.0152
0,4,10 210.957 1.0012 15 0.0823698 21.7728
0,4,11 195.738 12.7803 2.08262 11.9912 18.0449
0,4,12 213.471 1.0188 15 0.181024 29.4795
0,4,13 207.474 2.4683 15 0.994275 16.2869
0,4,14 230.971 1.26144 15 0.163073 20.2465
0,4,15 185.037 1.47252 6.39438 1.35664 13.9727
0,4,19 212.545 3.78804 13.0164 3.21057 24.6003
0,4,20 226.86 1.72554 14.8327 2.27992 20.5628
0,4,21 148.339 218.522 12.3746 8.07018 14.2524
0,4,22 216.236 5.96354 15 12.7627 16.7883
0,4,25 196.42 9.21179 1.23079 11.9507 10.4615
0,4,26 204.688 1.70245 4.93448 1.32082 17.7212
0,4,30 216.666 4.18026 15 1.47013 15.7126
0,4,33 219.052 1.75924 6.48093 3.44416 14.4769
0,4,35 220.353 3.04776 4.50683 1.94031 30.8083
0,5,0 156.131 4.24522 14.6979 12.1485 29.0274
0,5,2 148.862 1.82003 3.77982 1.52534 10.2955
0,5,5 162.852 1.46008 6.71753 0.934379 10.9385
0,5,6 156.424 1.68873 1.13106 3.12929 12.0574
0,5,7 146.303 1.30969 6.36814 1.61052 8.38596
0,5,8 152.131 0.927291 4.60973 0.516087 8.89083
0,5,9 178.414 4.28955 13.3958 1.37372 22.7492
0,5,10 182.322 3.95365 13.6464 1.05853 7.41056
0,5,11 172.596 2.25978 8.14918 1.59163 4.85079
0,5,12 176.2 3.65227 10.9505 1.4029 5.55645
0,5,13 156.802 0.903619 6.2454 0.710816 6.65355
0,5,14 155.345 1.01411 6.28693 0.923294 5.99627
0,5,15 166.405 1.52368 10.6095 1.15302 5.65584
0,5,16 154.464 0.882655 6.31074 0.69268 6.83913
0,5,17 160.229 1.56118 12.0159 0.803604 7.27725
0,5,18 151.397 2.05225 10.5138 1.5638 9.4401
0,5,20 173.003 1.39364 14.1269 1.14793 9.91032
0,5,21 184.271 1.53089 5.89837 1.00644 3.50121
0,5,22 156.865 3.51476 10.8504 1.50659 4.97375
0,5,23 178.974 1.36675 5.58753 1.79579 4.42228
0,5,25 155.589 1.11766 7.85315 1.20514 6.90479
0,5,26 182.168 1.16223 6.68559 1.11348 11.2894
0,5,27 175.744 1.01795 5.80058 0.842209 9.00318
0,5,28 185.884 1.39442 15 0.739754 8.82135
0,5,29 187.306 1.31937 8.49566 1.36734 9.70521
1,0,1 222.948 4.07898 15 13.5015 4.38305
1,0,2 196.995 3.71261 15 2.32618 4.02046
1,0,3 209.026 3.27305 15 0.862891 4.66928
1,0,4 201.159 2.20418 4.70515 1.83499 5.51931
1,0,5 233.793 3.35779 15 0.796297 7.60352
1,0,7 196.315 4.0745 15 8.69867 5.94435
1,0,8 209.104 3.18493 15 2.63725 4.68161
1,0,9 206.754 2.74996 15 1.8277 6.81187
1,0,10 219.419 3.04721 15 1.26586 6.73586
1,0,11 197.823 2.79271 15 1.90047 6.3047
1,0,12 177.083 3.02324 1.13784 9.8097 8.75775
1,0,13 170.814 3.07348 5.56389 2.22319 9.25157
1,0,14 157.899 166.994 1.91538 12.1827 7.68493
1,0,15 199.091 2.18277 15 1.77431 5.45871
1,0,16 197.992 1.87018 11.5586 1.08081 10.2497
1,0,17 205.817 3.42922 1.00696 8.7439 13.4785
1,0,18 226.304 1.20313 15 0.607914 12.4431
1,0,19 194.117 2.359 15 0.83688 6.31864
1,0,20 217.672 1.13581 15 0.228318 13.6941
1,0,21 195.928 7.90603 1.54245 11.0604 7.05769
1,0,22 210.965 1.49303 14.2373 1.0166 10.9241
1,0,23 191.94 2.18209 15 1.45805 6.023
1,0,24 203.979 1.05574 15 0.198732 11.3943
1,0,25 212.158 2.39801 14.8119 8.08068 12.0012
1,0,26 220.983 1.35579 14.7785 0.932398 10.6767
1,0,27 221.236 2.51654 15 0.330836 14.0271
1,0,28 212.974 0.983521 15 0.152969 15.3857
1,0,29 208.504 1.90482 15 0.719142 12.3341
1,0,30 196.125 0.729669 15 0.0849573 21.9736
1,0,31 211.871 3.4489 15 0.292928 10.3995
1,0,33 199.623 2.58227 15 0.47597 10.3279
1,0,34 209.675 2.08107 15 0.58591 9.00579
1,0,35 197.032 2.68936 12.4125 1.77672 8.40286
1,1,0 225.644 2.90729 10.4732 2.81379 9.77198
1,1,1 237.907 1.03507 12.5792 0.714736 20.7546
1,1,2 228.2 2.01723 15 1.29212 8.53118
1,1,3 234.022 0.840639 15 0.185116 17.816
1,1,4 232.951 2.43251 15 0.39756 11.0809
1,1,5 234.706 1.30464 12.4663 0.988263 16.4134
1,1,6 201.533 4.66979 14.6336 13.5045 16.68
1,1,7 218.224 3.6422 2.69265 2.81881 28.7631
1,1,8 205.715 5.9165 1.74531 8.93097 8.33552
1,1,9 214.828 1.31952 6.15312 1.20964 24.4542
1,1,10 208.189 4.02148 3.06358 3.45404 9.67229
1,1,11 221.676 1.76833 13.4747 1.20233 23.8571
1,1,12 213.641 3.19292 12.5928 3.97516 7.77921
1,1,13 228.147 1.51099 14.9325 3.11603 12.7888
1,1,14 200.346 1.64413 3.95388 1.21124 6.9096
1,1,15 220.262 1.65054 12.0043 0.946852 14.2549
1,1,16 223.858 4.00403 15 0.685948 9.79481
1,1,17 234.746 1.47657 13.673 1.13398 15.5794
1,1,18 221.935 3.73974 14.5019 7.57925 6.11719
1,1,19 233.291 1.38038 15 1.12274 13.4306
1,1,20 215.785 3.01591 15 1.44858 5.17382
1,1,21 214.4 1.69611 9.03016 1.7047 9.71873
1,1,22 219.69 5.83929 15 0.813355 6.81547
1,1,23 206.553 1.82887 15 0.55203 9.16557
1,1,27 227.394 2.59363 12.5836 1.58622 11.0345
1,1,28 194.211 1.7313 5.91668 1.66735 4.95632
1,1,29 209.493 1.77032 15 12.2569 13.2993
1,1,30 226.936 8.01741 1.78973 13.3734 7.28575
1,1,31 234.051 3.11322 14.7822 12.0091 13.6562
1,1,32 211.471 4.15297 15 10.9155 5.68649
1,1,33 212.189 4.76223 15 1.01471 16.7528
1,1,34 208.173 8.00213 13.355 7.38047 8.84977
1,1,35 222.38 3.21914 12.3952 2.19223 6.35225
1,2,1 189.083 1.35851 14.6352 0.855561 12.5768
1,2,3 199.897 1.01041 15 0.172485 9.90182
1,2,5 215.423 0.733063 15 0.546701 11.5248
1,2,6 189.12 0.722409 10.6105 0.818002 33.9743
1,2,7 186.165 0.884438 9.8012 1.85644 59.4501
1,2,8 187.813 0.569272 15 0.102755 30.2369
1,2,9 220.175 0.512503 15 0.119121 16.1947
1,2,11 204.21 0.445186 15 0.0331577 20.9934
1,2,12 209.059 0.465132 15 0.028661 26.7614
1,2,13 214.038 0.469045 15 0.0164014 37.0313
1,2,15 213.376 0.732548 15 0.248469 10.0166
1,2,17 203.69 0.674895 15 0.962073 13.442
1,2,18 203.134 0.493832 15 0.062829 18.0063
1,2,19 199.691 0.728369 14.8509 0.516867 11.913
1,2,20 183.01 0.561626 15 0.12325 18.0009
1,2,21 208.052 0.579842 15 0.268941 17.0867
1,2,22 182.112 0.599291 15 0.280408 12.9141
1,2,23 188.721 1.1575 14.1117 0.770597 14.1617
1,2,24 191.828 0.802932 15 0.27787 20.733
1,2,25 196.414 0.98619 11.4501 1.27515 49.1548
1,2,26 207.969 0.977187 15 0.205345 21.2124
1,2,27 210.657 0.966082 15 2.14658 18.6924
1,2,28 187.214 1.84288 13.4582 1.15063 12.7701
1,2,29 198.625 1.8451 15 0.200272 9.59919
1,2,30 201.44 1.87039 11.4647 1.67427 7.64377
1,2,32 196.504 1.69401 15 0.742782 12.2057
1,2,33 190.691 1.99041 15 2.10213 4.43181
1,2,34 194.485 1.86719 15 1.03704 4.70776
1,2,35 206.101 2.64115 9.73289 2.58696 3.97966
1,3,0 224.645 1.03764 15 0.11605 21.7485
1,3,1 216.431 6.67667 1.73772 13.6182 7.75023
1,3,2 220.194 0.955923 15 0.324223 15.0999
1,3,3 206.147 1.43909 5.45316 1.54032 8.14302
1,3,5 228.206 3.5764 14.569 9.6079 5.92047
1,3,6 213.387 1.06134 15 0.237778 16.3106
1,3,7 208.751 2.68416 15 1.47965 9.55036
1,3,8 227.076 1.10802 15 1.15394 10.7814
1,3,10 207.659 1.05325 15 1.09031 20.1658
1,3,11 205.986 0.283605 1 11.9946 12.0624
1,3,12 229.022 1.2005 15 0.798377 18.7514
1,3,13 237.631 9.44762 13.6125 12.1639 11.6307
1,3,14 229.716 1.64814 15 0.214122 13.733
1,3,15 214.147 2.05167 9.31711 2.16955 8.68435
1,3,16 222.967 1.98656 15 0.212866 18.9016
1,3,17 222.391 1.51661 4.68241 1.13659 8.92384
1,3,18 210.03 1.38814 15 1.2113 20.4022
1,3,19 205.95 5.15134 1.31826 13.2531 5.81375
1,3,20 205.664 13.0201 1.24308 7.35996 12.6368
1,3,21 216.114 6.44293 1.4212 13.0832 8.323
1,3,22 223.848 1.34542 5.6759 1.19156 11.8535
1,3,23 215.444 9.97757 7.58299 5.60075 9.10285
1,3,24 228.544 1.24849 5.26376 1.75626 14.3597
1,3,25 207.824 1.97626 6.81791 1.90086 6.38255
1,3,26 232.195 2.6594 12.1337 2.84637 15.5725
1,3,28 221.836 1.29172 4.18482 0.740072 10.9069
1,3,29 216.396 2.54122 1.10054 10.2905 10.5047
1,3,31 227.469 5.25734 15 1.03055 8.90306
1,3,32 206.766 6.20343 1.5341 12.8216 8.62085
1,3,33 226.184 9.54527 1.56 9.2526 10.1464
1,3,34 209.669 2.42321 3.24362 1.63003 7.24416
1,3,35 220.371 101.867 2.76585 8.60984 8.52884
1,4,0 198.432 2.31865 12.6272 2.23183 12.9078
1,4,1 194.529 2.69177 13.023 2.29885 9.60422
1,4,2 192.135 1.24688 4.47511 0.927927 9.41899
1,4,3 181.688 4.507 15 1.47959 8.34365
1,4,4 198.754 0.833405 15 0.678991 22.8507
1,4,5 168.857 1.41016 6.63718 1.97984 7.79537
1,4,7 201.985 2.07456 15 1.57946 11.9494
1,4,8 177.153 1.29874 13.2354 0.892112 24.6482
1,4,9 178.05 2.43729 9.09505 2.08657 5.93387
1,4,10 204.786 1.35166 13.2423 1.27587 18.1235
1,4,12 190.659 0.91094 15 12.1961 8.80428
1,4,13 180.825 1.97348 15 1.53832 7.78803
1,4,14 188.753 1.28983 15 0.267679 12.3514
1,4,16 207.264 1.28764 14.7169 0.849613 17.36
1,4,17 185.933 2.90898 1.00404 7.00067 10.7413
1,4,18 211.288 1.2151 15 0.371146 14.5339
1,4,19 166.776 2.96756 1.18206 10.0706 10.1254
1,4,20 207.127 1.30945 15 0.561662 14.3066
1,4,21 186.224 8.58613 1.8808 13.5338 12.1787
1,4,22 197.079 3.20247 15 1.45544 11.4355
1,4,23 196.676 2.71319 14.5175 9.83431 5.27583
1,4,24 187.042 3.73074 15 0.749193 7.04277
1,4,25 167.12 4.2088 1.20056 10.7566 4.98298
1,4,26 172.213 1.88949 5.20216 1.56706 6.54696
1,4,27 166.238 4.00588 15 1.25093 5.95542
1,4,28 148.199 171.154 3.6215 11.7342 5.95223
1,4,29 186.481 11.9268 1.86232 12.8922 7.67999
1,4,30 161.821 70.3195 15 11.321 9.53887
1,4,31 208.124 2.50447 15 11.6433 3.77869
1,4,34 114.327 169.583 2.46218 7.73107 9.99299
1,4,35 213.018 3.06294 15 1.24802 4.43881
1,5,0 223.451 1.63791 15 0.444972 7.90367
1,5,1 194.862 1.67148 15 0.817519 7.9876
1,5,2 208.753 1.76601 11.9913 1.33509 5.82126
1,5,3 198.95 2.05788 15 1.1141 6.7912
1,5,4 209.63 2.11431 15 9.41608 7.78343
1,5,5 200.151 2.40764 15 0.838643 4.45894
1,5,6 214.606 2.14858 15 1.23025 3.80833
1,5,8 225.069 4.19432 15 0.86776 8.65387
1,5,9 195.328 4.68879 5.47074 11.1276 12.042
1,5,10 216.978 6.58283 1.00185 10.4494 4.29631
1,5,11 219.186 2.37259 15 1.41941 7.00767
1,5,12 228.492 3.36337 15 2.18382 7.10645
1,5,13 212.86 2.12093 15 1.79378 4.51744
1,5,14 228.213 1.92123 15 11.3142 8.73691
1,5,15 227.07 2.19756 15 0.614596 9.92826
1,5,16 218.608 2.15428 15 0.226495 9.47595
1,5,17 215.721 2.05897 15 0.282211 12.2194
1,5,18 212.256 1.4599 15 0.396987 10.0982
1,5,19 176.536 0.69264 1.01528 3.08734 22.0313
1,5,20 215.333 1.09754 15 0.248413 10.4372
1,5,21 222.768 2.88879 15 1.25388 5.55458
1,5,22 215.659 2.68316 15 0.711728 7.31359
1,5,23 217.242 2.6663 11.4841 2.02946 4.69376
1,5,24 228.731 3.0651 13.8934 1.90336 5.36489
1,5,25 211.454 4.33953 13.3423 3.23096 6.248
1,5,26 207.266 1.92745 11.7447 1.24872 10.4666
1,5,27 222.031 1.73038 15 0.930584 5.21742
1,5,28 209.464 1.96124 15 0.276477 11.9994
1,5,29 221.222 1.3391 15 0.27028 5.41659
2,0,0 191.548 1.00602 15 0.072911 2.36078
2,0,1 205.74 2.29512 15 0.825505 6.81486
2,0,2 186.865 3.22756 12.87 1.18128 1.17257
2,0,3 209.704 2.01626 15 1.43099 5.72788
2,0,4 187.794 4.06567 13.3076 2.73193 1.59578
2,0,5 205.209 2.33952 11.0419 1.62502 10.2664
2,0,6 180.913 2.16534 12.5431 1.26821 1.22634
2,0,8 189.236 2.95678 12.8107 1.88636 0.960512
2,0,9 186.162 1.76418 9.20651 1.05121 0.791167
2,0,10 187.929 2.29505 10.7111 1.08317 1.14576
2,0,11 188.531 3.0598 10.037 1.45309 1.23859
2,0,12 192.005 2.88868 11.5473 1.38407 1.80377
2,0,13 194.508 2.22595 9.44782 0.991219 1.22647
2,0,14 179.597 1.80742 8.99328 1.52487 2.3651
2,0,15 186.916 2.2882 10.9718 1.39214 1.23156
2,0,16 201.846 1.37135 12.2812 0.81129 13.1291
2,0,17 186.596 0.993273 7.12539 1.21408 2.15796
2,0,18 209.121 1.07742 15 0.637208 16.7214
2,0,19 198.482 9.5859 15 1.16387 2.10361
2,0,21 181.809 1.64437 10.1014 1.23485 1.96478
2,0,22 176.249 1.16573 6.20942 1.32977 61.9435
2,0,24 199.503 0.859877 12.8175 0.547088 17.1269
2,0,25 192.447 1.44323 9.31419 1.33062 2.77106
2,0,27 191.279 1.07308 7.56386 1.51798 3.80724
2,0,28 205.68 0.908089 14.3391 0.575208 19.5721
2,0,30 188.779 0.593695 15 0.26711 18.701
2,0,31 181.514 1.35867 7.97856 1.45589 3.1532
2,0,32 226.89 0.534645 15 11.3585 20.9276
2,0,33 201.087 1.01641 7.75939 0.941312 5.34663
2,0,34 200.964 2.49574 10.2322 2.08208 5.06485
2,0,35 185.905 2.82238 1.01026 11.9042 8.11822
2,1,0 193.683 1.05319 5.79282 0.999455 9.93705
2,1,1 238.507 0.675897 15 0.640273 22.2388
2,1,2 184.942 0.9927 5.28583 0.925287 4.95445
2,1,3 235.698 0.849368 15 0.146439 19.7848
2,1,4 204.002 0.951014 5.30835 0.848867 3.78239
2,1,5 224.202 0.860341 15 0.136382 15.402
2,1,6 208.153 1.9752 4.10949 2.64733 5.66048
2,1,7 227.961 1.18085 14.1121 0.741513 21.7534
2,1,8 206.775 1.10947 7.08274 1.11531 7.77151
2,1,9 232.193 1.25843 14.4647 0.820454 19.0294
2,1,10 211.503 3.4564 9.79278 1.39108 5.67865
2,1,12 228.94 3.60095 15 2.26929 3.47954
2,1,13 225.936 1.39645 15 0.290447 11.1113
2,1,14 216.834 1.83089 5.16766 1.46719 5.41053
2,1,15 246.298 1.20126 15 0.808488 22.6217
2,1,16 210.949 1.36098 5.00933 1.14307 6.25228
2,1,17 225.573 1.50724 15 0.314107 10.7445
2,1,18 197.644 2.42833 9.68275 2.79213 5.2333
2,1,19 239.332 1.33178 15 12.237 13.8808
2,1,21 208.913 1.70125 15 0.414347 10.0599
2,1,22 180.503 2.05165 8.35925 1.8738 3.88043
2,1,23 216.164 2.31775 14.8676 9.50036 9.8036
2,1,24 196.687 2.30844 8.54777 1.46144 2.74496
2,1,25 213.471 5.05917 14.1931 2.61202 9.42814
2,1,26 183.165 3.12529 11.4266 2.05551 2.65992
2,1,27 222.685 3.93482 13.9243 2.58947 7.17465
2,1,28 197.962 3.13859 9.33823 3.40455 3.41398
2,1,29 212.276 2.2237 15 0.919768 10.6829
2,1,31 229.95 2.14436 15 1.13003 8.63152
2,1,32 198.266 3.06366 15 1.4933 2.2776
2,1,33 220.01 2.46877 15 0.944009 7.74213
2,1,35 205.689 1.159 1.01322 13.0305 10.3762
2,2,0 137.937 0.682608 12.8537 0.461652 30.9883
2,2,1 149.112 0.721502 12.9333 0.474728 11.9095
2,2,2 132.923 0.556806 12.6451 0.396871 14.883
2,2,5 148.924 0.686601 13.319 0.427382 8.27409
2,2,6 147.058 0.604159 11.9771 0.411633 10.5169
2,2,7 148.335 0.575094 13.3991 0.390033 13.5494
2,2,9 130.303 0.418606 14.7272 0.286672 21.7152
2,2,10 130.772 0.265974 15 0.0393174 33.7816
2,2,11 135.351 0.294849 15 0.15278 23.9253
2,2,12 150.31 0.436407 13.8667 0.321827 37.4163
2,2,13 143.644 0.432692 13.6385 0.295047 15.7487
2,2,14 134.468 0.444452 13.2816 0.285991 10.1703
2,2,15 136.203 0.811283 11.8001 0.462963 9.21249
2,2,16 161.216 0.946267 12.168 0.55698 5.14155
2,2,17 147.112 0.951285 10.3479 0.620751 4.70425
2,2,18 130.308 0.446177 10.2218 0.356402 13.7574
2,2,20 150.955 0.704102 12.2322 0.46798 8.84221
2,2,23 148.076 0.803696 7.8182 0.637316 8.5539
2,2,24 148.156 1.22398 12.3754 0.837199 8.02228
2,2,25 133.127 0.968066 7.39886 0.800662 4.74993
2,2,27 130.195 1.32617 10.7678 0.874975 3.14888
2,2,28 128.772 1.48456 13.168 1.51073 2.86082
2,2,29 135.378 0.701842 4.6958 0.602236 4.53567
2,2,30 153.138 1.45773 9.59713 1.01722 5.19642
2,2,31 134.544 1.14457 5.21325 0.913015 4.84814
2,2,32 151.659 1.16835 7.41938 1.0295 2.8054
2,2,33 157.456 1.72482 7.86665 0.934678 8.88117
2,2,34 155.835 3.11494 10.9373 2.4688 3.01164
2,2,35 143.136 1.47608 7.58144 1.39522 3.47729
2,3,1 161.77 0.769095 5.18102 0.629919 11.7764
2,3,2 162.553 0.884307 14.9582 1.70597 28.5269
2,3,5 144.705 0.856488 6.91324 0.796586 19.3779
2,3,8 145.839 3.10101 1.15278 13.9236 24.2403
2,3,9 163.577 1.64654 12.3894 1.13559 9.63936
2,3,10 144.528 0.4462 5.65457 0.407553 23.0485
2,3,11 177.038 1.40826 8.03252 1.18391 10.1884
2,3,12 174.704 1.25103 13.841 0.805143 23.2715
2,3,13 160.257 1.30425 7.75531 1.66632 9.12766
2,3,15 160.016 1.56289 15 2.30971 9.44942
2,3,16 158.935 0.890558 5.11817 1.41118 14.7607
2,3,17 145.871 3.23924 1.43252 13.1939 8.31167
2,3,18 153.446 1.37942 10.8863 1.5495 8.67097
2,3,19 147.848 3.31166 11.5908 1.16584 7.15624
2,3,20 144.246 1.40608 11.1183 0.781063 10.5991
2,3,21 153.561 2.60519 9.61706 1.33612 8.10358
2,3,22 151.684 0.837337 3.12201 0.457594 18.0834
2,3,23 164.685 1.00129 5.18674 0.933945 7.19206
2,3,24 149.992 0.967765 4.52714 0.865061 9.76575
2,3,25 136.79 2.64527 1.28002 2.89434 9.23753
2,3,26 157.785 1.46506 15 8.88711 10.5114
2,3,27 156.146 2.04373 1.18041 8.84401 6.21388
2,3,28 156.638 0.474385 1.21766 0.256743 9.00648
2,3,29 145.735 0.795564 4.23973 0.963212 7.86155
2,3,30 162.272 2.18638 15 2.47394 10.6694
2,3,31 136.781 3.50184 1.29838 8.37301 6.26392
2,3,33 166.863 2.02587 1.7514 1.84002 10.7814
2,3,34 172.328 1.45396 4.84576 0.761012 14.723
2,4,0 188.065 0.946011 7.35694 1.19967 11.8305
2,4,1 184.995 0.162038 1.09851 9.78663 12.4503
2,4,2 162.97 0.615418 4.53163 0.450334 18.1795
2,4,4 185.861 0.450883 15 0.0763357 41.9477
2,4,5 147.025 4.34257 1.75493 7.49814 61.0083
2,4,6 191.183 0.43261 9.32795 0.602751 46.0087
2,4,7 154.637 0.514248 4.66865 0.483627 24.7459
2,4,8 182.933 0.71297 10.6989 1.04077 38.4759
2,4,9 166.399 0.205679 1.35634 0.199173 19.0698
2,4,10 189.43 0.499947 9.21952 0.746121 33.5427
2,4,11 166.744 0.740612 5.10133 0.8504 19.7295
2,4,12 178.835 0.669224 14.2863 0.427277 37.6411
2,4,13 145.747 2.17147 1.8721 11.8671 26.7938
2,4,15 165.078 0.680701 5.13141 0.484251 23.0882
2,4,16 187.826 0.658336 7.85457 0.763803 45.1177
2,4,19 156.466 27.8292 1.64632 9.67635 22.7714
2,4,20 191.602 0.834086 13.7059 0.694288 25.5022
2,4,21 156.344 2.72063 1.27895 10.4847 14.7254
2,4,23 183.371 3.29429 14.3921 1.62768 14.3255
2,4,24 161.871 2.1452 12.2938 1.55904 20.5939
2,4,25 176.569 9.12807 1.67896 13.4653 7.79298
2,4,27 191.663 1.26008 5.12644 0.900236 15.3804
2,4,28 172.042 3.15115 14.5376 1.68569 11.8698
2,4,29 192.048 1.3759 5.94744 0.943078 11.5772
2,4,30 166.825 6.99038 1.67161 10.6224 23.2544
2,4,31 175.588 0.415714 1.03338 9.11012 6.9593
2,4,33 175.866 1.07609 1.07293 9.12854 5.78762
2,4,34 189.869 2.09096 4.62695 1.59193 8.18786
2,5,1 137.867 1.47763 12.4032 0.738508 25.798
2,5,2 120.565 0.691026 3.62237 0.448039 14.1718
2,5,5 116.848 1.47809 1.10808 1.72535 11.6442
2,5,6 127.129 1.54364 12.8746 1.12488 10.6219
2,5,7 117.569 1.43442 6.21211 1.05349 16.5373
2,5,8 146.469 1.40733 11.7052 1.26629 9.64126
2,5,9 125.736 1.40183 1.02416 13.9518 13.9695
2,5,10 134.834 1.60328 10.7808 0.89756 7.0742
2,5,11 133.314 1.4975 11.2326 0.994094 9.28547
2,5,12 135.847 1.44728 1.08182 11.5367 13.352
2,5,13 138.743 1.22021 10.3793 0.881873 6.89315
2,5,16 123.509 0.511874 4.56596 0.39088 14.8269
2,5,18 136.019 1.72705 12.0241 0.887926 18.3547
2,5,19 126.013 0.356112 4.39414 0.658762 25.0672
2,5,21 140.794 1.03834 3.72411 0.666508 9.09588
2,5,22 126.114 2.53884 1.85075 10.7301 20.3247
2,5,23 137.453 1.85838 8.9412 1.39449 5.68844
2,5,24 143.443 1.53982 9.07997 1.98312 8.49158
2,5,25 143.325 0.719374 5.09163 0.574891 9.51143
2,5,26 139.601 0.982786 4.40722 0.94089 7.64604
2,5,27 149.739 1.19991 10.799 1.33147 13.3893
2,5,28 145.592 0.768741 6.75763 0.79302 9.79459
2,5,29 146.984 1.14113 5.71287 0.751993 15.8515
3,0,0 165.066 1.65499 6.06384 1.31996 4.53821
3,0,1 146.663 8.10226 1.78104 12.2433 5.33143
3,0,2 155.936 1.23185 5.39843 1.16338 4.71351
3,0,3 171.176 1.90951 15 1.19808 6.51342
3,0,4 164.529 1.1633 4.60229 1.09414 5.54218
3,0,5 156.252 3.49048 1.71554 11.6225 5.78716
3,0,7 156.797 5.30645 1.41519 12.078 4.67182
3,0,9 165.101 3.77506 1.30107 7.95785 8.05737
3,0,10 162.242 1.28707 5.24827 1.14641 5.35268
3,0,11 165.693 0.394867 1.34328 0.749304 10.8219
3,0,12 156.273 0.892403 6.45062 1.25785 9.43935
3,0,13 152.335 1.1262 5.49314 0.953059 5.63113
3,0,14 158.92 1.32398 9.15232 1.70317 4.58786
3,0,15 154.916 2.01759 14.6185 1.04288 7.37987
3,0,16 162.035 0.568098 6.83087 0.703579 14.8442
3,0,17 145.729 2.03558 1.05797 13.9702 6.6336
3,0,18 153.513 0.647485 7.49638 0.71259 14.3867
3,0,19 163.86 0.748904 5.6849 0.703009 9.43381
3,0,22 179.169 0.787854 8.59828 0.893878 20.779
3,0,24 177.395 0.676287 11.0142 0.4707 22.8657
3,0,25 175.144 0.954534 12.6031 0.873641 11.5177
3,0,26 173.483 0.646372 8.51316 0.635231 27.4561
3,0,27 142.519 0.714041 4.64374 0.56263 9.30024
3,0,28 161.515 0.640609 11.177 0.442141 35.3514
3,0,29 145.741 2.05786 13.8262 1.32359 13.1374
3,0,30 174.202 0.455234 7.37606 0.565219 46.6152
3,0,31 173.766 1.01893 10.0409 1.24777 15.0193
3,0,33 149.52 1.32831 3.06489 0.873031 12.8748
3,0,34 143.387 3.01738 7.02409 2.8902 11.4568
3,0,35 146.127 2.33028 1.6685 7.5237 8.21387
3,1,0 172.255 1.51616 12.5369 0.786822 17.6581
3,1,1 164.781 0.389652 15 0.0978097 45.2577
3,1,2 170.894 1.81724 13.6487 0.94905 13.5382
3,1,3 169.661 0.387632 15 0.301006 45.7619
3,1,4 160.054 1.66784 13.012 0.955321 15.0276
3,1,5 163.565 0.46987 15 0.0918014 65.251
3,1,6 168.476 1.37706 15 10.0084 11.5048
3,1,7 165.675 0.482136 8.11365 0.479279 35.0087
3,1,8 156.077 1.74934 1.00666 8.53007 13.4872
3,1,9 173.225 0.530886 15 8.75565 30.2372
3,1,10 156.56 2.30378 1.20964 9.44596 12.4768
3,1,11 183.893 0.972289 13.0859 0.744046 29.2941
3,1,13 180.954 0.658463 15 1.53904 33.4166
3,1,14 145.715 2.19611 1.22403 12.9578 11.2461
3,1,15 178.003 0.976168 13.1039 0.567177 24.7801
3,1,16 163.557 0.848252 5.0486 0.711168 16.9573
3,1,17 170.316 1.96392 11.6171 1.40319 22.2446
3,1,19 164.39 1.30201 14.1115 0.70053 22.3397
3,1,20 163.793 0.94798 4.95597 0.553381 14.6028
3,1,21 163.357 1.68207 11.3394 1.22185 14.5418
3,1,22 154.137 1.01092 4.55774 0.554526 11.4517
3,1,23 170.233 1.70023 12.2083 0.877537 18.3023
3,1,25 180.172 1.42781 12.0653 0.949724 16.782
3,1,26 156.663 0.417369 1.11264 0.276848 13.9806
3,1,28 179.325 5.96201 14.5723 12.7249 13.7186
3,1,29 145.687 1.6005 1.24385 11.3286 11.6393
3,1,30 162.945 1.38951 8.32926 1.78572 5.40582
3,1,31 156.974 3.40215 1.69744 2.6909 16.0682
3,1,32 158.819 3.66124 9.5211 2.27915 7.51406
3,1,33 153.479 0.703613 4.70126 0.524108 13.9777
3,1,34 156.439 0.352445 1.37291 0.328915 11.7214
3,1,35 143.475 0.804591 4.46889 0.518382 11.8254
3,2,0 156.88 0.73528 13.7692 0.455556 6.51661
3,2,1 145.113 0.669274 13.7639 0.431704 18.3586
3,2,4 158.782 0.590251 14.3086 0.416125 5.06132
3,2,5 169.765 0.541464 13.139 0.416016 6.4613
3,2,7 177.047 0.43107 14.0849 0.367115 12.6635
3,2,11 160.183 0.376883 15 0.051891 35.6362
3,2,12 170.031 0.412585 15 0.140201 46.6168
3,2,13 167.277 0.303683 15 0.061791 33.323
3,2,14 156.851 0.293956 15 0.0299989 24.6065
3,2,18 157.584 0.284996 15 0.102468 18.5155
3,2,19 166.076 0.268935 15 0.193757 17.5719
3,2,20 150.381 0.293759 15 0.0584816 18.7992
3,2,22 154.96 0.622564 14.4056 0.434288 10.8108
3,2,23 155.82 0.606756 14.1804 0.472476 12.0244
3,2,24 148.465 0.617526 13.9239 0.490794 10.1585
3,2,25 136.072 0.447975 7.24164 0.46374 12.3207
3,2,27 137.165 0.424676 6.38111 0.584351 15.711
3,2,28 148.025 0.787905 9.74503 0.70815 6.20175
3,2,29 160.321 0.906426 8.74632 0.839458 10.9458
3,2,30 143.214 1.02692 11.6674 0.582385 6.47032
3,2,31 161.201 1.27975 12.8758 0.899651 7.77295
3,2,32 161.291 1.24515 10.7518 0.808858 6.4583
3,2,33 159.242 1.49484 10.0158 1.41304 6.42193
3,2,34 150.584 1.31166 8.09099 1.68265 5.79845
3,2,35 165.783 0.92877 6.0798 0.845276 6.08998
3,3,0 176.086 1.73802 1.85443 2.59428 39.8967
3,3,1 173.505 0.82571 5.94228 0.733261 13.1705
3,3,2 173.293 0.498033 15 0.365837 37.7685
3,3,3 165.899 5.90635 1.7318 13.63 11.5836
3,3,6 178.352 0.777927 4.32358 0.995825 34.1181
3,3,8 183.545 0.435761 5.81023 0.341855 36.1116
3,3,10 174.836 0.497834 6.3717 0.389942 23.2078
3,3,12 190.138 0.670861 8.21762 0.530872 39.0724
3,3,16 156.085 1.15736 1.08044 9.32486 18.0004
3,3,17 169.478 1.19393 3.37957 0.875236 13.889
3,3,18 175.564 2.35185 1.11268 13.0203 25.7677
3,3,19 175.707 4.55778 1.73934 13.6298 13.2897
3,3,21 175.497 0.173527 1.00075 13.6246 13.9645
3,3,22 165.53 3.81868 1.85255 13.4849 20.5192
3,3,23 166.278 8.01001 1.38478 13.6263 16.9511
3,3,25 160.682 1.44779 3.52262 0.913415 11.0594
3,3,27 176.155 0.853597 5.59828 0.66875 11.1735
3,3,29 142.989 1.17435 4.37158 0.842865 15.1472
3,3,30 161.285 0.615722 6.90246 0.516653 15.5443
3,3,32 166.406 0.336623 1.56007 0.37237 15.9331
3,3,33 156.505 8.1716 1.5795 13.5033 6.12487
3,3,34 156.391 8.64079 1.66537 13.648 9.18031
3,3,35 167.531 3.22223 11.897 1.95226 8.44649
3,4,0 157.6 1.2034 11.0873 1.32632 8.79432
3,4,1 169.938 0.968347 5.15826 1.00916 10.2781
3,4,2 135.601 4.63764 1.40862 11.7849 16.3897
3,4,3 142.155 0.933495 4.91388 0.754567 11.651
3,4,4 156.467 0.895834 9.08385 0.886311 32.4512
3,4,6 174.535 0.720737 12.0342 0.74294 33.8357
3,4,9 136.51 20.8757 1.30919 12.532 14.8854
3,4,10 154.465 0.504242 6.28718 0.497437 27.0878
3,4,11 146.945 6.01072 1.61867 9.11564 11.3236
3,4,13 156.947 3.88121 1.74262 10.1329 12.2817
3,4,14 175.391 0.901252 12.069 0.619574 25.8844
3,4,15 161.718 1.77616 15 0.834378 14.7056
3,4,17 138.602 4.64142 2.4865 2.86643 12.0311
3,4,18 161.83 1.05021 12.88 0.961796 27.7142
3,4,19 145.694 2.73775 1.31531 13.6387 11.7346
3,4,20 155.994 0.978288 12.1339 0.917475 18.5435
3,4,21 146.113 3.21385 1.47459 11.9477 11.7623
3,4,22 145.973 1.57288 11.5911 1.31656 8.87151
3,4,23 150.473 1.30612 3.69297 0.86167 7.58048
3,4,24 172.968 3.99328 15 9.46282 13.1729
3,4,25 149.155 3.6898 2.56836 2.1137 10.4331
3,4,26 178.811 2.87256 9.54477 1.80921 10.9711
3,4,27 136.786 7.96327 1.61791 11.9206 12.6397
3,4,29 164.952 3.09336 15 9.73608 10.1679
3,4,30 161.986 5.37807 11.666 2.08565 7.91077
3,4,33 151.418 1.05153 4.38212 0.747825 10.4751
3,4,34 166.508 9.11307 1.77686 13.4907 8.9051
3,4,35 168.065 2.45048 3.6705 2.65394 8.86508
3,5,0 136.269 1.74905 1.04319 11.0687 16.1289
3,5,2 141.873 0.645893 4.55959 0.495157 12.8463
3,5,3 156.295 1.89872 1.13226 8.6375 12.2249
3,5,4 143.132 0.640918 3.98579 0.468661 11.462
3,5,5 153.879 0.732905 4.94319 0.622971 14.8688
3,5,6 142.556 1.14867 5.40873 1.09073 7.86605
3,5,7 161.85 2.6475 14.1032 1.34311 7.78421
3,5,8 155.871 2.26371 14.4995 1.5948 11.6018
3,5,9 171.097 1.7353 12.9289 1.11967 9.76603
3,5,10 135.49 1.67519 1.0284 7.98556 19.9917
3,5,11 171.051 1.62354 15 2.63001 8.90902
3,5,12 126.911 2.30911 1.31412 1.86701 16.0217
3,5,13 168.557 1.73742 15 0.328248 13.8887
3,5,14 140.572 0.925703 3.41496 0.559251 11.7838
3,5,15 172.552 1.52323 12.8442 0.793158 15.5299
3,5,17 154.311 1.788 14.8887 1.89891 18.0002
3,5,18 150.246 1.42628 13.367 0.83839 20.0762
3,5,20 149.335 0.580591 4.05323 0.539576 23.0549
3,5,21 171.505 1.09044 5.06655 0.97459 6.73146
3,5,22 175.738 2.99486 1.23438 13.8678 9.27581
3,5,23 155.604 2.48231 1.04174 8.00087 7.77553
3,5,24 186.115 2.46491 9.94623 2.58913 10.9163
3,5,25 170.61 1.67169 12.9628 1.15936 10.8684
3,5,26 176.436 6.45964 1.64722 11.9076 12.6518
3,5,27 175.127 0.611683 5.88296 0.648712 13.9888
3,5,28 164.033 0.637227 6.31818 0.674193 13.0752
3,5,29 182.346 0.652375 7.05216 0.787778 22.1723
4,0,0 68.1709 0.833537 5.56987 0.798293 1.42839
4,0,1 81.8631 1.24846 10.5899 0.883147 1.9881
4,0,2 68.968 1.00148 6.90471 0.823005 1.221
4,0,3 82.8251 1.15577 12.3611 0.997411 1.65962
4,0,4 71.2994 1.50726 10.0881 1.07568 1.17569
4,0,5 88.5636 0.878408 10.0446 0.546261 2.02598
4,0,6 77.9006 1.20775 7.18192 0.826871 1.45718
4,0,7 82.8207 1.3654 10.5697 0.92836 2.33394
4,0,8 78.1405 1.1061 8.25504 0.835073 1.45814
4,0,9 77.0313 0.807902 7.08 0.699428 2.36378
4,0,10 78.9751 1.04323 8.54801 0.758175 3.67045
4,0,11 90.7976 1.02275 9.8997 0.63992 1.77602
4,0,12 72.6716 0.81311 8.12654 0.613608 2.08423
4,0,13 87.6371 0.969773 8.34569 0.661793 2.47809
4,0,14 70.9195 0.809964 8.52706 0.572247 3.03279
4,0,15 67.8 0.843531 10.5826 0.572237 1.18608
4,0,16 84.9979 0.360095 8.4481 0.209939 5.85213
4,0,17 72.7593 0.774565 9.65099 0.494793 2.30344
4,0,18 90.5838 0.352853 8.2739 0.19369 12.2039
4,0,19 80.6141 0.813071 10.2601 0.596873 2.70722
4,0,20 93.0469 0.31771 9.27047 0.171141 8.87444
4,0,21 85.3317 0.772884 7.66319 0.452441 3.12445
4,0,22 88.2255 0.325993 8.7381 0.181623 8.28999
4,0,23 82.5829 0.662762 8.29847 0.50279 2.35327
4,0,24 85.186 0.269823 7.54245 0.158816 10.4751
4,0,25 82.4108 0.683168 8.31327 0.430145 2.76072
4,0,26 79.3981 0.282336 9.03827 0.160286 14.1379
4,0,27 80.0012 0.751749 9.3391 0.420276 2.75728
4,0,28 83.7663 0.229426 8.44724 0.143094 13.9763
4,0,29 85.9197 0.772456 9.47471 0.466625 3.01139
4,0,30 73.9059 0.215441 8.5076 0.133649 17.2134
4,0,31 75.3777 0.745826 9.15558 0.449849 3.2709
4,0,32 83.6937 0.226123 9.0431 0.132396 16.9498
4,0,33 93.1279 0.709707 9.14598 0.474251 2.58612
4,0,34 93.2154 0.778866 10.485 0.455638 2.74514
4,0,35 89.5769 0.671647 9.36154 0.511073 2.44816
4,1,0 88.2093 0.827241 10.2451 0.568766 1.6619
4,1,1 84.0318 0.326024 9.99388 0.213941 8.55048
4,1,2 90.9414 1.02489 13.1015 0.679015 3.0637
4,1,3 95.2862 0.337261 10.34 0.204925 6.87589
4,1,4 98.5387 0.770133 8.77424 0.621717 2.83084
4,1,5 87.8097 0.353055 9.36214 0.232262 6.23065
4,1,6 94.4258 0.982547 8.78636 0.680344 2.59213
4,1,7 98.5204 0.39184 10.0277 0.277211 6.3312
4,1,8 94.8332 0.905539 11.3397 0.669454 3.19815
4,1,9 97.8551 0.454847 9.89507 0.307792 4.17379
4,1,10 92.2067 0.890005 10.2923 0.575771 1.99721
4,1,11 93.7548 0.510076 10.5129 0.303061 4.07401
4,1,13 84.8208 0.555534 11.0174 0.398589 3.67541
4,1,14 78.7218 0.956847 10.0377 0.695717 1.61867
4,1,15 79.6576 0.627827 9.50216 0.359702 4.85133
4,1,16 90.0764 1.17054 10.8503 0.765202 2.24434
4,1,18 81.4279 1.10502 9.56155 0.736971 2.42267
4,1,19 101.296 0.7014 8.63832 0.46955 3.15477
4,1,20 83.3002 1.31258 12.5262 1.06791 2.08921
4,1,21 98.2787 0.922546 10.9712 0.574082 3.42372
4,1,22 101.608 1.35791 11.8255 0.826538 2.13735
4,1,23 99.8653 0.897782 10.5177 0.786472 2.36937
4,1,24 96.3879 1.32403 9.36847 0.965757 0.947785
4,1,25 99.3547 0.780368 8.62516 0.547639 2.85164
4,1,26 94.8614 2.71628 10.4729 1.62878 2.91797
4,1,27 101.758 1.03675 8.81764 0.822171 3.21955
4,1,28 103.788 1.57397 11.1141 1.17981 1.44814
4,1,29 102.555 1.38299 11.9984 1.17151 3.56723
4,1,30 83.8877 1.97389 13.0357 1.56745 1.51091
4,1,31 102.498 1.90397 12.6079 1.32899 1.66771
4,1,32 105.909 1.94906 12.3183 1.45435 1.71836
4,1,33 86.2987 1.14927 9.96489 0.732529 2.08931
4,1,34 104.904 2.81156 13.0739 2.19423 2.21114
4,1,35 97.9723 1.63678 10.6507 1.09496 1.1394
4,2,0 65.056 0.191581 8.81022 0.135885 9.36899
4,2,1 64.8766 0.180262 8.93726 0.129548 9.10731
4,2,2 62.3118 0.168692 9.28616 0.121274 8.60488
4,2,3 64.2947 0.230167 8.02756 0.147525 8.57369
4,2,4 63.7528 0.192988 8.31848 0.130587 9.59998
4,2,5 73.4293 0.164698 8.33507 0.115478 13.7572
4,2,6 59.6625 0.143298 9.16711 0.098823 24.2468
4,2,7 64.5677 0.137183 8.92634 0.0943513 24.7377
4,2,8 61.4832 0.153217 10.5554 0.109738 24.8024
4,2,9 73.2877 0.171401 10.5825 0.136642 18.0655
4,2,10 65.6186 0.218671 10.041 0.169512 18.2733
4,2,11 67.3978 0.23016 10.6243 0.187205 15.1379
4,2,12 71.5598 0.192405 10.2566 0.150929 20.1067
4,2,13 59.1736 0.143526 10.3673 0.109545 19.2367
4,2,14 72.0026 0.135295 9.90377 0.0959937 27.6956
4,2,15 71.4901 0.2202 8.42278 0.142171 4.52922
4,2,16 63.7341 0.229609 8.50742 0.16313 5.6622
4,2,17 60.3616 0.239633 8.31736 0.174347 4.57145
4,2,18 61.2762 0.142475 9.53134 0.0929708 21.0884
4,2,19 73.1372 0.157862 8.44603 0.104907 16.6052
4,2,20 67.9699 0.180343 8.60993 0.116747 12.4819
4,2,21 71.1859 0.204715 8.46532 0.132616 7.53358
4,2,22 62.5658 0.234519 8.71476 0.160396 6.34896
4,2,23 61.5366 0.289705 8.63421 0.20227 5.81408
4,2,24 66.6695 0.301565 8.23947 0.211509 5.58619
4,2,25 72.9209 0.341976 8.22488 0.220892 3.96784
4,2,26 65.4879 0.368499 8.00268 0.258941 3.62767
4,2,27 55.4461 0.414795 7.63357 0.266014 2.21639
4,2,28 70.4069 0.456177 8.00471 0.334211 2.3181
4,2,29 61.0394 0.457921 7.86785 0.366096 1.63294
4,2,30 61.5721 0.602383 7.93767 0.401145 2.691
4,2,31 71.4199 0.605269 7.32284 0.394211 2.41729
4,2,32 67.3747 0.780982 9.27094 0.702609 1.82791
4,2,33 63.9029 0.885711 8.16235 0.525135 3.28562
4,2,34 68.4554 1.04239 8.95459 0.811477 1.64497
4,2,35 60.6478 0.713274 6.71465 0.496357 1.38167
4,3,0 67.0322 0.236843 8.26406 0.171295 33.2456
4,3,1 58.6956 0.42566 5.81277 0.300004 3.64331
4,3,2 63.3744 0.260364 8.59086 0.1753 19.2693
4,3,3 68.5601 0.481319 6.65374 0.341184 4.13556
4,3,4 70.2678 0.273004 9.99816 0.162492 26.5104
4,3,5 59.1624 0.535613 7.39538 0.372063 4.52603
4,3,6 62.9589 0.306686 9.84175 0.193378 16.6373
4,3,7 69.7515 0.699418 9.00829 0.363279 6.95037
4,3,8 52.6055 0.217445 4.84963 0.173311 17.9228
4,3,9 65.1129 0.096383 1.26275 0.303323 5.35169
4,3,10 53.9185 0.302661 5.23854 0.244671 13.2757
4,3,11 68.5597 0.534584 6.02297 0.406806 3.09256
4,3,12 63.2499 0.917165 7.09799 0.744542 17.0273
4,3,13 62.4216 0.466054 4.37387 0.324481 5.39302
4,3,14 66.9659 0.238224 5.20808 0.25343 7.99967
4,3,15 56.1356 1.83189 1.06226 11.8402 2.56847
4,3,16 63.6706 0.409256 5.14997 0.329808 10.7408
4,3,17 63.7277 0.705155 8.53315 0.481477 2.08364
4,3,18 67.4495 0.495159 6.07219 0.329853 6.81239
4,3,19 61.808 0.635483 4.89405 0.511992 4.79719
4,3,20 70.4502 0.489284 5.15375 0.486301 9.40486
4,3,21 71.2043 0.942751 7.22637 0.723393 3.20304
4,3,22 55.3936 0.505477 5.32494 0.380056 6.68217
4,3,23 59.2788 1.31628 9.95808 0.953773 1.83535
4,3,24 64.8246 0.759801 7.63108 0.405802 4.41936
4,3,25 76.0206 1.07912 8.91799 0.80441 2.36886
4,3,26 60.148 0.758289 8.92594 0.48617 5.28777
4,3,27 68.3957 1.07663 6.58212 0.638937 3.44556
4,3,28 69.475 0.789538 7.33887 0.48609 3.51684
4,3,29 67.6073 0.836472 5.67446 0.647456 2.03117
4,3,30 58.8086 0.691018 6.13339 0.454551 3.30994
4,3,31 76.4442 1.80364 8.17025 1.08559 3.43037
4,3,32 56.8398 0.528502 4.6711 0.458168 2.27679
4,3,33 76.8928 1.86751 10.6469 1.23325 1.63177
4,3,34 56.5506 1.59671 1.0728 8.43603 2.3536
4,3,35 47.1941 2.67716 1.34765 1.80716 3.3708
4,4,0 65.2096 0.440504 8.67717 0.312049 4.06878
4,4,1 72.4968 0.47087 5.69149 0.418949 4.9146
4,4,2 68.6301 0.666928 8.54512 0.351848 4.43257
4,4,3 68.2755 0.514583 8.37493 0.45873 3.47679
4,4,4 65.2576 0.166554 10.011 0.125705 15.7747
4,4,5 63.8891 0.558914 8.08476 0.294886 3.64384
4,4,6 69.2971 0.141294 8.11954 0.124669 21.963
4,4,7 70.5527 0.513875 8.7469 0.290513 4.74273
4,4,8 70.9366 0.175473 8.26184 0.178171 30.0089
4,4,9 69.5713 0.635605 8.74919 0.384914 3.53575
4,4,10 64.3726 0.174278 10.1277 0.117727 22.3789
4,4,11 53.3711 0.396148 4.94925 0.307926 5.30551
4,4,12 77.1065 0.182275 9.17936 0.141986 13.8421
4,4,13 47.2121 0.282535 1.40973 0.165916 7.04483
4,4,14 68.859 0.223102 9.45272 0.151335 13.4498
4,4,15 52.9196 0.652473 6.46251 0.520817 2.83257
4,4,16 74.0054 0.249694 8.13355 0.187327 11.5389
4,4,17 57.0448 0.820171 7.89902 0.582995 4.15592
4,4,18 66.773 0.248509 9.15561 0.180971 5.61091
4,4,19 64.943 0.630375 8.8229 0.412504 2.11465
4,4,20 63.8231 0.324671 9.52752 0.267868 11.9423
4,4,21 58.5963 0.705443 7.45934 0.44231 4.64633
4,4,23 54.0788 0.732246 8.49439 0.430543 3.81214
4,4,24 60.0401 0.807086 8.2958 0.607738 1.46497
4,4,25 56.173 1.82202 1.09477 10.7155 3.06497
4,4,26 61.8392 1.0042 8.8313 0.680812 1.33727
4,4,27 69.1927 0.659221 5.78952 0.76637 2.36651
4,4,28 63.5579 0.825701 7.88733 0.501901 2.06902
4,4,29 66.0067 1.13992 11.0278 1.31093 2.81299
4,4,30 75.8136 0.818717 6.31028 0.645741 2.2598
4,4,31 73.9638 0.954139 5.39393 0.748713 5.43092
4,4,32 74.7839 1.0376 8.32164 0.982048 2.51607
4,4,33 66.6117 1.18741 7.0594 0.823511 3.58276
4,4,34 74.1363 0.74519 5.04614 0.539302 2.99817
4,4,35 57.1559 2.33102 1.3541 1.42064 5.94709
4,5,0 56.6035 0.261423 8.58561 0.16037 11.0934
4,5,1 47.8528 0.396978 7.76076 0.293675 6.28304
4,5,2 52.0948 0.401456 8.38572 0.228583 8.7665
4,5,3 60.164 0.353889 7.78021 0.317145 5.62231
4,5,4 50.6194 0.437681 6.88162 0.215727 9.10981
4,5,5 52.011 0.593332 8.05846 0.318186 4.27308
4,5,6 48.7464 0.694271 8.36843 0.50684 5.02538
4,5,7 50.7913 0.591396 7.49391 0.595244 2.67407
4,5,8 56.4188 1.33716 1.40188 1.25213 4.88443
4,5,9 56.0862 0.979128 7.67062 0.741918 4.67232
4,5,10 68.3969 0.700332 7.66038 0.470627 2.68698
4,5,11 59.9603 0.504299 7.97824 0.478079 2.43611
4,5,12 64.4225 0.538613 7.05869 0.328206 3.58494
4,5,13 62.7141 0.551713 8.21095 0.444243 4.3294
4,5,14 57.8854 0.47021 7.82892 0.291866 5.07552
4,5,15 66.3918 0.41796 6.78738 0.31202 4.98006
4,5,16 52.5572 0.253357 5.07436 0.202597 7.1778
4,5,17 63.1707 0.38317 8.31587 0.276933 7.47688
4,5,18 56.8323 0.250101 8.66543 0.172259 8.0303
4,5,19 64.8645 0.242921 8.41778 0.16755 6.64232
4,5,20 58.887 0.209869 7.01189 0.144705 6.31078
4,5,21 56.2344 0.969583 6.35821 0.697137 2.92609
4,5,22 61.4698 0.598577 8.88086 0.804008 1.75036
4,5,23 60.3091 0.583552 8.87883 0.362252 3.31042
4,5,24 64.278 0.390696 4.76232 0.292499 6.91982
4,5,25 59.2516 0.564009 6.14579 0.282861 5.0793
4,5,26 63.1298 0.470333 5.7191 0.427908 5.61699
4,5,27 61.0481 0.417623 7.68552 0.238712 6.13224
4,5,28 59.3395 0.432315 7.3809 0.250756 9.44392
4,5,29 56.7507 0.660116 6.6698 0.438027 12.1009
5,0,0 50.2622 0.873804 4.73415 0.725524 0.863399
5,0,1 60.2198 0.720648 5.01713 0.699556 0.843814
5,0,2 63.2182 0.723462 4.94982 0.56454 2.12268
5,0,3 54.1407 0.630925 5.5854 0.514103 2.00472
5,0,4 52.8076 0.874558 5.42245 0.757382 2.18174
5,0,5 57.8399 0.777083 8.34765 0.532814 2.77758
5,0,6 53.764 0.741174 6.83351 0.566406 1.19954
5,0,7 60.3402 0.998093 6.89938 1.3138 2.68117
5,0,8 59.0218 0.740463 7.8069 0.737084 2.67285
5,0,9 56.8106 0.764096 7.34167 0.616133 2.12195
5,0,10 55.3552 0.736234 8.73221 0.807659 2.90155
5,0,11 58.6501 0.598081 8.44173 0.441645 1.78492
5,0,12 56.8222 0.647327 9.41027 0.423736 1.45131
5,0,13 55.6302 0.619033 9.47672 0.437974 2.48862
5,0,14 66.4547 0.56587 8.71953 0.387743 2.64441
5,0,15 50.3482 0.467994 8.02911 0.476916 2.09154
5,0,16 65.5684 0.372707 6.08938 0.257223 11.1505
5,0,17 57.4267 0.664514 6.63136 0.454582 4.15314
5,0,18 67.8785 0.290291 7.75009 0.192786 12.3803
5,0,19 51.9753 0.389254 6.69123 0.240699 3.49161
5,0,20 62.6443 0.176359 5.25787 0.148767 14.6177
5,0,21 54.6577 0.374031 7.51629 0.226529 3.76736
5,0,23 54.6675 0.450845 7.30009 0.295109 3.85897
5,0,24 57.6161 0.18132 8.05993 0.124827 15.7608
5,0,25 66.6266 0.46695 7.99226 0.311919 3.54866
5,0,26 64.4283 0.211757 5.8717 0.172481 32.2632
5,0,27 67.2479 0.449621 8.34577 0.26254 3.75889
5,0,28 61.3357 0.156161 7.80833 0.160397 24.8331
5,0,29 67.3207 0.428676 8.4126 0.284856 2.44855
5,0,30 62.0215 0.10997 5.30367 0.0962622 31.4636
5,0,31 60.9214 0.375653 6.68696 0.39874 3.96115
5,0,32 65.54 0.22332 7.2924 0.174797 52.1878
5,0,33 54.983 0.508979 8.1194 0.343283 4.57437
5,0,34 65.7566 0.525933 7.44564 0.320592 5.62491
5,0,35 58.4803 0.444922 7.63881 0.304692 3.43218
5,1,0 73.5561 0.683198 11.005 0.503034 9.23653
5,1,1 86.9138 0.192302 8.4174 0.158022 45.2572
5,1,2 76.7114 0.577692 8.46996 0.444574 5.82993
5,1,3 85.782 0.210394 7.74406 0.178222 42.1509
5,1,4 77.8001 0.444745 7.21632 0.457244 4.64672
5,1,5 89.4118 0.259294 11.6126 0.184497 54.2758
5,1,6 74.5953 0.696271 10.206 0.462438 5.68582
5,1,7 72.4024 0.255588 11.6362 0.189984 27.1467
5,1,8 75.8345 0.9239 8.8587 0.577321 11.8358
5,1,9 77.9771 0.242818 7.9656 0.20898 15.7678
5,1,10 72.904 0.681644 10.137 0.447176 4.76535
5,1,11 73.1654 0.316304 9.16241 0.261617 23.1915
5,1,12 81.8292 0.785385 11.4187 0.659894 6.4622
5,1,13 75.8812 0.354377 8.63198 0.236733 19.9548
5,1,14 71.3855 0.7714 10.9215 0.449868 3.85848
5,1,15 77.4099 0.433118 11.6965 0.269809 23.7732
5,1,16 84.1314 0.762488 11.0247 0.45733 3.79563
5,1,17 79.0638 0.420197 8.17866 0.389668 10.9212
5,1,18 67.7242 0.858417 12.3159 0.599524 4.51083
5,1,19 79.1311 0.507947 11.9746 0.417465 12.1308
5,1,20 67.9026 0.923083 11.543 0.623795 3.98985
5,1,21 73.8824 0.538045 11.9096 0.4532 7.61544
5,1,22 61.6059 0.779812 8.62563 0.495249 5.48175
5,1,23 83.9815 0.572256 7.03639 0.537592 6.95438
5,1,24 69.824 0.855421 8.75886 0.625728 2.43504
5,1,25 74.7902 0.512239 6.91798 0.466187 3.56093
5,1,26 70.3943 1.12314 10.596 0.550509 4.81489
5,1,27 87.4703 0.599174 8.4482 0.70019 7.79215
5,1,28 55.456 0.112236 1.00059 13.0941 3.04339
5,1,29 89.1367 1.07053 9.46695 1.02583 8.09403
5,1,30 80.0433 0.839823 3.98741 0.642184 3.15709
5,1,31 88.6892 0.804758 9.01038 0.806964 7.35848
5,1,32 78.3179 0.982446 9.53442 0.677998 2.95559
5,1,33 84.2227 0.975103 9.12307 0.925326 2.61146
5,1,34 83.2796 2.67775 13.4373 1.49646 1.93105
5,2,0 56.7373 0.202582 9.08545 0.151734 6.38077
5,2,1 58.0822 0.207412 9.58923 0.144404 6.03862
5,2,2 66.4678 0.215324 9.62915 0.153253 5.56536
5,2,3 65.4662 2.03509 10.2525 1.57587 0.888434
5,2,4 69.6408 0.25125 10.3382 0.176855 6.01887
5,2,5 71.196 0.216423 10.0534 0.156689 7.3632
5,2,6 56.5798 0.200374 10.3778 0.151884 7.96192
5,2,7 57.9909 0.192064 10.7109 0.149711 16.6336
5,2,8 58.2378 0.191807 10.9568 0.148821 11.5617
5,2,9 69.539 0.204849 10.8174 0.168362 16.6949
5,2,10 58.1186 0.262938 12.6304 0.225241 9.5052
5,2,11 68.2911 0.253487 12.3301 0.219593 20.7304
5,2,12 67.4697 0.369224 13.985 0.353842 26.5374
5,2,13 77.0367 0.370483 13.3806 0.335589 24.2483
5,2,14 58.8491 0.338731 13.3276 0.315049 13.3653
5,2,15 69.2031 0.201472 12.8958 0.162892 6.94181
5,2,16 73.093 0.187573 11.2875 0.13913 9.45313
5,2,17 60.9958 0.172404 10.1054 0.116013 10.9698
5,2,18 72.5051 0.262855 12.6133 0.209261 26.6771
5,2,19 61.2531 0.229266 12.1299 0.187238 15.583
5,2,20 70.3128 0.189901 11.1809 0.143861 18.6877
5,2,21 77.2013 0.194333 10.1092 0.150386 9.91115
5,2,22 63.479 0.217563 10.2252 0.168354 17.0786
5,2,23 56.2034 0.22557 10.3969 0.175502 7.95555
5,2,24 50.9967 0.225762 9.46062 0.189131 7.32675
5,2,25 69.6699 0.273151 10.2222 0.196007 8.43775
5,2,26 66.2136 0.312969 9.40166 0.234672 6.75897
5,2,27 71.7427 0.330838 9.29956 0.223262 3.73025
5,2,28 66.0794 0.383665 9.43878 0.274615 3.08154
5,2,29 71.9303 0.446874 9.19412 0.293208 4.51839
5,2,30 70.779 0.538884 8.65021 0.38811 2.32018
5,2,31 71.824 0.516079 8.15906 0.401211 2.23127
5,2,32 73.4367 0.659799 9.69487 0.499564 3.63566
5,2,33 74.7649 0.672363 8.92983 0.490868 2.30773
5,2,34 57.9146 0.787258 9.10961 0.529086 1.33988
5,2,35 65.7608 0.620921 1.00747 13.4605 2.18882
5,3,0 66.0358 0.200687 8.79425 0.150437 16.1645
5,3,1 58.3505 0.400645 6.91941 0.408039 9.84995
5,3,2 67.4309 0.185991 8.87908 0.151484 11.6625
5,3,3 57.8714 0.684759 8.92886 0.469894 4.20756
5,3,4 70.976 0.226102 9.45419 0.131452 18.1791
5,3,5 56.8851 0.441457 6.09322 0.333654 5.37769
5,3,6 65.9783 0.258488 10.1416 0.178096 17.968
5,3,7 70.5241 0.670397 8.28701 0.719083 4.93719
5,3,8 53.4866 0.24785 8.23683 0.166965 11.4556
5,3,9 59.7435 0.607207 8.86843 0.375682 2.96718
5,3,10 59.4077 0.298929 9.09051 0.18658 9.09548
5,3,11 68.3537 0.614314 8.70051 0.36354 2.81071
5,3,12 62.2366 0.300344 9.20805 0.18374 3.73918
5,3,13 55.7998 0.615018 9.80884 0.487769 2.83249
5,3,14 64.1459 0.351115 7.92413 0.220643 8.01269
5,3,15 57.1638 0.551901 8.20709 0.443668 2.75842
5,3,16 51.2517 0.249035 4.40045 0.190715 14.2366
5,3,17 54.0361 0.770407 6.36411 0.653315 2.23475
5,3,18 55.5406 0.411633 9.01 0.273908 6.29116
5,3,19 72.7399 0.897545 10.3124 0.563139 3.07325
5,3,20 64.8243 0.407242 9.15851 0.241388 8.01403
5,3,21 68.448 0.730613 7.76221 0.828532 3.78366
5,3,22 55.0959 0.498469 8.57972 0.316538 4.31214
5,3,23 67.191 0.70034 8.4964 0.458758 2.87636
5,3,24 64.7274 0.537655 9.80558 0.354267 3.58459
5,3,25 70.2964 0.861961 5.6742 0.863171 2.72641
5,3,26 68.7256 0.567199 8.38454 0.370897 5.30441
5,3,27 66.8618 1.04908 9.52487 1.2035 2.44298
5,3,28 58.8564 0.587544 8.82676 0.453936 3.47173
5,3,29 61.765 0.722894 4.73878 0.558678 2.6753
5,3,30 62.098 0.688711 8.76849 0.397484 3.68957
5,3,31 67.0934 1.06515 7.81183 0.844639 1.78108
5,3,32 56.3767 0.67954 9.2243 0.398493 2.30956
5,3,33 56.0097 2.6131 1.50045 11.2969 1.71433
5,3,34 62.2827 0.900826 8.22867 0.527413 2.07359
5,3,35 317.366 11.547 1.10625 2.30261 42.5
5,4,0 75.9095 1.4018 7.72342 1.03137 6.01456
5,4,1 68.8433 0.635746 8.38094 0.430458 5.61719
5,4,2 78.6877 0.449018 7.31431 0.503242 4.22638
5,4,3 70.1563 0.546721 8.19495 0.333901 5.65882
5,4,5 70.5418 0.449921 6.29573 0.4237 2.46352
5,4,6 81.3492 0.175508 7.26359 0.113607 19.0554
5,4,7 79.2664 0.635106 8.60274 0.359848 5.89058
5,4,8 78.9365 0.227407 7.38158 0.132316 28.238
5,4,9 78.9126 0.545238 6.89682 0.370371 3.21047
5,4,10 79.5748 0.235933 7.87266 0.143525 22.8859
5,4,11 76.5031 0.765679 7.49273 0.488809 4.97828
5,4,12 75.3643 0.313205 7.63342 0.20625 18.7361
5,4,13 76.3051 0.80742 6.47614 0.571004 3.78775
5,4,14 72.6366 0.281203 9.66983 0.166696 15.0922
5,4,16 80.9799 0.264953 7.33745 0.167784 9.56868
5,4,17 80.5316 0.766941 8.27471 0.474006 4.18579
5,4,18 76.9327 0.408035 7.76566 0.226205 14.6251
5,4,19 66.8629 0.847144 9.37596 0.532345 5.08506
5,4,20 73.832 0.328309 7.613 0.206293 7.23842
5,4,21 70.574 0.877411 9.28822 0.570453 5.19681
5,4,22 80.5163 0.84432 8.41295 0.507306 4.73777
5,4,23 72.2215 0.633175 5.00753 0.514894 3.64278
5,4,24 79.9902 0.769465 7.19133 0.635989 2.05137
5,4,26 81.1403 0.901701 7.78402 0.51037 3.2681
5,4,27 71.9456 1.04623 9.52807 0.672564 10.5576
5,4,28 71.1375 1.04164 8.69167 0.663209 3.03731
5,4,29 78.8381 1.39918 11.1824 1.20409 3.22522
5,4,30 68.4502 1.54678 7.26964 0.975796 3.26611
5,4,31 76.7326 1.01446 10.2941 0.96837 2.6354
5,4,32 72.7525 2.23155 9.38056 2.6092 1.84319
5,4,33 71.1046 1.20819 9.53555 0.703844 3.23495
5,4,34 68.3581 1.85909 9.52298 0.965941 1.56045
5,4,35 70.0029 1.17813 7.16175 1.30485 1.30029
5,5,0 60.9764 0.408478 8.15192 0.462437 9.74959
5,5,2 59.623 0.338812 6.83782 0.277161 1.95409
5,5,4 68.1245 0.467048 9.03761 0.322453 7.47775
5,5,5 61.7798 0.623275 6.37166 0.668161 4.48842
5,5,6 63.1485 0.657476 7.85613 0.595954 2.84705
5,5,7 71.1381 0.882317 8.66413 0.783901 4.00026
5,5,8 62.0097 1.05617 9.36029 0.710784 2.4127
5,5,9 70.459 0.745966 8.43234 0.841369 1.92743
5,5,10 64.2603 0.433427 4.36044 0.335577 4.79842
5,5,11 59.6374 0.597058 6.67233 0.375278 2.63492
5,5,12 75.8795 0.835487 9.58664 0.620644 6.8796
5,5,14 58.8411 0.452513 7.65882 0.402381 3.48762
5,5,15 69.2962 0.407944 6.97501 0.319669 4.27083
5,5,16 68.2698 0.470156 7.93004 0.261243 11.6213
5,5,17 71.6322 0.367522 5.47178 0.370179 10.3885
5,5,18 70.1801 0.270755 6.56242 0.21767 5.2511
5,5,19 67.4998 0.386184 7.65817 0.254148 18.594
5,5,20 66.6665 0.258613 7.65937 0.193762 11.7924
5,5,21 76.8096 1.30997 10.8515 1.33665 4.48288
5,5,22 71.5228 0.778833 7.34486 0.97318 2.88272
5,5,23 62.905 0.524828 6.83225 0.294001 4.53177
5,5,24 72.4184 0.745759 6.32938 0.714232 5.74692
5,5,25 63.065 0.490848 8.35418 0.284246 6.14491
5,5,26 79.7114 0.533177 8.69545 0.347448 9.79299
5,5,27 71.2842 0.399869 7.86589 0.230624 9.38399
5,5,28 70.2179 0.367543 7.59576 0.216474 9.31834
5,5,29 62.8506 0.24399 4.99855 0.192425 10.9365
6,0,0 82.2872 0.884133 6.64544 0.857933 1.1061
6,0,1 77.4209 0.971758 8.7271 0.762867 2.97289
6,0,2 69.5687 1.03344 7.91178 0.733336 1.42455
6,0,3 80.7528 0.666149 6.79073 0.357158 3.67739
6,0,4 71.9943 0.722819 6.69502 0.685424 1.18376
6,0,5 94.6435 0.783837 9.52724 0.448512 4.30117
6,0,6 72.8006 1.25365 9.24564 0.809042 2.29951
6,0,7 83.226 0.882228 7.33454 0.686655 3.02257
6,0,8 73.6732 1.1837 9.57686 0.882352 2.71878
6,0,9 85.0342 0.685674 7.99929 0.526026 1.71594
6,0,10 87.1659 0.809838 8.53565 0.47979 2.61282
6,0,11 84.8721 0.650994 7.88854 0.523555 1.78378
6,0,12 85.1563 0.92726 9.66035 0.590311 1.96026
6,0,13 83.1216 0.752552 8.96541 0.541189 2.86167
6,0,14 83.568 0.704497 9.38595 0.499241 2.82005
6,0,15 85.0144 0.852292 10.2071 0.604215 3.9561
6,0,16 88.8533 0.256768 8.60762 0.183263 4.44427
6,0,17 76.8568 0.695366 9.81605 0.453859 4.79244
6,0,18 78.6842 0.258076 8.57689 0.170736 11.5237
6,0,19 84.7371 0.692745 8.94053 0.477671 3.77832
6,0,20 85.3835 0.28962 8.03322 0.183227 20.0704
6,0,21 74.7585 0.620037 9.4275 0.439806 3.99399
6,0,22 83.5321 0.218029 7.73726 0.147517 16.2896
6,0,23 89.7858 0.585833 9.12672 0.380015 4.04301
6,0,24 89.5832 0.212833 8.56344 0.126818 27.6423
6,0,25 82.1601 0.592007 8.65138 0.416552 4.44336
6,0,26 89.3467 0.203609 9.31266 0.132659 25.6239
6,0,27 89.3429 0.558633 8.94134 0.367441 3.17071
6,0,28 93.2947 0.177041 8.07318 0.113966 19.674
6,0,29 91.9062 0.597665 9.5243 0.405132 4.47868
6,0,30 87.6593 0.189067 8.27414 0.121641 33.261
6,0,31 80.5267 0.547009 9.90942 0.466706 1.93
6,0,32 90.9523 0.183398 8.81455 0.11836 29.1517
6,0,33 89.2399 0.536772 9.09596 0.379171 2.79439
6,0,34 88.98 0.578625 8.69095 0.316745 3.48798
6,0,35 85.8953 0.619212 8.66347 0.395722 3.46526
6,1,0 79.22 0.612092 9.14087 0.308893 4.80762
6,1,1 81.2814 0.213655 8.77882 0.12576 20.0228
6,1,2 83.5754 0.622445 8.56118 0.419305 4.27534
6,1,3 80.3299 0.216811 8.07118 0.128579 17.1661
6,1,4 74.7921 0.582808 8.47594 0.332964 3.97478
6,1,5 80.6669 0.268534 9.50887 0.161924 12.2865
6,1,6 82.0003 0.766609 10.8989 0.580243 4.1014
6,1,7 73.1544 0.259819 7.84784 0.159102 9.99549
6,1,8 87.3318 0.747994 9.64005 0.489412 4.19241
6,1,9 82.876 0.312067 7.8017 0.21385 9.01342
6,1,10 81.5729 0.651462 8.1251 0.396564 3.88314
6,1,11 94.0678 0.397761 7.89339 0.256549 9.06358
6,1,12 89.271 0.79863 9.12745 0.563183 3.67402
6,1,13 83.1136 0.335996 7.16682 0.175376 9.55306
6,1,14 83.335 0.874058 7.7875 0.572538 3.39572
6,1,15 73.0848 0.394755 7.8484 0.283659 5.92709
6,1,16 93.4086 0.92301 6.98036 0.582729 4.13124
6,1,17 87.9628 0.499302 9.52021 0.286476 5.53504
6,1,18 81.2192 0.874473 8.85743 0.571974 1.9604
6,1,19 91.9881 0.503956 9.04706 0.31801 5.42553
6,1,20 82.5762 0.912225 6.88527 0.543735 3.21239
6,1,21 92.0869 0.673456 10.1759 0.456251 4.63626
6,1,22 73.5462 1.04488 6.97546 0.732438 2.83372
6,1,23 92.087 0.598493 9.46115 0.387874 6.97117
6,1,24 88.6764 1.12138 9.8329 0.598134 2.96274
6,1,25 92.7248 0.555994 8.19199 0.357938 4.09079
6,1,26 80.3443 1.08331 9.69365 0.795998 2.71751
6,1,27 91.0284 0.566423 6.32252 0.371556 2.9067
6,1,28 88.7971 1.08552 9.35921 0.711044 1.52071
6,1,29 86.7319 0.966258 11.8748 1.10118 2.00012
6,1,30 73.904 1.33038 11.3505 1.02942 1.17856
6,1,31 93.5191 0.90254 10.3262 0.563323 3.28006
6,1,32 74.3201 1.21495 8.38054 0.652623 1.43532
6,1,33 87.3875 1.21085 8.57823 0.944833 2.71468
6,1,34 87.1406 1.88944 8.01673 1.28782 2.448
6,1,35 93.7775 1.15466 9.60462 0.709317 3.14035
6,2,0 67.7189 0.187533 10.5176 0.135374 16.2573
6,2,1 67.9285 0.185912 11.4162 0.146224 11.0705
6,2,2 70.2585 0.166956 11.2788 0.125427 9.58181
6,2,3 72.9323 0.194116 9.85701 0.131316 11.6797
6,2,4 81.5899 0.157379 9.42988 0.108104 9.43413
6,2,5 64.6492 0.156688 10.3344 0.110959 15.2132
6,2,6 71.1768 0.150858 10.8505 0.114882 18.1919
6,2,10 59.3722 0.291439 12.2602 0.273469 10.5647
6,2,11 59.3065 0.313622 13.1317 0.302493 13.27
6,2,12 69.9274 0.257563 11.6859 0.221973 15.5725
6,2,13 69.4663 0.227627 11.495 0.174362 20.6219
6,2,14 63.3294 0.202497 11.6476 0.162152 18.7475
6,2,15 76.5286 0.210938 10.4246 0.147815 9.46756
6,2,16 82.091 0.219865 10.4359 0.160009 7.83503
6,2,17 82.5188 0.217016 10.0893 0.146948 6.24325
6,2,18 73.075 0.159512 10.525 0.122863 19.9479
6,2,19 72.4616 0.166819 10.616 0.123681 18.9844
6,2,20 70.6664 0.174009 9.8809 0.122863 15.2359
6,2,21 59.9427 0.194335 9.84745 0.132007 9.19599
6,2,22 65.0446 0.212965 9.775 0.152516 7.01061
6,2,23 71.4474 0.246401 9.81997 0.175546 8.73165
6,2,24 58.0138 0.269155 9.43777 0.180933 5.77061
6,2,25 77.89 0.313876 9.63429 0.222982 4.16352
6,2,26 74.0212 0.336122 9.08609 0.234802 4.22968
6,2,27 71.7657 0.402765 9.95366 0.288881 3.14348
6,2,28 68.2918 0.463607 10.0849 0.331992 3.04601
6,2,29 75.2267 0.503716 9.69371 0.340693 2.64466
6,2,30 70.9499 0.515934 9.57471 0.386118 2.04773
6,2,31 80.6081 0.578658 9.19072 0.399887 2.45723
6,2,32 69.9012 0.653876 9.57764 0.457045 1.92277
6,2,33 82.2848 0.768577 10.1264 0.541476 3.5041
6,2,34 70.6159 0.82852 9.04763 0.578495 2.53437
6,2,35 71.3592 0.861939 9.37246 0.671263 1.48288
6,3,0 69.4364 0.133769 7.43286 0.100418 15.6133
6,3,1 57.1294 0.411975 8.65844 0.335533 4.83428
6,3,2 72.0891 0.175143 9.11014 0.135127 17.5889
6,3,3 60.1507 0.397808 5.97816 0.325522 2.17967
6,3,4 60.7018 0.167399 7.15122 0.162291 17.2996
6,3,5 58.1946 0.416378 7.57775 0.322438 3.05694
6,3,6 68.3443 0.194503 7.07805 0.128779 12.8243
6,3,7 66.4366 0.629834 7.29129 0.416926 5.31484
6,3,8 68.5502 0.194083 8.3922 0.143399 11.6715
6,3,9 55.84 0.0838981 1.29899 0.123383 5.95658
6,3,10 60.5777 0.225409 7.05354 0.222411 10.7505
6,3,11 65.8489 1.86926 1.10294 12.5142 3.70463
6,3,12 59.2661 0.250602 7.95524 0.214972 6.5194
6,3,13 67.0889 0.505469 6.9392 0.43178 3.9636
6,3,14 67.9768 0.274195 7.8948 0.173763 5.85773
6,3,15 59.1464 0.540073 7.66442 0.524636 3.51663
6,3,16 66.7191 0.301372 8.05235 0.178908 7.2133
6,3,17 68.9821 0.770346 4.32798 0.803926 3.25651
6,3,18 63.1848 0.347428 7.39898 0.241905 3.00082
6,3,20 71.4227 0.400406 8.5841 0.273825 4.54901
6,3,22 63.446 0.397808 7.10942 0.343192 4.50707
6,3,23 70.736 0.628814 4.72956 0.521409 2.69543
6,3,24 70.1663 0.405554 5.69303 0.405797 4.96
6,3,25 61.3954 0.801503 5.15121 0.709565 3.75189
6,3,26 64.721 0.530965 8.4315 0.388339 2.13453
6,3,27 55.9014 0.216375 1.00169 10.4676 3.23682
6,3,28 68.4742 0.486448 7.35605 0.431827 2.7905
6,3,30 56.0043 0.595898 6.80373 0.467154 2.96006
6,3,31 68.0771 0.75871 5.81903 0.635441 1.088
6,3,32 67.914 0.628979 5.86803 0.415508 1.92338
6,3,33 68.8067 0.870249 5.2819 1.11793 1.26318
6,3,34 67.453 0.510341 5.94412 0.433561 2.01677
6,4,0 70.8354 0.409976 6.63425 0.31188 4.44411
6,4,1 74.1863 0.473338 6.20536 0.333462 5.85168
6,4,2 78.046 0.480008 7.36318 0.323698 3.94981
6,4,3 75.8225 0.612094 8.1945 0.476806 4.10518
6,4,4 73.9632 0.154443 8.79454 0.109306 42.4959
6,4,5 64.4676 0.453011 8.60276 0.410777 4.45466
6,4,6 69.3296 0.155349 9.16206 0.115062 39.6957
6,4,7 65.6342 0.507828 9.09951 0.405662 5.84173
6,4,8 79.0376 0.134242 8.01735 0.107682 29.1835
6,4,9 63.8293 0.532596 8.05354 0.405039 9.90356
6,4,10 78.9734 0.141675 8.48237 0.106174 23.6813
6,4,11 76.1657 0.421796 7.67503 0.34494 3.1152
6,4,12 76.7596 0.172104 8.54686 0.114603 42.8331
6,4,13 74.996 0.633493 7.11375 0.478816 4.90743
6,4,14 71.4172 0.158027 7.89369 0.106461 18.8039
6,4,15 72.7312 0.569918 6.74514 0.53192 3.59541
6,4,16 79.7304 0.199495 8.71131 0.118749 35.5238
6,4,17 66.9054 1.5041 1.2125 1.03383 7.75649
6,4,18 70.7382 0.203953 8.15717 0.129965 19.5773
6,4,19 75.7597 0.918053 7.17749 0.608044 4.67029
6,4,20 74.6712 0.230971 7.47287 0.133722 17.9132
6,4,21 66.3502 0.365632 1.0049 8.83647 8.68097
6,4,22 68.653 0.583612 7.00725 0.467344 2.90896
6,4,23 75.8586 1.08578 1.04151 10.658 4.65329
6,4,24 57.0573 1.78535 1.25421 1.11161 6.0024
6,4,25 64.5367 1.02087 5.52801 0.780778 4.65434
6,4,26 80.3522 0.935554 8.04247 0.510331 3.65293
6,4,27 76.3018 0.247726 1.85505 0.315394 2.99448
6,4,28 70.1212 0.871891 7.93393 0.534551 2.59632
6,4,29 76.1258 1.93671 7.45736 1.30065 3.53396
6,4,30 68.7655 0.758015 6.9204 0.537842 2.28796
6,4,31 72.5471 0.642691 8.43015 0.384139 3.94199
6,4,32 82.0927 1.33268 8.62568 0.696007 3.10434
6,4,33 80.0886 0.774831 9.02774 0.431922 5.06192
6,4,34 74.7171 1.27996 4.62872 0.93288 4.18636
6,4,35 71.9466 0.846113 9.44613 0.520336 3.07132
6,5,0 61.1306 0.247786 8.6497 0.135867 29.132
6,5,1 66.9595 0.307261 8.56833 0.173248 14.7898
6,5,2 65.4893 0.312514 9.10729 0.190955 12.5342
6,5,3 63.8853 0.439874 7.32166 0.274684 15.5058
6,5,4 62.5428 0.28379 4.85064 0.229786 18.0718
6,5,5 72.2399 0.42179 9.9736 0.301961 7.94938
6,5,6 53.2384 0.279894 4.67836 0.209867 6.54225
6,5,7 66.4386 0.471328 10.4717 0.327428 6.24338
6,5,8 72.0438 0.547735 9.49134 0.42285 3.11272
6,5,9 68.6016 0.588341 8.56675 0.504055 3.45914
6,5,10 64.1102 0.584621 10.1167 0.473933 2.9135
6,5,11 70.5706 0.535153 7.89596 0.473851 5.40167
6,5,12 75.0904 0.475449 10.0713 0.316652 3.59752
6,5,13 67.3908 0.435086 9.59412 0.30242 7.7096
6,5,14 64.5942 0.417797 8.69052 0.312823 7.1398
6,5,15 63.0534 0.364522 10.3061 0.260408 14.8452
6,5,16 71.6709 0.301667 9.55174 0.186421 9.21405
6,5,17 67.1735 0.263234 8.78977 0.168853 12.0991
6,5,18 63.1791 0.273102 9.5893 0.156819 20.9652
6,5,19 70.6808 0.21344 9.51023 0.149792 18.023
6,5,20 76.7428 0.164261 9.18946 0.134632 20.3251
6,5,21 62.0835 0.559482 6.88431 0.377241 3.90418
6,5,22 74.7015 0.5621 6.79331 0.436259 3.97361
6,5,23 78.2425 0.470943 7.78675 0.32687 3.35472
6,5,24 77.9209 0.40198 6.96131 0.28403 4.51093
6,5,25 66.0142 0.45985 8.19941 0.336898 7.25756
6,5,26 72.0719 0.41311 6.45795 0.352694 8.87363
6,5,27 65.9924 0.400022 8.1709 0.284983 11.1518
6,5,28 67.5738 0.298157 7.61102 0.205394 6.62272
6,5,29 62.7779 0.288057 6.75652 0.252566 11.1875
7,0,0 61.8207 0.975473 5.70945 0.861505 1.79125
7,0,1 78.6749 0.607531 6.92911 0.448838 3.09336
7,0,2 62.4557 1.16864 9.47369 0.934053 2.57902
7,0,3 78.2841 0.86923 8.12395 0.514295 5.20633
7,0,4 69.2099 0.695662 6.69669 0.514244 1.44698
7,0,5 66.4337 0.801211 8.07036 0.491093 4.74019
7,0,6 72.2179 1.18817 6.42626 0.997164 3.66742
7,0,7 60.9907 0.847304 7.00799 0.81584 4.01864
7,0,8 65.6697 0.629102 7.94224 0.391781 2.84858
7,0,9 68.508 0.624485 8.38906 0.511069 2.25572
7,0,10 68.6244 0.494209 6.9983 0.484302 2.53484
7,0,12 70.9738 0.574831 7.47382 0.453837 3.5634
7,0,13 58.5678 0.508902 7.70523 0.392059 2.35741
7,0,14 69.6263 0.482411 8.72565 0.403461 4.20082
7,0,15 60.6219 0.459811 7.5132 0.387932 2.9747
7,0,16 71.7188 0.259187 7.71573 0.221917 14.4299
7,0,17 58.2789 0.473177 8.80179 0.355984 2.88887
7,0,18 58.0613 0.218444 8.37555 0.136446 25.6441
7,0,19 57.6621 0.436346 8.76434 0.335529 3.74564
7,0,20 71.3467 0.201401 7.41462 0.187902 25.2741
7,0,21 66.7112 0.412125 9.08143 0.294021 3.16831
7,0,22 60.0384 0.171871 8.47356 0.114483 24.502
7,0,23 73.2865 0.447924 7.28276 0.412506 6.09045
7,0,24 69.4267 0.139226 7.62486 0.115916 21.7038
7,0,25 67.2128 0.377179 7.7607 0.27211 3.59921
7,0,26 71.9505 0.175321 8.17672 0.149792 48.0209
7,0,27 69.2554 0.423683 9.42543 0.247773 8.13357
7,0,28 67.8636 0.132309 8.29761 0.101686 33.3754
7,0,29 66.656 0.374267 8.59421 0.308526 4.63592
7,0,30 61.9197 0.117775 7.79116 0.0889184 38.1001
7,0,31 75.969 0.409874 8.51569 0.309942 7.52602
7,0,32 77.4275 0.149726 8.7408 0.108429 80.6191
7,0,33 59.3133 0.348688 7.85123 0.218736 5.6519
7,0,34 75.0741 0.34419 8.10012 0.272422 4.41065
7,0,35 74.7599 0.459473 7.54422 0.358105 9.44179
7,1,0 79.8896 0.373578 6.11854 0.506009 10.4993
7,1,1 69.7173 0.140595 10.1311 0.104109 64.3011
7,1,2 60.6967 0.375096 7.33342 0.243041 9.97402
7,1,3 67.8417 0.136138 10.1115 0.0959651 58.1644
7,1,4 74.788 0.415823 9.69223 0.264835 11.3513
7,1,5 68.4005 0.171816 9.89706 0.112571 48.9114
7,1,6 78.1216 0.399432 8.98754 0.329685 6.38265
7,1,7 70.2474 0.147421 7.65645 0.136246 33.6261
7,1,8 67.501 0.512751 9.13788 0.328167 9.90066
7,1,9 67.3295 0.158074 9.18669 0.121879 14.9356
7,1,10 65.5578 0.459913 9.68015 0.305416 6.47407
7,1,11 64.1341 0.188938 9.78789 0.115471 45.804
7,1,12 72.6917 0.485278 9.72928 0.351677 3.55043
7,1,13 80.5874 0.216372 6.6036 0.237172 27.6005
7,1,14 57.025 0.607074 9.91672 0.519155 8.30046
7,1,15 73.7339 0.236638 10.0505 0.141764 19.8745
7,1,16 61.8463 0.436346 6.9891 0.264159 5.38276
7,1,17 64.3085 0.284097 10.1165 0.210345 15.9084
7,1,18 64.8338 0.557229 8.76171 0.333868 5.85588
7,1,19 82.8001 0.330453 8.89059 0.212618 15.3856
7,1,20 74.1219 0.537147 8.16073 0.332877 6.71604
7,1,21 80.9742 0.350839 9.35793 0.270987 14.4617
7,1,22 73.8666 0.5752 9.0854 0.373457 6.43774
7,1,23 70.9504 0.390691 9.55413 0.284621 10.4989
7,1,24 55.0129 0.806772 7.65625 0.539012 4.84764
7,1,25 63.0148 0.488101 9.42648 0.305866 2.70185
7,1,26 53.8779 0.295699 4.11669 0.20779 4.51274
7,1,27 69.3675 0.436369 8.5326 0.223334 9.40513
7,1,28 65.9166 0.86383 8.0004 0.475256 4.99223
7,1,29 74.2147 0.582307 9.16399 0.330775 8.70763
7,1,30 67.1022 0.621033 4.56664 0.415332 4.57972
7,1,31 59.178 0.67165 9.23586 0.382423 2.44031
7,1,32 64.2802 0.901004 5.67641 0.700579 3.28754
7,1,33 68.4548 0.664699 9.07867 0.396258 8.1212
7,1,34 56.9189 0.68455 5.42519 0.498329 1.54087
7,1,35 75.1292 0.604983 8.90821 0.512221 3.26608
7,2,0 49.04 0.166032 9.56741 0.115385 6.91443
7,2,1 60.8327 0.157945 9.56181 0.113948 7.95292
7,2,2 60.1222 0.171111 10.313 0.136558 7.42323
7,2,3 60.0679 0.20314 10.1864 0.154304 4.34571
7,2,4 62.1033 0.182054 10.4919 0.147337 5.01944
7,2,5 55.5396 0.160523 10.1658 0.12645 6.36732
7,2,6 50.6982 0.164851 10.2624 0.128559 8.4011
7,2,7 63.3742 0.15721 10.4623 0.125584 11.2214
7,2,8 59.0549 0.17533 10.7708 0.136396 11.549
7,2,9 52.9809 0.219414 11.9676 0.18142 7.58943
7,2,10 52.124 0.237923 12.2336 0.220359 7.48133
7,2,11 61.0416 0.319255 13.448 0.31347 11.233
7,2,13 59.8095 0.276394 15 0.0737119 18.1729
7,2,14 49.4626 0.309084 13.4907 0.319306 7.32872
7,2,15 63.0595 0.112264 15 0.0332024 7.14975
7,2,16 57.1683 0.145159 11.2957 0.116477 10.1113
7,2,17 59.3961 0.139892 10.7608 0.099166 12.8944
7,2,18 59.3225 0.231598 11.6737 0.207326 12.089
7,2,19 53.2847 0.196903 10.8365 0.162123 14.323
7,2,20 61.2112 0.1782 11.0583 0.144499 17.6459
7,2,21 59.7169 0.159761 10.8824 0.126745 16.7419
7,2,22 61.2398 0.151334 10.6978 0.109145 21.072
7,2,23 61.8695 0.181234 10.9651 0.150193 13.0298
7,2,24 49.7091 0.179182 10.2284 0.154518 6.27612
7,2,25 62.5412 0.208816 10.195 0.170385 10.1737
7,2,26 46.2535 0.218128 10.4111 0.169863 3.57625
7,2,27 60.7799 0.260436 9.72095 0.190949 6.69467
7,2,28 57.4911 0.27487 8.88484 0.200413 3.59474
7,2,29 50.1026 0.335762 9.64983 0.245673 2.67559
7,2,30 57.7084 0.386015 9.44977 0.258802 3.15798
7,2,31 60.1148 0.462196 8.89767 0.344721 2.21206
7,2,32 64.5622 0.399014 7.58197 0.322477 2.57818
7,2,33 55.7339 0.0666062 1.1613 0.0736421 6.88698
7,2,34 64.5848 0.505076 7.44755 0.432421 1.82733
7,2,35 56.1602 1.76961 1.12097 10.2119 4.74433
7,3,0 67.7879 0.144912 8.09358 0.113248 23.8677
7,3,1 63.4839 0.451687 8.17631 0.364106 4.84219
7,3,2 70.9865 0.152038 7.28539 0.13581 25.8883
7,3,3 63.2006 0.705292 7.87804 0.618307 7.0032
7,3,4 69.7614 0.18599 9.72473 0.141244 37.369
7,3,5 60.689 0.449402 8.22381 0.465093 4.34505
7,3,6 62.1793 0.188016 9.78001 0.120383 11.5633
7,3,7 72.4146 0.683548 6.28139 0.694479 5.75884
7,3,8 58.0176 0.182344 9.17877 0.145111 10.2902
7,3,9 75.6614 0.582127 6.82586 0.45397 4.5547
7,3,10 62.3664 0.243131 8.62677 0.19672 17.0941
7,3,11 66.2485 5.30096 1.8706 10.886 4.57643
7,3,12 70.2409 0.243976 8.43112 0.221338 13.9858
7,3,13 58.6881 0.441865 6.8211 0.345423 2.19373
7,3,14 63.5776 0.263921 10.0356 0.172173 7.4512
7,3,15 72.3253 0.506825 8.48577 0.358139 2.53746
7,3,16 76.6634 0.286252 9.75124 0.229351 11.2207
7,3,18 60.9983 0.3903 6.85607 0.474213 9.46006
7,3,19 65.223 0.673356 8.24895 0.47505 1.60081
7,3,20 66.1977 0.372852 8.39409 0.210986 9.47211
7,3,21 67.5382 0.514083 6.97251 0.491019 2.25159
7,3,22 70.9796 0.415226 9.94484 0.273246 7.15788
7,3,23 67.8844 0.720233 8.65117 0.508058 1.91478
7,3,24 69.9176 0.452414 8.99225 0.343 6.55213
7,3,25 66.7448 0.627481 6.87846 0.531504 1.47951
7,3,26 56.4669 0.100239 1.62522 0.116912 6.81219
7,3,28 71.7687 0.510843 9.2935 0.328853 5.3082
7,3,29 56.1683 0.191687 1.21213 0.154472 2.76052
7,3,30 55.333 0.670534 8.50482 0.477469 2.00421
7,3,32 53.1617 0.536405 7.73379 0.347159 3.24786
7,3,33 66.783 0.339091 1.30858 0.220596 3.92332
7,3,35 285.331 10.6404 15 13.9292 39.8634
7,4,0 63.0655 0.508412 5.6594 0.458852 8.28754
7,4,1 76.2276 0.440371 10.1652 0.305395 3.94803
7,4,2 68.9567 0.447481 9.47877 0.325354 7.35174
7,4,3 67.2493 0.374241 7.55956 0.327674 3.78534
7,4,4 79.8705 0.170165 10.0331 0.129957 49.8369
7,4,5 70.9785 0.439363 7.54788 0.275752 6.15498
7,4,6 76.7779 0.166423 8.47653 0.121586 42.927
7,4,7 67.6042 0.483234 9.67687 0.344029 4.69553
7,4,8 71.4512 0.175615 7.07909 0.176264 38.8607
7,4,9 70.6714 0.47905 9.94663 0.377616 4.56213
7,4,10 68.4322 0.16108 8.41148 0.119113 19.3655
7,4,11 65.0257 0.494325 9.81669 0.34811 6.07223
7,4,12 78.7947 0.195617 10.4725 0.142102 34.602
7,4,13 60.5738 0.652972 11.541 0.547593 21.1634
7,4,14 79.3968 0.232369 10.2232 0.162763 31.9674
7,4,15 63.8828 0.553379 9.90212 0.394307 19.2327
7,4,16 76.3776 0.217308 9.89906 0.137965 19.2658
7,4,17 75.5811 0.509112 10.2091 0.449877 4.869
7,4,18 77.0125 0.22621 9.22969 0.160613 10.6315
7,4,19 76.0627 0.529839 8.62659 0.478412 3.89131
7,4,20 78.4405 0.255938 8.4676 0.218493 6.96702
7,4,21 77.7425 0.634049 10.6497 0.450138 7.50015
7,4,22 61.9803 0.6692 10.651 0.43645 4.04444
7,4,23 67.1778 0.542411 6.70171 0.438787 3.9027
7,4,24 68.632 0.613694 8.49398 0.468768 2.17523
7,4,25 58.8206 0.659574 6.34946 0.557753 50.3323
7,4,26 59.7081 0.744415 7.87732 0.665298 2.63514
7,4,28 69.3775 0.788037 7.42979 0.681122 2.13
7,4,29 77.3618 0.822772 6.90464 0.605878 2.84081
7,4,30 76.7041 0.897416 8.23548 0.849776 2.72357
7,4,31 79.1363 0.480825 6.18573 0.498511 3.37692
7,4,32 66.2709 0.828731 7.64206 0.650902 1.73186
7,4,33 71.3742 0.563571 5.17425 0.519553 3.86616
7,4,34 74.911 0.901316 7.34659 0.716579 1.52036
7,4,35 70.5767 0.744983 6.93091 0.621163 2.7456
7,5,0 55.5731 0.301673 9.56726 0.194537 8.59594
7,5,1 67.5585 0.283095 8.75403 0.200763 10.1932
7,5,2 52.5324 0.371861 8.54008 0.303785 7.16677
7,5,3 64.0674 0.423374 9.12282 0.320696 6.21837
7,5,4 56.956 0.481096 7.46138 0.308497 7.09717
7,5,5 66.4153 0.4129 9.18156 0.311479 3.86959
7,5,6 57.9248 0.529025 7.88852 0.333949 7.28017
7,5,7 66.5004 0.465127 7.02758 0.358555 3.88416
7,5,8 62.783 0.609332 9.56587 0.352155 3.22736
7,5,9 60.9773 0.512103 6.28305 0.335396 1.69447
7,5,10 63.7404 0.576579 7.01278 0.429432 3.51444
7,5,11 61.7219 0.476472 8.18184 0.27835 4.42865
7,5,12 65.562 0.641169 6.4117 0.485794 6.19797
7,5,13 61.5278 0.335885 6.04662 0.195969 5.31851
7,5,14 66.7985 0.428211 7.34481 0.29725 6.94035
7,5,15 59.9557 0.293366 7.53717 0.211937 3.45077
7,5,16 68.5329 0.272388 7.84232 0.200363 4.06176
7,5,17 61.6789 0.267329 6.52701 0.235511 9.43713
7,5,18 62.306 0.203474 6.74027 0.143532 10.4263
7,5,19 64.7886 0.253654 7.0944 0.164553 19.5259
7,5,20 60.7338 0.166069 7.09561 0.116397 10.7094
7,5,21 70.8802 0.476095 7.38766 0.290393 3.53395
7,5,22 59.1955 0.51454 7.92701 0.325027 4.13853
7,5,23 70.6465 0.386453 6.68832 0.255977 4.5804
7,5,24 73.0983 0.47729 6.6854 0.366499 8.15448
7,5,26 63.6952 0.343101 8.90077 0.215384 6.84924
7,5,27 70.9675 0.308222 8.01482 0.185702 13.2453
7,5,28 70.4686 0.236092 6.74915 0.164137 5.52551
7,5,29 66.7277 0.27666 7.75848 0.147308 15.6097
8,0,0 103.755 1.37933 10.8856 0.853017 1.28176
8,0,1 105.542 0.794097 9.34838 0.51617 2.70331
8,0,2 102.252 1.10915 11.312 0.887192 1.08397
8,0,3 87.3519 0.72119 10.471 0.479644 1.91314
8,0,4 97.5019 0.991471 9.88263 0.63147 1.9772
8,0,5 89.8181 0.648333 9.67185 0.38223 5.40772
8,0,6 104.577 0.923935 11.2717 0.663258 2.0539
8,0,7 98.4745 0.913133 9.89227 0.513343 2.78272
8,0,8 100.63 0.857144 10.7242 0.479287 4.32576
8,0,9 83.6923 0.826623 11.9735 0.488041 3.0599
8,0,10 91.3901 0.772278 11.2621 0.624677 2.2449
8,0,11 97.0614 0.77779 9.77361 0.462497 3.87028
8,0,12 100.331 0.665732 10.5338 0.381143 4.35753
8,0,13 102.65 0.684406 10.6544 0.408228 4.78003
8,0,14 96.1494 0.660542 9.7781 0.405346 3.81118
8,0,15 97.9919 0.645075 10.2729 0.40212 3.07011
8,0,16 90.5236 0.267397 10.1292 0.158392 11.838
8,0,17 95.7729 0.650365 9.52275 0.4079 5.03251
8,0,18 90.2371 0.234163 9.75995 0.129179 26.1665
8,0,19 82.5411 0.496826 9.76882 0.281351 5.15849
8,0,20 103.709 0.20465 8.9533 0.122439 31.342
8,0,21 96.1766 0.565897 8.6539 0.381355 7.83882
8,0,22 102.751 0.193763 9.99316 0.106965 38.3878
8,0,23 95.6756 0.548526 9.21093 0.329556 5.69507
8,0,24 87.5323 0.178114 10.7541 0.114752 23.035
8,0,25 107.147 0.554289 11.4358 0.366455 6.04518
8,0,26 96.5607 0.169331 10.7346 0.103566 31.7836
8,0,27 98.7052 0.539492 10.627 0.331611 5.14466
8,0,28 100.432 0.178942 10.439 0.109416 38.8576
8,0,29 103.046 0.533741 11.3294 0.318898 5.13794
8,0,30 104.075 0.162485 10.4637 0.101605 38.201
8,0,31 101.27 0.573209 12.0107 0.36101 4.17412
8,0,32 103.4 0.172008 10.793 0.110213 33.0256
8,0,33 96.6517 0.474895 9.4138 0.285534 4.74067
8,0,34 90.2015 0.513591 10.9163 0.320486 2.81089
8,0,35 89.3859 0.533591 11.0823 0.35563 3.13058
8,1,0 84.01 0.523908 8.96585 0.345422 4.9779
8,1,1 99.9956 0.206244 9.55662 0.109129 51.1281
8,1,2 99.0923 0.509303 8.51829 0.292247 6.9496
8,1,3 86.182 0.2441 9.03941 0.14043 37.8077
8,1,4 90.0301 0.503981 8.17426 0.372356 4.04229
8,1,5 90.5342 0.246425 9.92342 0.133314 33.2753
8,1,6 89.0963 0.59394 9.77914 0.433439 4.13829
8,1,7 100.17 0.259333 9.18273 0.134705 31.0935
8,1,8 96.1556 0.644428 7.94654 0.329607 7.02839
8,1,9 88.8281 0.282499 8.6433 0.172728 30.1068
8,1,10 87.5236 0.725629 10.4094 0.418403 6.65793
8,1,11 102.639 0.408703 8.269 0.313878 23.9999
8,1,12 95.4567 0.731677 8.20896 0.453147 4.80237
8,1,13 101.61 0.329396 8.08996 0.21462 10.3176
8,1,14 98.1347 0.696091 8.12844 0.44579 4.07868
8,1,15 87.4824 0.420524 8.6627 0.231939 15.1345
8,1,16 98.6506 0.79687 9.28222 0.613917 5.9224
8,1,17 98.3873 0.418596 7.78147 0.23059 11.2702
8,1,18 97.4117 0.776822 9.61214 0.454767 3.46149
8,1,19 91.3241 0.498276 11.0341 0.398492 10.762
8,1,20 85.8337 0.962566 8.19373 0.521757 4.0676
8,1,21 94.1185 0.511951 8.6082 0.300465 7.03389
8,1,22 84.6688 0.766479 8.41169 0.639205 3.00071
8,1,23 100.011 0.598313 8.99601 0.295895 7.41747
8,1,24 81.2767 0.960662 10.4278 0.692244 1.77315
8,1,25 102.698 0.770378 8.68515 0.552068 6.14626
8,1,26 92.0218 1.06841 7.20867 0.687922 3.88763
8,1,27 95.3425 0.787987 7.9031 0.458733 5.50473
8,1,28 88.1657 1.03783 7.46858 0.772315 2.64936
8,1,29 92.2498 0.679241 7.67717 0.448354 3.1993
8,1,30 86.8293 1.25112 10.8012 1.16238 2.47559
8,1,31 93.5525 0.927619 9.54491 0.588084 3.08635
8,1,32 88.9441 1.0083 8.38147 0.785546 3.43938
8,1,33 88.1891 0.905449 9.72806 0.479635 4.17719
8,1,35 99.6795 0.984164 9.25288 0.533198 5.07616
8,2,0 55.6174 0.159733 11.4988 0.132916 8.90675
8,2,1 64.9185 0.165684 12.0725 0.127737 7.99028
8,2,2 69.1308 0.158617 11.9535 0.125325 10.7713
8,2,3 73.0439 0.164164 10.8289 0.126548 9.86156
8,2,4 69.6649 0.160479 11.3815 0.128213 12.8542
8,2,5 56.2357 0.147513 11.3601 0.111403 13.9984
8,2,6 64.3579 0.185831 12.3771 0.150921 14.8477
8,2,7 67.5126 0.194974 11.8903 0.162323 16.8863
8,2,9 62.0554 0.369034 13.2325 0.367467 10.7618
8,2,10 71.4459 0.290593 15 0.0868359 45.6032
8,2,11 65.0061 0.321724 15 0.109345 25.7158
8,2,12 61.901 0.330916 14.3492 0.361575 50.6146
8,2,13 63.1719 0.26001 12.0636 0.22627 11.7388
8,2,14 59.8928 0.210942 11.616 0.182032 11.5847
8,2,15 65.0521 0.178709 11.3074 0.1378 11.8705
8,2,16 62.561 0.172869 10.829 0.118996 7.80611
8,2,17 69.8958 0.176666 10.4458 0.120852 7.77682
8,2,18 64.4203 0.18589 11.3408 0.152259 18.9098
8,2,19 74.1464 0.164041 10.8504 0.128582 21.6659
8,2,20 58.2214 0.160822 11.0531 0.12006 17.9797
8,2,21 72.8294 0.170724 10.6384 0.118435 18.9502
8,2,22 72.581 0.180818 10.8309 0.129471 14.1296
8,2,23 60.8384 0.199316 10.474 0.140395 9.21834
8,2,24 63.1344 0.236144 10.591 0.171123 7.42189
8,2,25 70.9787 0.267018 10.9604 0.185686 4.81717
8,2,26 62.3506 0.309312 11.0721 0.237631 4.57296
8,2,27 55.6627 0.328351 10.6681 0.243138 2.6949
8,2,28 62.876 0.38901 10.3544 0.279904 6.1054
8,2,29 67.0321 0.414081 11.338 0.286538 2.17853
8,2,30 51.2704 0.483957 10.5273 0.35958 2.49428
8,2,31 70.5123 0.483862 9.69544 0.388781 2.21856
8,2,32 73.0421 0.636812 9.53996 0.426087 3.82762
8,2,33 53.5303 0.550938 9.8328 0.357319 1.59157
8,2,34 63.8063 0.64046 10.001 0.401978 1.49135
8,2,35 70.1391 0.635224 9.09785 0.544269 2.83911
8,3,0 57.9169 0.121442 9.61289 0.0900948 17.0838
8,3,1 65.8334 0.345636 8.28559 0.191931 6.29084
8,3,2 67.2189 0.127334 8.34773 0.0936427 23.9211
8,3,3 56.3357 0.0349909 1.02359 0.0172922 19.3574
8,3,4 63.0584 0.155233 8.01156 0.133349 30.7692
8,3,6 55.7622 0.140042 9.92577 0.0945934 19.4086
8,3,7 316.311 269.113 1.51111 1.03019 298.28
8,3,8 54.5148 0.175111 9.54906 0.113395 13.1635
8,3,9 56.2659 0.054407 1.06838 0.0301936 14.9057
8,3,10 52.1014 0.185748 8.3818 0.111556 30.0278
8,3,12 66.8513 0.214055 8.6291 0.144265 5.68073
8,3,13 46.8655 0.175315 1.58092 0.141301 4.39717
8,3,14 60.4046 0.246798 8.31105 0.156375 8.62324
8,3,15 51.0805 0.474409 5.83965 0.473785 3.22321
8,3,16 65.5261 0.247292 9.21981 0.159222 8.78413
8,3,17 48.082 0.502971 8.08237 0.404006 2.7716
8,3,18 60.1175 0.326911 8.55549 0.184334 13.9634
8,3,19 316.659 1.54447 1.89139 2.33063 206.96
8,3,20 53.4349 0.337867 8.80258 0.202232 8.06792
8,3,22 53.2011 0.395286 9.3025 0.27467 5.4318
8,3,23 315.991 0.763282 1.00544 7.03929 170.16
8,3,24 63.5299 0.400255 9.2665 0.232637 8.25681
8,3,25 60.3825 0.614544 6.99385 0.441484 2.25351
8,3,26 62.5764 0.447737 8.55391 0.275507 5.4923
8,3,28 58.8678 0.505923 8.13542 0.31478 5.09445
8,3,29 55.0241 0.712836 5.43945 0.505521 2.88731
8,3,30 60.0451 0.607825 8.11469 0.370704 6.72712
8,3,32 56.3973 0.516216 9.22798 0.372641 2.57855
8,3,34 64.4654 0.607058 8.77275 0.395524 2.27549
8,4,0 55.1083 0.353519 7.72602 0.205637 4.19277
8,4,1 69.1617 0.329806 8.01501 0.257264 4.17533
8,4,2 69.2545 0.288251 6.82122 0.243248 4.39202
8,4,3 65.5394 0.434841 9.30978 0.33816 4.593
8,4,4 71.3439 0.114605 7.98469 0.0894391 34.8005
8,4,6 68.9881 0.136439 10.6161 0.111571 41.8479
8,4,7 60.0291 0.479188 10.0714 0.322455 8.33572
8,4,8 76.3528 0.127936 8.45669 0.0986543 59.3709
8,4,9 67.3555 0.353481 8.8863 0.250221 4.86182
8,4,10 70.8456 0.108011 7.86883 0.0960878 31.808
8,4,11 62.0963 0.392649 8.78768 0.218907 9.4013
8,4,12 75.4151 0.136876 9.01468 0.100468 42.3717
8,4,13 71.3164 0.420331 9.16822 0.290957 3.89672
8,4,14 61.7883 0.141295 9.78609 0.112658 28.6896
8,4,16 74.3046 0.146042 9.66589 0.101898 24.9521
8,4,17 57.0654 0.406061 8.68469 0.272258 3.89808
8,4,18 62.3141 0.165473 9.44515 0.110426 18.4935
8,4,19 64.1289 0.545554 8.89092 0.286246 3.35631
8,4,20 62.4906 0.160666 7.23352 0.123862 20.2767
8,4,21 59.1213 0.514457 7.59842 0.310587 5.99784
8,4,22 65.6982 0.111586 1.74839 0.195009 9.88336
8,4,24 66.042 1.43018 1.09842 10.0514 5.32895
8,4,25 63.045 0.453119 7.3482 0.323129 4.53472
8,4,26 59.0615 0.543375 8.50086 0.321387 3.7068
8,4,27 75.0203 0.908373 8.81479 0.645175 4.25585
8,4,29 71.1542 0.648164 5.80186 0.658153 2.31004
8,4,30 71.108 0.624416 4.7241 0.478607 2.8586
8,4,31 68.7123 0.490187 7.72666 0.31769 5.43358
8,4,32 73.271 0.839353 7.22798 0.529483 3.20728
8,4,33 68.8612 0.564328 8.95815 0.349463 19.2777
8,5,0 48.3162 0.237057 8.32689 0.154647 40.255
8,5,1 52.8856 0.141492 4.67399 0.108919 44.2783
8,5,2 47.5312 0.337678 7.36641 0.217106 29.8288
8,5,3 50.8368 0.17803 5.85959 0.130599 12.5851
8,5,4 53.0255 0.197601 4.75857 0.154428 24.5317
8,5,5 52.7642 0.223786 4.91688 0.176416 16.8391
8,5,6 50.4629 0.247371 5.01045 0.22223 7.5898
8,5,7 50.1584 0.427657 8.45314 0.243737 10.3974
8,5,8 55.3522 0.458101 10.0477 0.478604 4.44178
8,5,9 58.2716 0.43619 8.72157 0.298621 3.22806
8,5,10 54.1105 0.398854 8.8458 0.229483 8.71286
8,5,11 60.302 0.392545 8.75209 0.266965 6.07639
8,5,12 54.598 0.303587 8.67581 0.189509 8.95959
8,5,13 58.3419 0.296071 8.46599 0.212098 5.81529
8,5,14 51.6844 0.324618 8.77028 0.186044 14.5084
8,5,15 54.5979 0.226122 8.26982 0.135387 15.1906
8,5,16 63.547 0.219853 8.75637 0.135716 10.1008
8,5,17 52.399 0.173747 7.41413 0.0969485 23.0439
8,5,18 62.0389 0.171293 8.29529 0.100232 35.9157
8,5,19 55.5666 4.19391 8.75561 1.69825 0.771597
8,5,20 62.5089 0.142179 9.08218 0.0872953 64.9388
8,5,21 68.1672 0.363345 8.22441 0.274876 4.56385
8,5,22 58.1886 0.389519 7.60574 0.272222 3.25685
8,5,23 64.1791 0.350584 8.97327 0.21478 6.37755
8,5,24 54.2887 0.365096 9.56163 0.243726 5.41884
8,5,25 65.0137 0.345525 7.74941 0.245662 9.24589
8,5,26 53.71 0.332037 9.18665 0.223537 9.36634
8,5,27 56.0347 0.0254287 1.00193 0.00309017 14.7443
8,5,28 62.8425 0.243497 8.51333 0.185731 11.9425
8,5,29 64.563 0.24856 7.49786 0.178885 18.8734
9,0,0 49.1612 0.830247 5.87119 0.440677 2.21405
9,0,1 58.8444 0.591804 8.45331 0.400909 2.52517
9,0,2 60.7393 0.779171 9.02671 0.464739 2.83093
9,0,3 62.2483 0.533023 9.17443 0.303747 6.86161
9,0,4 60.1311 0.698413 7.68138 0.416251 5.19229
9,0,5 58.2443 0.561268 8.51 0.327942 6.20812
9,0,6 62.032 0.58133 7.36176 0.306903 4.43277
9,0,7 62.8405 0.578353 5.24147 0.475696 5.61051
9,0,8 55.1698 0.722174 5.66344 0.546593 5.43934
9,0,9 51.462 0.492628 7.43678 0.3268 3.97679
9,0,10 57.3151 0.723416 7.95514 0.497393 8.66429
9,0,11 55.9891 0.580359 7.29175 0.342849 5.96097
9,0,12 55.22 1.11567 6.37003 0.843727 8.74192
9,0,13 59.4338 0.358861 4.71187 0.372272 5.98551
9,0,14 53.7343 0.244547 4.56359 0.188775 8.90893
9,0,16 63.3342 0.175161 8.34715 0.104624 34.2108
9,0,17 51.0174 0.279853 5.52498 0.144028 5.91857
9,0,19 56.3495 0.444454 7.50666 0.270029 13.4666
9,0,20 54.4975 0.139305 7.70895 0.0887222 36.9324
9,0,21 50.0376 0.340289 8.66145 0.202868 10.5348
9,0,22 53.9965 0.141032 7.86586 0.0908089 41.8024
9,0,23 59.1941 0.248272 6.27907 0.183521 7.16392
9,0,24 68.4969 0.147941 9.76995 0.0997324 35.6446
9,0,25 62.2937 0.252427 5.31791 0.217765 11.9089
9,0,26 59.2327 0.124965 8.11704 0.0869165 68.8408
9,0,27 56.7418 0.375748 7.16411 0.235597 17.2411
9,0,28 61.1852 0.133531 10.3076 0.088753 57.518
9,0,29 56.7933 0.363548 7.39167 0.238483 16.1217
9,0,30 65.2592 0.125244 8.92796 0.0813068 80.755
9,0,31 62.0764 0.311987 6.53676 0.239693 13.901
9,0,32 67.2258 0.124363 9.63329 0.0852643 80.6047
9,0,33 58.9874 0.315748 8.75498 0.209148 14.7626
9,0,34 60.4983 0.253068 7.10011 0.149697 15.3512
9,0,35 69.8257 0.315706 8.85115 0.184898 11.4109
9,1,0 64.0889 0.294061 9.60073 0.197597 14.3744
9,1,1 61.5802 0.134735 11.1311 0.0947739 53.4529
9,1,2 69.9267 0.343081 9.51106 0.215614 10.7338
9,1,3 72.8735 0.146004 11.1823 0.102788 66.6315
9,1,4 67.6192 0.345249 8.71892 0.201156 9.92011
9,1,5 61.875 0.134402 10.3739 0.0885752 42.4827
9,1,6 60.7249 0.341588 8.93637 0.211155 15.9718
9,1,7 65.5571 0.124883 9.68633 0.0912669 25.0445
9,1,8 69.4256 0.362466 8.3425 0.178999 14.1028
9,1,9 70.9424 0.156792 9.77718 0.0975412 61.0586
9,1,10 61.6206 0.326337 6.72555 0.232194 7.03357
9,1,11 75.9167 0.151882 9.69367 0.0974207 37.3737
9,1,12 63.4535 0.53159 7.3424 0.422008 10.6885
9,1,13 62.0788 0.185528 10.2417 0.118988 29.5857
9,1,14 62.195 0.261532 4.52987 0.196357 15.4383
9,1,15 59.0544 0.20132 8.67128 0.114796 43.2649
9,1,16 58.4371 0.337012 6.50227 0.224964 6.2376
9,1,17 57.6682 0.239672 9.14181 0.147059 22.7206
9,1,18 59.3561 0.452049 7.13635 0.262404 9.43355
9,1,19 63.2668 0.249718 10.3107 0.158309 14.9881
9,1,20 59.1085 0.48489 3.40889 0.390299 5.39
9,1,21 53.5967 1.17424 15 0.0160019 42.3343
9,1,22 63.9858 0.343355 4.84566 0.267154 7.74038
9,1,23 54.5359 0.371194 7.24124 0.236491 18.8449
9,1,24 56.2902 4.71729 1.8336 9.85255 5.30558
9,1,25 67.9834 0.396885 8.43112 0.2226 22.2305
9,1,26 59.5266 0.415457 5.0394 0.422272 5.15056
9,1,27 64.3405 0.37448 9.93396 0.21791 10.5881
9,1,29 78.9609 0.348709 7.44411 0.353396 7.28665
9,1,30 48.9319 0.55226 4.16801 0.570274 3.36598
9,1,31 57.5461 0.530724 9.08138 0.343265 9.79485
9,1,32 52.4304 0.400249 4.14574 0.267031 3.87966
9,1,33 66.4115 0.602533 7.69469 0.291771 7.86839
9,1,34 46.9503 1.00664 1.02112 3.03257 4.32195
9,1,35 68.8193 0.692681 8.9147 0.415418 5.84968
9,2,0 65.5596 0.186502 13.1433 0.153418 8.76586
9,2,1 64.6552 0.173772 12.394 0.13542 8.30557
9,2,2 49.0605 0.179603 12.1037 0.149476 5.13312
9,2,3 65.3528 0.223312 13.7625 0.183112 4.5994
9,2,4 62.898 0.198908 13.0621 0.162171 7.55026
9,2,5 52.9637 0.191145 12.7691 0.156899 5.61362
9,2,6 56.0711 0.192174 13.0048 0.15833 7.10898
9,2,7 61.5294 0.202376 12.9395 0.165859 11.1615
9,2,10 69.0441 0.230567 15 0.295988 23.7733
9,2,11 67.4667 0.251013 15 0.419078 21.3567
9,2,12 50.0308 0.299384 15 0.0450179 13.5991
9,2,13 53.0512 0.29556 15 0.0525492 20.4231
9,2,14 69.2446 0.331138 13.6299 0.431875 57.2166
9,2,15 67.0175 0.148286 15 0.00316966 39.4378
9,2,16 65.7263 0.116553 15 0.215474 8.68476
9,2,17 56.726 0.162908 13.655 0.128285 7.01316
9,2,18 65.3766 0.299319 12.6799 0.332229 36.3376
9,2,19 69.0427 0.250949 12.0058 0.23612 32.9441
9,2,20 61.8642 0.24357 12.8087 0.215133 12.4026
9,2,21 65.4103 0.205197 12.304 0.185684 9.99991
9,2,22 63.5091 0.187764 12.2887 0.169736 22.8871
9,2,23 66.6075 0.182556 12.6277 0.142828 19.2129
9,2,24 48.6842 0.171656 11.1946 0.184064 5.38798
9,2,25 65.5736 0.172715 10.7658 0.167662 11.7749
9,2,26 57.3595 0.241603 12.0955 0.190674 7.01695
9,2,27 69.1805 0.255201 10.6077 0.209895 11.3436
9,2,28 56.2451 0.479487 1.09073 0.477495 70.6401
9,2,29 58.3056 0.262094 9.95634 0.248092 4.7023
9,2,30 63.938 0.368782 10.465 0.297541 6.5212
9,2,31 67.0165 0.373988 9.56981 0.316561 5.43109
9,2,32 66.627 0.449096 9.88052 0.370131 4.50191
9,2,33 61.6771 0.404624 7.89709 0.409614 3.35709
9,2,34 66.8405 0.557056 7.80129 0.460014 3.03006
9,2,35 64.2551 0.522284 6.82555 0.460173 2.94363
9,3,0 61.0352 0.115298 6.92595 0.0849984 44.9288
9,3,1 45.4099 0.450389 5.52406 0.331321 11.167
9,3,2 59.9292 0.113987 5.85194 0.140671 63.7014
9,3,3 57.256 0.309682 5.93911 0.215586 6.42056
9,3,4 46.9218 0.151946 8.01956 0.109584 45.7109
9,3,5 55.7912 0.251561 5.55237 0.203617 4.89642
9,3,6 61.687 0.144279 5.53711 0.138965 55.4363
9,3,7 59.4835 0.280049 5.29692 0.224894 5.86334
9,3,8 55.1922 0.173688 6.95736 0.14796 39.4519
9,3,9 56.258 7.47894 1.34428 13.7412 5.78828
9,3,10 59.9549 0.146788 4.80862 0.149934 46.6026
9,3,11 56.2574 0.273651 6.25895 0.240972 4.67647
9,3,12 58.3845 0.154732 6.39141 0.118782 16.2939
9,3,13 49.0166 0.294086 5.49861 0.299237 5.78102
9,3,14 56.6321 0.154371 6.39435 0.128264 11.7796
9,3,15 56.4781 0.243017 5.13362 0.250876 5.38215
9,3,16 47.9572 0.143816 5.98923 0.178593 15.1915
9,3,18 55.8318 0.0284351 1.03143 0.0189663 15.2454
9,3,19 47.1044 6.45672 1.77409 8.8729 2.77633
9,3,20 43.6854 0.232536 5.13868 0.18096 16.0977
9,3,21 48.423 0.535562 6.10416 0.316136 3.68373
9,3,22 55.982 0.233903 5.30827 0.174631 8.51348
9,3,23 50.2345 0.476246 3.92912 0.337117 3.29731
9,3,24 56.0047 7.62866 1.26717 8.41094 10.7709
9,3,25 46.3005 3.86364 1.77841 8.75054 2.82795
9,3,26 61.1013 0.252042 4.17179 0.174938 9.51745
9,3,27 25.2547 4.29398 1.48625 13.7208 102.826
9,3,28 56.6747 2.05336 1.4277 1.66002 6.28651
9,3,30 47.1319 0.276738 5.10381 0.254888 3.39446
9,3,31 45.5955 1.82708 1.9256 8.51951 96.158
9,3,33 46.9257 7.79693 1.60796 11.211 2.09016
9,3,35 55.2886 0.0913636 1.00059 13.8857 2.62718
9,4,0 63.5814 0.352409 9.29884 0.229428 12.4026
9,4,1 57.3874 0.350483 9.45773 0.257792 7.01661
9,4,2 63.6864 0.402637 7.57032 0.300922 10.67
9,4,3 57.411 0.42153 9.28359 0.262651 8.32331
9,4,4 69.4378 0.151616 9.78347 0.0922708 77.1912
9,4,6 52.9301 0.119127 7.81268 0.0808895 43.3886
9,4,7 67.1666 0.440739 8.16636 0.248256 13.3167
9,4,8 70.5469 0.15047 9.67298 0.100139 38.7618
9,4,9 56.3287 0.460378 8.52355 0.284237 8.89231
9,4,10 63.5728 0.139871 9.7743 0.0844291 51.7194
9,4,11 67.5548 0.495243 7.79997 0.304748 13.9423
9,4,12 70.0604 0.157705 9.50083 0.0927867 32.5499
9,4,13 52.0149 0.373887 8.26243 0.354171 15.3828
9,4,14 64.7715 0.160522 8.92009 0.0996968 36.7539
9,4,15 58.2001 0.315634 6.15291 0.247907 4.25859
9,4,16 64.5333 0.179859 8.10517 0.11296 27.9719
9,4,17 57.6477 0.400456 6.45242 0.279303 4.97531
9,4,18 65.8375 0.190634 9.58356 0.125155 27.4819
9,4,19 60.7502 0.452494 8.41809 0.27194 8.78254
9,4,20 66.6398 0.2265 9.39008 0.154183 13.6895
9,4,21 60.2838 0.373433 6.41876 0.333269 5.15487
9,4,22 62.9759 0.495838 9.51796 0.342071 5.18377
9,4,23 60.8308 0.519977 8.08378 0.326766 6.35892
9,4,25 67.6127 0.581148 8.93788 0.346831 2.57157
9,4,26 61.6404 0.870322 10.7605 0.511142 3.19131
9,4,27 56.5196 0.572664 8.69466 0.363559 2.69031
9,4,28 72.8422 0.973306 11.7048 0.78271 3.5713
9,4,29 66.9224 0.751669 9.98642 0.527327 3.25205
9,4,31 74.1518 0.58517 9.42754 0.42656 3.39925
9,4,32 67.8032 0.793851 8.85513 0.482545 2.64051
9,4,33 60.2814 0.516002 5.76498 0.686515 4.70154
9,4,34 67.6859 1.04686 9.07495 0.898428 2.54903
9,4,35 65.9535 0.699139 9.38215 0.495616 2.40324
9,5,0 57.6369 0.217331 6.05968 0.148575 13.6658
9,5,1 48.7624 0.307987 7.88017 0.201795 21.0974
9,5,2 57.6258 0.20439 5.72469 0.164243 6.9131
9,5,3 54.6515 0.410215 6.05489 0.320164 13.7438
9,5,4 48.3109 0.292028 6.90648 0.196588 9.1622
9,5,5 57.3561 0.611502 7.44197 0.366759 17.2615
9,5,6 48.3813 0.281721 4.85946 0.205248 3.66727
9,5,7 50.718 0.295937 3.77323 0.196266 7.78377
9,5,9 62.8167 0.474022 8.22874 0.257306 8.18116
9,5,10 50.5387 0.413356 7.22511 0.234752 6.35409
9,5,11 53.1768 0.347328 6.84657 0.231435 5.8718
9,5,12 53.1551 0.306131 6.76641 0.21835 5.51111
9,5,13 46.4163 0.407013 8.60679 0.30979 8.09904
9,5,14 59.9558 0.324981 7.69043 0.188204 14.163
9,5,15 54.922 0.252351 9.06534 0.165071 9.1393
9,5,16 61.6473 0.217211 5.55942 0.19078 16.9762
9,5,17 52.8098 0.201362 6.39702 0.137165 21.7978
9,5,18 47.7631 0.213423 7.6911 0.157737 21.5374
9,5,19 56.0372 0.288311 7.47285 0.192114 57.9847
9,5,20 62.5488 0.147459 7.74037 0.0949125 29.1698
9,5,21 63.373 0.441128 9.05281 0.310197 2.52113
9,5,22 56.6213 0.404281 9.31549 0.294627 2.81356
9,5,23 55.4431 0.324503 8.60173 0.215239 5.50016
9,5,24 53.2625 0.284904 7.59934 0.178149 7.13113
9,5,25 56.4989 0.3 10.0532 0.208529 12.0483
9,5,26 63.2429 0.240871 8.23957 0.140764 19.324
9,5,27 56.5493 0.251241 9.04024 0.164574 6.52556
9,5,28 57.1824 0.210797 8.70073 0.149132 12.8435
9,5,29 68.8177 0.197671 9.08831 0.144545 24.4398
10,0,0 78.9964 0.986854 8.47096 0.708126 2.66436
10,0,1 72.7085 0.457487 7.51985 0.310916 2.83735
10,0,2 78.8489 0.721906 8.06219 0.540258 1.41746
10,0,3 79.4257 0.496638 8.08768 0.298886 5.18236
10,0,4 74.0237 0.81409 6.65067 0.580311 3.04639
10,0,5 81.6067 0.435545 8.14416 0.262897 5.61566
10,0,6 75.9832 0.738399 8.44385 0.51325 2.4402
10,0,7 78.6185 0.708249 8.65495 0.39993 3.06743
10,0,8 79.7632 0.599966 8.18127 0.399952 3.06483
10,0,9 79.6775 0.517252 7.90237 0.351728 2.3518
10,0,10 68.6625 0.582968 8.98884 0.319068 4.31826
10,0,11 76.9021 0.498476 9.17363 0.343319 2.41218
10,0,12 72.6583 0.549558 8.01755 0.375992 3.53869
10,0,13 79.9579 0.404342 8.86359 0.301368 2.37576
10,0,14 76.6473 0.44035 8.55547 0.27059 4.04768
10,0,15 75.3433 0.451068 7.02461 0.242501 7.01806
10,0,16 75.9229 0.177543 8.54349 0.105459 14.4166
10,0,17 74.324 0.477152 8.36632 0.32719 7.1397
10,0,18 71.4465 0.147464 7.55185 0.0816735 27.5951
10,0,19 68.9502 0.365434 8.95055 0.230058 2.68813
10,0,20 66.8937 0.160468 7.59122 0.099617 40.0713
10,0,21 71.8484 0.353427 8.73782 0.221885 3.56488
10,0,22 64.371 0.13198 6.52625 0.0956688 36.9864
10,0,23 66.2203 0.400921 9.19095 0.285582 4.63599
10,0,24 77.2523 0.15017 7.84293 0.0964709 50.8253
10,0,25 74.2866 0.365207 8.48952 0.268466 4.59487
10,0,26 78.3251 0.137706 8.03377 0.0838893 55.7
10,0,27 76.4116 0.404757 7.76608 0.285237 6.82831
10,0,28 73.2335 0.103308 6.88475 0.0687135 30.4947
10,0,29 78.2976 0.368201 8.46612 0.248744 6.5823
10,0,30 79.4929 0.11083 7.85495 0.077225 30.8041
10,0,31 78.6944 0.348755 8.60183 0.257461 6.48781
10,0,32 81.4762 0.0973291 6.87172 0.074469 29.0036
10,0,33 74.7965 0.328048 7.55186 0.192422 6.28578
10,0,34 70.5975 0.337081 8.66365 0.221777 4.19252
10,0,35 81.7307 0.319083 7.53751 0.199434 5.23809
10,1,0 93.0665 0.370422 7.72928 0.237495 6.87167
10,1,1 77.7938 0.174917 8.37253 0.103173 63.6611
10,1,2 90.9932 0.393118 8.07766 0.265514 6.33428
10,1,3 91.4388 0.166644 9.05642 0.0948174 52.4612
10,1,4 72.7498 0.480643 7.79777 0.381114 9.23838
10,1,5 91.8163 0.175652 8.05374 0.11041 33.4987
10,1,6 91.6069 0.464144 8.87257 0.278787 6.93086
10,1,7 92.6666 0.218136 7.03304 0.161654 33.4813
10,1,8 82.8075 0.479959 8.00683 0.288701 5.61503
10,1,9 89.0728 0.210693 8.05707 0.118895 28.1254
10,1,10 80.4275 0.507191 9.32004 0.365567 5.51229
10,1,11 81.1479 0.234674 8.6182 0.142687 24.0824
10,1,13 91.5138 0.248929 8.25714 0.139483 22.2846
10,1,14 89.9705 0.517807 7.9275 0.307614 5.85894
10,1,15 90.5983 0.262233 7.44738 0.160378 13.5696
10,1,16 82.7908 0.566651 7.16914 0.383113 6.13425
10,1,17 79.3986 0.293325 7.50913 0.18224 10.6367
10,1,18 89.8331 0.53944 7.83275 0.449776 3.31006
10,1,19 94.0754 0.556241 7.37108 0.341994 17.5385
10,1,20 71.8044 0.534964 7.16541 0.362843 3.96532
10,1,21 84.744 0.499815 7.39698 0.308405 11.4031
10,1,22 89.6233 0.695198 7.51726 0.516329 5.82293
10,1,23 86.7146 0.460484 8.34033 0.286296 7.56492
10,1,24 94.4434 0.980982 11.1598 0.733955 4.42729
10,1,25 87.809 0.53889 8.20163 0.313636 9.07383
10,1,26 72.8289 0.765573 8.17512 0.515055 2.50782
10,1,27 91.1208 0.520741 8.38933 0.308118 9.67969
10,1,28 73.0986 0.704214 7.41623 0.430543 2.23228
10,1,29 85.9656 0.580946 8.45629 0.337877 5.09684
10,1,30 89.5043 0.846851 8.55253 0.574548 2.58753
10,1,31 92.4793 0.610721 9.49387 0.386672 6.76148
10,1,32 79.2353 0.918032 7.70201 0.623837 1.98102
10,1,33 83.9674 0.911325 8.2893 0.919745 3.36637
10,1,34 82.8179 1.48587 9.71368 0.853155 2.73617
10,1,35 89.2666 0.790323 8.5805 0.507396 6.6441
10,2,0 51.2564 0.132492 10.5125 0.110189 13.2561
10,2,1 51.2344 0.141276 10.4782 0.131278 18.4488
10,2,2 44.5953 0.92753 11.7506 0.740342 0.836381
10,2,3 48.5798 0.139227 10.4381 0.110729 7.86838
10,2,4 54.7323 0.1484 10.9714 0.118812 12.985
10,2,5 60.0849 0.167107 11.5482 0.139515 18.2373
10,2,6 61.0284 0.163803 10.6098 0.141009 12.2349
10,2,9 58.354 0.352599 12.456 0.381026 21.6452
10,2,10 59.1264 0.286284 15 0.10321 25.5499
10,2,11 58.6446 0.276328 15 0.0611186 38.0102
10,2,12 55.7983 0.354418 12.6941 0.297872 14.9181
10,2,13 55.4254 0.241898 11.6318 0.204533 9.86353
10,2,14 49.4556 0.213293 11.0822 0.194626 13.364
10,2,15 50.9403 0.133002 10.1917 0.103353 6.75799
10,2,16 57.6124 0.143947 10.4828 0.104058 9.78482
10,2,17 51.1039 0.146799 10.1161 0.102901 9.75164
10,2,18 48.4042 0.171315 10.5231 0.140981 12.9123
10,2,19 52.3354 0.131117 10.3787 0.104097 23.7754
10,2,20 59.4326 0.122281 9.85274 0.0919582 20.7831
10,2,21 55.2982 0.142072 9.99824 0.107564 20.7745
10,2,22 57.6988 0.143229 9.79899 0.105064 15.5602
10,2,23 50.4402 0.165046 9.95449 0.12109 11.6539
10,2,25 54.2243 0.203492 9.20309 0.159527 8.90908
10,2,26 53.5072 0.227498 8.86593 0.168936 6.69061
10,2,27 52.13 0.271252 9.36953 0.19026 6.3404
10,2,28 57.6168 0.301022 9.2518 0.24441 6.76529
10,2,29 53.2004 0.351569 9.85829 0.261451 4.08065
10,2,30 44.6419 0.369292 9.46423 0.26998 3.44289
10,2,31 62.0762 0.41483 10.045 0.32135 2.66958
10,2,32 54.733 0.421907 7.86872 0.366652 3.63819
10,2,33 54.3886 0.50074 9.14575 0.404936 2.23011
10,2,34 57.9184 0.588557 9.31075 0.467369 3.23921
10,2,35 57.2979 0.608675 7.9972 0.474786 2.89541
10,3,0 71.601 0.146274 10.2915 0.0977456 49.9937
10,3,1 61.1404 0.302475 6.87724 0.277016 6.83033
10,3,2 66.495 0.151019 8.77064 0.104514 66.0842
10,3,3 74.1856 0.316436 7.97491 0.248333 5.36635
10,3,4 70.6248 0.127244 7.85509 0.108275 30.3719
10,3,5 67.2966 0.314012 7.7689 0.22415 5.95203
10,3,6 67.1249 0.16533 8.47114 0.11653 34.8212
10,3,7 66.5927 0.36335 7.04228 0.266736 5.86079
10,3,8 77.5078 0.160888 7.59202 0.114094 29.3677
10,3,9 65.8592 0.0419961 1.02289 0.0242554 6.84489
10,3,10 68.3074 0.211195 8.84285 0.126504 22.5104
10,3,11 67.6387 0.303909 7.35972 0.249831 3.0126
10,3,12 64.26 0.206249 9.60367 0.143076 9.73735
10,3,13 63.284 0.499039 7.57488 0.426899 5.90782
10,3,14 68.0312 0.194771 8.03257 0.151809 7.97824
10,3,15 66.0218 0.734006 1.06975 2.00188 7.52938
10,3,16 63.4095 0.273154 8.63733 0.218111 10.3099
10,3,17 73.6768 0.448335 7.80504 0.363161 2.66707
10,3,18 67.7584 0.259311 9.22299 0.18853 7.08233
10,3,19 73.0025 0.357661 4.58945 0.266422 7.36481
10,3,20 75.3197 0.354097 8.23968 0.258375 9.38268
10,3,21 64.8665 0.464168 8.04575 0.358377 2.79803
10,3,22 63.2027 0.35498 9.88379 0.265853 4.69967
10,3,23 59.4977 0.448366 6.78337 0.369388 2.26728
10,3,24 73.8832 0.360775 9.42833 0.216241 7.21301
10,3,25 76.5599 0.539398 5.86049 0.39479 2.41998
10,3,26 76.774 0.40818 9.70903 0.285606 8.58294
10,3,27 70.3449 0.539222 4.30204 0.429258 4.79472
10,3,28 73.6059 0.467882 7.60206 0.380725 3.40527
10,3,30 69.7392 0.479566 8.94021 0.333955 5.114
10,3,31 73.9461 0.624999 5.41584 0.484317 3.23563
10,3,32 68.1783 0.449946 7.71475 0.373616 2.49421
10,3,33 69.6586 0.659143 5.23248 0.524197 2.86755
10,3,34 65.9201 0.422602 7.88672 0.380924 4.00232
10,3,35 76.9063 0.73349 6.25056 0.625475 1.93984
10,4,0 72.223 0.351472 8.6969 0.234899 4.94457
10,4,1 71.358 0.305247 7.6794 0.253997 7.88356
10,4,2 67.8833 0.355841 8.74234 0.256882 6.3747
10,4,3 75.4627 0.383229 10.4682 0.29223 8.65164
10,4,4 71.3079 0.13262 9.42662 0.106542 25.6392
10,4,5 70.7477 0.412676 11.2828 0.314891 8.07303
10,4,6 71.2442 0.116476 8.52533 0.0922377 41.2776
10,4,7 68.2446 0.355029 9.59509 0.303557 8.00041
10,4,8 65.1811 0.136016 9.16946 0.100168 59.2845
10,4,9 71.5024 0.44054 9.42644 0.305091 4.26572
10,4,10 74.8115 0.148657 8.8802 0.111179 73.5381
10,4,11 76.207 0.31774 8.51153 0.251301 4.66775
10,4,12 79.3083 0.110363 7.69299 0.0787128 47.5567
10,4,13 70.1993 0.302518 8.47142 0.199328 5.5855
10,4,14 79.5407 0.119391 7.95905 0.0814756 45.5467
10,4,15 62.6477 0.375884 7.38312 0.273336 1.8837
10,4,16 69.5321 0.117304 8.23556 0.0820704 31.5005
10,4,17 69.2956 0.381539 8.55642 0.226003 4.15338
10,4,18 80.9692 0.134902 8.01652 0.0783814 44.0548
10,4,19 69.5154 0.314586 6.89873 0.271821 3.46799
10,4,20 70.7562 0.144508 8.23515 0.0930383 26.3664
10,4,21 66.3009 0.0965954 1.82361 0.133769 11.1834
10,4,22 75.0085 0.480379 8.63709 0.31913 2.34421
10,4,23 69.7191 0.441751 9.59052 0.285832 2.53492
10,4,24 68.158 0.421075 8.50427 0.280307 1.73948
10,4,25 70.8547 0.431149 7.72469 0.330093 3.39211
10,4,26 62.3687 0.475745 7.36215 0.283875 2.29882
10,4,27 76.4115 0.623927 7.94763 0.403489 2.25583
10,4,28 74.2594 0.587014 8.82375 0.409471 2.70859
10,4,29 73.4779 0.666759 8.32317 0.53584 2.90433
10,4,30 76.6386 0.939501 6.99415 0.640486 4.26282
10,4,31 72.6101 0.404942 6.23747 0.325341 6.97914
10,4,32 68.403 0.733605 7.38156 0.49184 2.32027
10,4,33 81.3329 0.523406 8.84543 0.318976 8.06879
10,4,34 73.9245 0.89299 7.0032 0.728573 2.62254
10,4,35 74.1922 0.49543 7.2473 0.321602 3.22789
10,5,0 65.9725 0.225487 7.95803 0.151547 87.6356
10,5,1 69.8655 0.171138 6.77838 0.114661 39.3936
10,5,2 57.0409 0.243492 7.57736 0.157728 58.7605
10,5,3 72.4328 0.255373 7.65281 0.163178 23.7275
10,5,4 68.7458 0.19694 5.96937 0.160681 27.3036
10,5,5 60.5818 0.280335 6.408 0.20424 24.7767
10,5,6 63.7737 0.253526 5.18825 0.195358 21.4005
10,5,7 58.6373 0.265041 5.83026 0.217699 15.4855
10,5,8 63.7627 0.252901 4.73194 0.197044 14.4292
10,5,9 77.0582 0.632504 8.13055 0.332661 11.4829
10,5,10 60.6819 0.410043 7.60234 0.273785 8.28831
10,5,11 69.0464 0.375435 9.24537 0.206704 10.1648
10,5,12 66.8164 0.507334 6.741 0.339804 20.0473
10,5,13 77.2218 0.36351 9.35347 0.201108 18.1095
10,5,14 69.2519 0.320096 10.7454 0.234098 23.9502
10,5,15 72.8464 0.27159 10.6697 0.151078 34.0085
10,5,16 64.3015 0.247213 10.8563 0.14671 41.4685
10,5,17 73.8135 0.207117 10.6089 0.122144 59.467
10,5,18 75.3622 0.200013 9.16369 0.121848 46.6541
10,5,19 77.3863 0.19723 10.1761 0.11479 71.7446
10,5,20 64.4777 0.168599 9.64592 0.108203 69.1901
10,5,21 68.674 0.478727 10.795 0.315561 10.1822
10,5,22 79.0895 0.401655 10.0984 0.329306 10.0906
10,5,23 81.2135 0.373604 10.5395 0.251855 8.0667
10,5,24 79.9676 0.475437 6.30591 0.686945 20.6378
10,5,25 81.7497 0.277264 5.35002 0.268588 27.5867
10,5,26 83.3897 0.272021 9.21022 0.209892 19.8024
10,5,27 79.0337 0.249693 9.78488 0.198307 22.1169
10,5,28 84.2163 0.269171 9.0741 0.223249 37.8886
10,5,29 76.5186 0.208968 8.31039 0.166304 28.6933
11,0,0 64.0123 0.65799 8.29082 0.373598 2.38892
11,0,1 64.0454 0.512577 9.26712 0.326172 2.85032
11,0,2 51.3486 0.474811 6.02196 0.258325 1.7915
11,0,3 63.2182 0.372779 7.64849 0.211479 4.097
11,0,4 55.203 0.547941 8.02581 0.295482 2.47683
11,0,5 59.8412 0.363776 8.32142 0.319102 5.59219
11,0,6 59.0019 0.546352 8.46246 0.338908 2.098
11,0,7 53.3282 0.510291 8.33419 0.294963 3.47406
11,0,8 63.8331 0.417428 7.80363 0.23219 4.18101
11,0,9 58.6243 0.378911 8.04707 0.257155 2.82635
11,0,10 63.9522 0.341447 7.23181 0.200961 3.69565
11,0,11 62.3846 0.356703 7.49892 0.195985 6.62489
11,0,12 62.4832 0.348614 7.99238 0.208387 5.48358
11,0,13 60.2435 0.365769 7.74538 0.20932 8.13958
11,0,14 63.0355 0.303185 7.82381 0.162721 8.72246
11,0,15 63.2841 0.273689 7.55767 0.150977 7.80238
11,0,16 61.7239 0.161179 8.83076 0.0999296 28.0857
11,0,17 58.8888 0.288618 8.13656 0.25938 4.15806
11,0,18 61.2231 0.16046 8.62875 0.138939 22.2145
11,0,19 56.9427 0.276494 8.18157 0.190122 6.50138
11,0,20 58.2421 0.124079 9.03329 0.0926818 15.707
11,0,21 51.9054 0.24772 7.30623 0.147838 8.66236
11,0,22 62.5077 0.145891 8.7668 0.125171 33.8719
11,0,23 56.5622 0.236525 8.15243 0.154394 6.5328
11,0,24 65.2165 0.114517 9.3508 0.0778152 23.1317
11,0,25 65.7884 0.215818 8.09379 0.129517 8.11788
11,0,26 64.8737 0.111695 9.72743 0.0758696 37.324
11,0,27 57.5644 0.228863 7.88341 0.132718 8.63708
11,0,28 63.1052 0.123905 8.9464 0.104478 59.7399
11,0,29 65.1297 0.224695 8.6843 0.147699 5.80294
11,0,30 64.0141 0.122163 9.16559 0.0820897 67.0977
11,0,31 57.9094 0.214531 8.54826 0.146481 4.66628
11,0,32 62.4097 0.132741 9.72899 0.117916 56.6533
11,0,33 60.6841 0.225426 7.96578 0.17764 7.84866
11,0,34 66.9152 0.218701 8.13286 0.135669 11.5843
11,0,35 68.4488 0.212696 8.33878 0.17346 5.22997
11,1,0 73.9914 0.296076 8.90279 0.22744 13.7276
11,1,1 69.4637 0.136621 10.0265 0.124812 48.9003
11,1,2 59.794 0.297956 9.74519 0.220303 10.76
11,1,3 74.2691 0.137064 11.0907 0.0984644 50.2582
11,1,4 64.9104 0.274687 8.58946 0.168164 11.5395
11,1,5 71.5313 0.13603 10.9373 0.0897814 75.4007
11,1,6 63.7641 0.284274 9.49593 0.182304 11.23
11,1,7 72.6581 0.143843 10.3515 0.10566 63.5591
11,1,8 54.5138 0.356746 8.22035 0.225664 12.9181
11,1,9 71.1078 0.144451 10.2675 0.0942548 38.1757
11,1,10 72.1861 0.294509 7.90709 0.169554 14.2713
11,1,11 69.8404 0.171125 9.97055 0.103872 38.7358
11,1,12 60.6449 0.349436 9.19208 0.223518 9.64163
11,1,13 71.2269 0.166171 9.97012 0.109402 26.489
11,1,14 72.1071 0.324236 8.1184 0.205942 10.79
11,1,15 71.4699 0.194065 9.77231 0.135275 27.4869
11,1,16 59.4053 0.352881 7.75723 0.230575 10.7468
11,1,17 56.2825 0.203432 9.31484 0.129668 26.1321
11,1,18 68.3198 0.437343 8.80703 0.259338 7.70146
11,1,19 75.3126 0.220965 10.4476 0.140682 18.4216
11,1,20 62.7335 0.37506 5.0802 0.303573 11.2147
11,1,21 72.6387 0.239803 9.69926 0.144811 25.1815
11,1,22 67.6391 0.497095 9.01045 0.291495 6.7663
11,1,23 70.3611 0.283447 9.3561 0.173615 10.6606
11,1,24 57.3562 0.481994 9.61095 0.337702 4.27658
11,1,25 59.131 0.312381 10.1189 0.20954 9.65531
11,1,26 72.445 0.542923 9.66175 0.285839 5.92571
11,1,27 65.5138 0.35126 9.77495 0.218899 7.60204
11,1,28 60.083 0.390966 5.04093 0.302273 5.47144
11,1,29 60.6379 0.424402 9.46428 0.259991 5.73906
11,1,30 55.4948 0.726093 5.73499 0.514717 4.70893
11,1,31 64.433 0.452756 8.47448 0.304105 3.0212
11,1,32 58.6577 0.701535 8.61971 0.491468 3.14481
11,1,33 65.671 0.0476186 1.00245 0.0216987 7.86482
11,1,34 74.8117 1.12954 10.2053 0.628218 2.21957
11,1,35 67.9023 0.528896 8.55594 0.367314 3.67736
11,2,0 44.2373 0.130607 10.3509 0.108226 5.44085
11,2,1 50.6801 0.140816 11.0256 0.117687 9.74235
11,2,2 50.3915 0.158745 11.5117 0.134954 10.3598
11,2,3 61.3624 0.171988 12.1672 0.139162 7.95983
11,2,4 61.7905 0.163364 12.5005 0.136142 12.6304
11,2,5 56.9116 0.159276 12.0466 0.131762 10.5529
11,2,6 55.7485 0.19176 12.271 0.166687 15.0991
11,2,7 40.9229 0.166545 11.0265 0.158126 7.56335
11,2,8 52.0192 0.228888 12.3167 0.225754 16.4271
11,2,9 51.7328 0.271251 12.7074 0.25799 8.59699
11,2,10 48.3807 0.297722 12.2233 0.30138 7.22503
11,2,11 55.2779 0.25872 15 0.144006 26.9752
11,2,12 44.6962 0.333107 15 0.137581 13.4022
11,2,13 49.1154 0.286081 15 0.0533095 16.7343
11,2,14 46.8902 0.273504 12.2933 0.383881 23.7234
11,2,15 52.4376 0.117833 15 0.00889393 7.78467
11,2,16 46.9607 0.154737 12.4063 0.133325 6.98729
11,2,17 55.4645 0.134825 12.0366 0.108697 10.735
11,2,18 56.3489 0.25862 10.315 0.312704 33.0047
11,2,19 56.7284 0.230191 11.8214 0.207217 17.4036
11,2,20 53.0363 0.205414 11.4306 0.199695 17.943
11,2,21 46.0063 0.152894 10.6527 0.157926 10.3649
11,2,23 45.4666 0.140948 10.7561 0.122164 11.7025
11,2,24 55.5747 0.146263 10.4109 0.128595 22.8247
11,2,26 56.3522 0.183529 10.5236 0.154845 21.9365
11,2,27 53.6739 0.191738 9.97909 0.164948 12.9541
11,2,28 57.7108 0.185568 8.62422 0.173062 10.5053
11,2,29 60.4045 0.270699 10.4272 0.213607 11.3504
11,2,30 45.2404 0.228888 8.81883 0.206878 3.59553
11,2,31 53.9606 0.287172 8.9035 0.26609 6.95916
11,2,32 53.0703 0.349465 8.38942 0.30446 6.35579
11,2,33 52.3707 0.398943 7.64314 0.37302 3.80563
11,2,34 46.767 0.449803 7.66972 0.368244 2.69785
11,2,35 50.5477 0.480344 5.48139 0.499402 2.93783
11,3,0 57.2708 0.120743 9.67342 0.0886548 15.5194
11,3,1 59.5678 0.298131 8.1298 0.252217 4.6076
11,3,2 58.8897 0.119835 9.29983 0.0948973 16.7064
11,3,3 57.2624 0.356684 7.86946 0.242504 4.34267
11,3,4 69.4038 0.112433 8.02204 0.0897461 21.7755
11,3,5 62.0994 0.315182 5.47156 0.283412 7.17445
11,3,6 58.545 0.128107 8.92567 0.0916073 16.5748
11,3,7 58.1122 0.342405 7.84946 0.211045 3.55824
11,3,8 65.7706 0.145949 9.85914 0.0971905 35.5023
11,3,9 58.2842 0.358034 8.02859 0.265972 3.63113
11,3,10 55.0855 0.16889 10.1981 0.118672 13.0322
11,3,11 63.582 0.419379 8.50328 0.361652 6.95451
11,3,12 58.7097 0.163897 9.63628 0.119512 13.7472
11,3,13 55.0633 0.425779 9.86874 0.317555 4.29643
11,3,14 52.4746 0.17244 8.47979 0.101741 36.5392
11,3,15 64.4483 0.402249 9.00795 0.274377 4.58994
11,3,16 49.1198 0.233056 8.15014 0.150578 25.4386
11,3,17 60.162 0.439284 8.41598 0.321916 5.52841
11,3,18 61.7496 0.223639 8.85054 0.13019 24.0054
11,3,19 59.1265 0.523126 7.83099 0.307735 4.41232
11,3,20 50.5873 0.295708 8.82657 0.205843 9.75434
11,3,21 61.109 0.542982 8.68781 0.413601 4.42874
11,3,22 52.9949 0.276448 8.87639 0.166794 11.017
11,3,23 66.9487 0.421146 8.38971 0.313249 3.54892
11,3,24 51.5089 0.230606 5.73188 0.202072 7.94411
11,3,25 63.3108 0.669238 5.97942 0.572257 4.08318
11,3,26 62.621 0.309938 7.71626 0.169479 8.17481
11,3,27 67.3715 0.623615 8.58954 0.357506 2.53931
11,3,28 44.3625 0.382422 6.08713 0.319042 16.0681
11,3,30 65.6158 0.245078 1.008 9.37686 7.97096
11,3,31 65.7964 1.64722 1.06575 13.1405 3.40977
11,3,32 56.7978 0.455453 8.76162 0.283511 2.61707
11,3,33 63.5833 0.746592 7.6261 0.435111 2.09295
11,3,34 63.5517 0.603935 8.48073 0.306109 3.4146
11,3,35 68.564 0.684503 8.01561 0.860224 4.20202
11,4,0 74.1368 0.386033 8.60853 0.325069 11.9661
11,4,1 69.9449 0.292539 7.92301 0.2687 6.20868
11,4,2 72.7265 0.33689 8.51078 0.255556 12.0269
11,4,3 57.8419 0.417987 9.7818 0.344113 29.5458
11,4,4 77.4147 0.121163 8.01699 0.0912049 60.44
11,4,5 67.2811 0.310654 9.97036 0.227957 6.5437
11,4,6 69.1217 0.149921 11.0316 0.112631 55.1212
11,4,7 66.8194 0.341867 9.70034 0.262717 4.47685
11,4,8 66.7459 0.125922 10.4914 0.0895347 40.4113
11,4,9 72.8465 0.388068 9.9028 0.300228 9.67789
11,4,10 75.7097 0.138196 8.57448 0.114908 52.3703
11,4,11 62.197 0.370472 9.66322 0.23625 11.1629
11,4,12 74.3036 0.138776 10.1818 0.0939802 25.8215
11,4,13 65.9194 0.415089 9.04202 0.260281 8.98185
11,4,14 75.0256 0.18176 9.26083 0.14996 39.793
11,4,15 72.0501 0.352128 8.69286 0.22013 14.1885
11,4,16 64.0184 0.184334 10.929 0.118919 28.3233
11,4,17 61.0169 0.405358 9.67169 0.284659 6.17263
11,4,18 71.039 0.195093 10.0256 0.128016 25.0579
11,4,19 61.1812 0.416836 9.37961 0.257338 11.4634
11,4,20 66.1347 0.204906 10.3637 0.137378 22.6166
11,4,21 73.1751 0.468211 10.1701 0.335015 5.993
11,4,22 71.0574 0.476328 9.40938 0.252486 5.9258
11,4,23 59.0109 0.406136 8.43101 0.263699 4.21808
11,4,24 61.8802 0.482295 8.53905 0.295363 7.60445
11,4,25 64.1453 0.683311 9.35861 0.584042 5.28726
11,4,26 66.3065 0.508299 9.2896 0.35319 2.20557
11,4,27 69.2832 0.549309 9.5468 0.458654 4.20486
11,4,28 66.952 0.581901 10.2361 0.440384 4.15576
11,4,29 62.8419 0.918285 8.4389 0.813705 4.36049
11,4,30 70.3373 0.732989 8.15406 0.857323 3.51729
11,4,31 71.1015 0.359441 6.4907 0.255193 4.03141
11,4,32 64.6813 0.638494 5.22297 0.496595 3.4016
11,4,33 72.7068 0.710763 6.91215 0.634645 5.15482
11,4,34 66.1059 1.33765 1.1484 2.97253 3.75742
11,4,35 70.3695 0.499067 6.48876 0.59394 4.29623
11,5,0 60.6239 0.204897 7.14039 0.115673 33.6577
11,5,1 56.5239 0.252402 8.6866 0.163705 16.2167
11,5,2 53.0129 0.208671 7.27836 0.160632 13.9367
11,5,3 59.277 0.298553 8.7863 0.173013 13.0849
11,5,4 52.8305 0.255635 7.4208 0.155636 11.7934
11,5,5 50.3835 0.261179 6.6829 0.186992 8.25683
11,5,6 64.7127 0.2931 5.23786 0.233534 12.2121
11,5,7 57.6154 0.513107 6.98128 0.318778 14.5863
11,5,8 61.1471 0.377969 7.47395 0.23308 6.86634
11,5,10 55.5037 0.372361 7.59869 0.2097 7.45884
11,5,12 55.2279 0.334285 9.18641 0.211346 13.0506
11,5,13 71.8131 0.313425 9.39502 0.168162 15.2055
11,5,14 66.8899 0.294356 8.53506 0.173246 15.159
11,5,15 64.0241 0.248537 8.18284 0.160662 15.3764
11,5,16 69.3673 0.246176 8.7 0.147544 35.9483
11,5,17 67.0001 0.26431 8.33556 0.186727 38.3885
11,5,18 68.9772 0.212491 9.27549 0.130852 56.5189
11,5,19 63.8486 0.168174 7.90861 0.107542 31.6637
11,5,20 63.5283 0.168361 10.5177 0.12279 21.8504
11,5,21 75.0806 0.459755 9.16712 0.325268 8.37802
11,5,22 71.0459 0.410238 9.00499 0.333849 12.3823
11,5,23 69.358 0.27798 8.03023 0.257285 5.40089
11,5,24 63.355 0.346251 9.30005 0.253329 11.0822
11,5,25 76.2522 0.278831 8.55085 0.233357 12.1536
11,5,26 66.4668 0.255912 9.10694 0.192528 8.73407
11,5,27 69.4881 0.235168 9.31151 0.192674 16.8412
11,5,28 60.099 0.193856 8.07199 0.177544 15.6644
11,5,29 73.3919 0.191326 10.1536 0.128616 27.1606
12,0,0 114.535 0.999432 11.0066 0.623903 2.54114
12,0,1 101.3 0.67095 10.4768 0.368127 4.77578
12,0,2 105.098 0.983573 11.7659 0.566387 3.27067
12,0,3 103.026 0.619372 11.5006 0.445466 5.0476
12,0,4 106.887 1.09924 13.0994 0.822881 2.29681
12,0,5 97.5888 0.554869 10.2828 0.335577 3.82349
12,0,6 104.079 0.886107 11.7212 0.538689 2.19222
12,0,7 96.8189 0.876951 12.0774 0.493376 2.21609
12,0,8 105.999 0.759347 10.4359 0.504263 3.02592
12,0,9 94.9871 0.851367 11.4288 0.599946 3.75046
12,0,10 102.446 0.704369 11.5584 0.375117 6.23054
12,0,11 96.3719 0.728844 12.0185 0.505062 3.88911
12,0,12 89.5214 0.592413 10.2794 0.393483 4.18938
12,0,13 109.374 0.540421 9.50356 0.323502 7.24832
12,0,14 100.332 0.502781 9.61048 0.363126 4.57446
12,0,15 110.625 0.536577 10.9566 0.318651 7.61825
12,0,16 112.329 0.21675 10.6052 0.115707 34.3306
12,0,17 86.6592 0.512228 9.84449 0.305061 8.23088
12,0,18 105.446 0.215631 12.3448 0.133807 23.8087
12,0,19 100.895 0.454777 10.4262 0.302284 5.52376
12,0,20 104.16 0.186609 11.3467 0.110628 50.3001
12,0,21 94.8608 0.474578 11.3068 0.295741 6.06094
12,0,22 90.9141 0.175024 10.7458 0.0988193 56.1539
12,0,23 98.3778 0.464806 11.1919 0.251954 7.78001
12,0,24 92.589 0.173997 11.4973 0.106416 49.8315
12,0,25 89.8323 0.449447 10.941 0.266748 8.60734
12,0,26 103.451 0.185174 10.4553 0.12128 52.0505
12,0,27 100.324 0.443509 10.8947 0.277291 7.70805
12,0,28 106.948 0.201924 11.8779 0.136493 42.481
12,0,29 102.928 0.482687 12.667 0.337437 9.43413
12,0,30 114.419 0.207818 12.1113 0.138264 66.7596
12,0,31 100.865 0.468371 13.1812 0.336742 3.96591
12,0,32 88.7745 0.195461 12.2149 0.130911 46.14
12,0,33 93.8406 0.458363 11.5099 0.285427 11.3872
12,0,34 110.019 0.472537 10.732 0.269406 9.63395
12,0,35 96.7306 0.46277 11.238 0.242966 7.80929
12,1,0 90.5166 0.389195 9.22889 0.21125 9.74372
12,1,1 98.8247 0.188061 10.5638 0.122906 38.4832
12,1,2 97.6788 0.441794 8.59692 0.241556 10.7463
12,1,3 84.0976 0.171955 8.28475 0.111178 45.0687
12,1,4 97.8312 0.459896 9.36927 0.277497 9.39144
12,1,5 81.697 0.166244 9.32774 0.0997321 46.9837
12,1,6 81.7975 0.378797 7.73604 0.235399 5.86125
12,1,7 97.4493 0.216126 8.71478 0.123368 51.3777
12,1,8 92.5946 0.463757 8.43833 0.295536 5.61997
12,1,9 93.0033 0.218888 7.83556 0.147862 28.1026
12,1,10 90.9267 0.453558 7.74507 0.30407 5.17268
12,1,11 97.4785 0.244846 8.80692 0.149629 33.8411
12,1,12 78.4859 0.47317 9.3249 0.305676 5.25958
12,1,13 93.0998 0.282436 7.36289 0.208928 23.6618
12,1,14 81.3035 0.496244 7.99675 0.341377 4.03383
12,1,15 91.0854 0.236829 7.77055 0.147475 14.4226
12,1,16 82.8231 0.522831 7.99996 0.375688 4.04859
12,1,17 95.5803 0.33505 8.21739 0.188163 16.6699
12,1,18 91.1673 0.573499 7.8972 0.403249 5.23727
12,1,19 90.2343 0.327935 8.32151 0.212871 15.1945
12,1,20 82.1553 0.670731 7.9483 0.518721 5.00693
12,1,21 97.1804 0.453036 8.97162 0.240876 13.1994
12,1,22 79.9929 0.580184 8.37196 0.434446 3.01232
12,1,23 89.166 0.454939 8.31896 0.220506 14.7431
12,1,24 79.9498 0.605279 8.12362 0.408553 3.89725
12,1,25 79.9989 0.463631 8.27154 0.247944 10.0693
12,1,26 90.7671 0.633522 6.58346 0.406596 2.76815
12,1,27 91.5135 0.464253 7.02083 0.31418 5.65378
12,1,28 90.6202 0.813047 9.74351 0.605758 1.74047
12,1,29 93.7373 0.51859 7.83956 0.284357 7.3145
12,1,30 77.7313 1.01492 8.68595 0.752959 4.03419
12,1,31 93.8368 0.589184 8.73138 0.348206 5.1082
12,1,32 95.735 0.974377 8.15171 0.67434 4.01392
12,1,33 83.384 0.597214 8.25438 0.341894 5.73007
12,1,34 92.4949 0.742316 5.42068 0.625248 4.16945
12,1,35 82.5015 0.763422 9.24002 0.463293 4.01192
12,2,0 48.1498 0.18022 12.9879 0.213519 6.11813
12,2,1 64.3355 0.165944 13.3075 0.138123 9.91059
12,2,2 66.9452 0.188644 14.4111 0.158292 7.37142
12,2,3 66.1644 0.196942 13.9419 0.153917 11.995
12,2,4 67.6359 0.204726 14.8222 0.160007 14.0911
12,2,5 58.0406 0.204562 14.6271 0.174331 8.11747
12,2,7 59.4679 0.207568 15 0.333379 7.50585
12,2,9 62.3164 0.322651 15 0.107512 23.1403
12,2,10 62.3819 0.344412 15 0.0217417 31.1271
12,2,11 71.4683 0.316852 15 0.0298378 39.438
12,2,12 60.2028 0.272557 15 0.0331178 13.7669
12,2,13 65.664 0.229207 15 0.304037 11.2753
12,2,14 75.1035 0.315466 14.2062 0.263243 27.2702
12,2,15 71.5816 0.182511 14.7206 0.142063 6.63474
12,2,16 71.1502 0.149854 15 0.0330538 10.9002
12,2,17 72.3445 0.191914 14.0382 0.13074 10.6601
12,2,19 78.5267 0.202313 12.8771 0.155898 20.5138
12,2,20 68.6698 0.225596 14.0162 0.178726 23.9316
12,2,21 72.4788 0.212338 13.7676 0.162897 16.8126
12,2,22 67.9152 0.214625 13.2742 0.168147 13.3996
12,2,23 78.8451 0.212537 13.039 0.162951 9.80422
12,2,24 85.063 1.42055 1.00841 13.8448 1.54323
12,2,25 61.2851 0.252888 13.0879 0.188979 4.21891
12,2,27 56.6111 0.321877 13.211 0.244669 3.05088
12,2,28 68.4118 0.348656 12.9267 0.261319 4.18687
12,2,29 66.7023 0.399061 12.5487 0.293127 4.27297
12,2,30 69.7883 0.466365 13.7076 0.351578 2.88721
12,2,31 73.1357 0.501455 13.4277 0.38032 2.29079
12,2,32 71.6929 0.562316 12.9853 0.415814 3.00099
12,2,33 59.2823 0.552314 12.0203 0.402563 2.1627
12,2,34 71.5481 0.656094 12.7988 0.518033 2.11593
12,2,35 77.5533 0.731942 12.5833 0.516005 1.78781
12,3,0 71.3775 0.143106 9.94308 0.125264 35.5911
12,3,1 58.7797 0.308293 9.01613 0.22381 9.53336
12,3,2 75.9416 0.142228 8.79175 0.109854 56.6151
12,3,3 67.8916 0.302692 7.88048 0.211312 2.36094
12,3,4 73.0807 0.141502 8.64584 0.120598 39.6165
12,3,5 71.4989 0.280876 8.5616 0.176694 5.26547
12,3,6 59.7185 0.135579 9.4674 0.0947733 32.5666
12,3,7 68.9773 0.265349 7.81467 0.226066 6.74453
12,3,8 69.1934 0.165348 9.5285 0.110151 32.0356
12,3,9 70.5715 0.413865 8.9589 0.23091 6.2051
12,3,10 65.0182 0.161401 9.31292 0.10434 28.8739
12,3,11 65.4506 0.307063 9.00143 0.196489 10.1828
12,3,12 69.1291 0.19639 8.85993 0.114611 31.2592
12,3,13 62.7745 0.332931 8.84103 0.194242 9.2273
12,3,14 70.418 0.223203 9.22559 0.133527 15.4297
12,3,15 65.8565 0.450959 7.08008 0.287823 5.90807
12,3,16 66.3187 0.214124 9.04616 0.14306 20.198
12,3,17 74.222 0.374268 7.26205 0.298318 5.39908
12,3,18 65.6476 0.253866 9.34288 0.173787 8.16216
12,3,19 65.8975 6.03002 1.36865 13.1298 3.55855
12,3,20 73.6316 0.278526 9.32845 0.205297 8.0485
12,3,21 70.3812 0.405959 4.95182 0.38421 4.85062
12,3,22 73.2188 0.328139 8.77682 0.249424 8.92038
12,3,23 73.3801 0.718432 7.02864 0.532597 2.80683
12,3,24 67.2228 0.308319 8.43654 0.188884 13.5801
12,3,25 61.0667 0.479943 4.84013 0.400141 2.92975
12,3,26 70.7025 0.362667 8.92871 0.274022 3.81826
12,3,27 59.5714 0.517341 6.85811 0.583933 3.9853
12,3,28 64.2754 0.34583 7.37341 0.221722 6.75497
12,3,29 56.1825 0.0694966 1.0005 0.00818764 6.577
12,3,30 63.696 0.530763 8.73947 0.364554 6.78581
12,3,31 66.0352 0.0634199 1.00483 0.0137799 3.65705
12,3,32 67.736 0.409386 6.80863 0.305604 2.85254
12,3,33 66.3953 0.580003 7.46045 0.399984 2.77181
12,3,34 68.2743 0.46581 8.2475 0.32339 2.40563
12,3,35 66.7624 1.8838 1.08019 9.33758 2.5385
12,4,0 78.7759 0.24572 7.12716 0.185147 7.99564
12,4,1 80.0342 0.276007 8.04455 0.196954 7.25703
12,4,2 71.9747 0.315213 8.94128 0.225484 5.51977
12,4,3 78.5187 0.354681 10.0568 0.277699 8.41642
12,4,4 81.5771 0.153724 10.6441 0.113014 45.6051
12,4,5 79.4312 0.382866 10.5396 0.319174 17.3636
12,4,6 77.9372 0.141201 9.80731 0.105103 70.6721
12,4,7 79.4072 0.389628 11.556 0.294415 14.3869
12,4,8 78.7029 0.126022 9.18703 0.094535 63.7342
12,4,9 78.6747 0.326012 8.62444 0.246684 6.20138
12,4,10 75.9238 0.139801 9.46938 0.0992661 58.7541
12,4,11 76.8534 0.348922 9.07922 0.237524 5.31084
12,4,12 79.3166 0.14043 10.3019 0.0995755 55.3426
12,4,13 65.9223 0.0489619 1.0058 0.0174315 17.5088
12,4,14 79.834 0.119769 8.76742 0.0903796 47.0731
12,4,15 65.8721 1.37962 1.10089 10.6939 10.2293
12,4,16 80.451 0.123407 8.60675 0.0871165 46.5784
12,4,17 56.0595 0.0456421 1.02116 0.0207294 11.4489
12,4,18 72.8202 0.137073 8.99732 0.0925676 39.7221
12,4,19 64.6756 0.371986 8.41652 0.245373 7.47436
12,4,20 71.3539 0.154859 9.92815 0.102688 39.8344
12,4,21 73.1996 0.374483 8.35797 0.2916 6.02466
12,4,23 68.5128 0.388085 7.83747 0.26831 4.30276
12,4,24 65.61 0.473284 7.45693 0.258817 7.2134
12,4,25 70.4247 0.428655 7.12074 0.312512 3.57058
12,4,26 71.4518 0.454807 6.91303 0.310852 3.01287
12,4,27 65.0032 0.614463 6.76879 0.478278 3.773
12,4,28 69.0636 0.625312 6.28163 0.49842 1.28379
12,4,29 81.2231 0.709439 9.35112 0.459123 3.18437
12,4,30 56.4272 0.126015 1.0883 0.0649529 12.0217
12,4,31 72.8447 0.427263 9.99497 0.260379 6.06594
12,4,32 65.3097 1.25553 1.04972 9.47878 3.15382
12,4,33 69.9468 0.486064 8.77201 0.29182 4.05724
12,4,34 64.8012 0.870262 7.80624 0.548316 4.32241
12,4,35 69.3541 0.496965 8.94639 0.280788 5.09118
12,5,3 65.1737 0.203736 8.37785 0.129186 30.846
12,5,4 60.2844 0.168896 5.08389 0.164816 30.4185
12,5,5 51.5209 0.192968 6.3047 0.140177 14.0721
12,5,6 57.5327 0.336581 8.26483 0.182468 24.1435
12,5,7 53.3193 0.290958 9.60945 0.189572 16.2856
12,5,8 58.4736 0.384356 8.00977 0.211061 23.8269
12,5,10 58.7924 0.342072 8.66554 0.201463 7.02001
12,5,11 65.5204 0.271508 8.68546 0.163221 15.8644
12,5,12 60.8985 0.312051 9.29612 0.183839 12.566
12,5,13 60.2244 0.240879 8.96153 0.179151 17.2159
12,5,14 60.723 0.248691 9.50524 0.14334 20.5028
12,5,15 67.9138 0.201206 8.79272 0.128775 17.8689
12,5,16 64.9364 0.183941 7.84653 0.111793 32.6713
12,5,17 69.6424 0.180215 9.17162 0.102514 34.9933
12,5,18 57.183 0.148749 9.23957 0.102397 36.0228
12,5,19 64.3111 0.154605 9.86255 0.11883 37.7179
12,5,21 70.435 0.369913 8.84306 0.186827 10.5071
12,5,22 64.2674 0.376419 9.89861 0.253122 11.0933
12,5,23 65.6519 0.338602 9.04771 0.266721 12.665
12,5,24 70.2764 0.237413 7.32302 0.261482 11.4563
12,5,25 70.8356 0.259354 8.94038 0.234777 18.5709
12,5,26 64.2762 0.257993 9.27841 0.203894 17.1644
12,5,27 76.821 0.213669 7.8789 0.167611 21.0941
12,5,28 59.9259 0.151464 7.6193 0.122335 15.4114
12,5,29 64.3629 0.188945 9.83212 0.143482 27.5356
13,0,0 46.9284 1.20454 1.08488 1.30127 9.40618
13,0,1 60.1182 0.412083 6.41 0.292151 2.24901
13,0,2 56.1831 1.02258 1.00605 13.9299 5.69401
13,0,3 46.6584 1.44754 1.26624 1.09391 11.2917
13,0,4 46.1198 0.0651922 1.00815 0.0133684 5.22681
13,0,5 52.9623 0.311286 6.73587 0.186642 3.87007
13,0,6 62.6491 0.432843 5.85427 0.331247 2.48612
13,0,8 136.194 2.03716 8.28762 2.67646 0.930023
13,0,9 61.0693 0.366613 6.36749 0.212041 3.39486
13,0,10 60.3302 0.381649 7.05613 0.220535 4.78454
13,0,11 61.6558 0.379191 8.29977 0.339054 4.19069
13,0,12 51.9612 0.333565 7.33842 0.272892 3.56089
13,0,13 52.6731 0.346916 7.64734 0.260551 5.41915
13,0,14 59.0371 0.260225 6.77967 0.186181 1.65611
13,0,15 57.6379 0.250392 8.02616 0.157754 3.25332
13,0,16 60.2696 0.147204 7.76391 0.112314 11.3946
13,0,17 60.6408 0.244323 7.51378 0.184969 3.44131
13,0,18 68.3696 0.158553 8.05022 0.112293 27.0113
13,0,19 51.0405 0.242673 8.28332 0.18697 3.28549
13,0,20 66.332 0.137056 6.76918 0.097076 52.6479
13,0,21 54.9993 0.249925 8.55854 0.155026 7.24434
13,0,22 63.0838 0.11059 7.75492 0.0784692 31.1932
13,0,23 59.5484 0.224051 8.05804 0.152548 4.10741
13,0,24 67.3741 0.173139 8.10576 0.125137 59.8035
13,0,25 53.5821 0.223704 7.15464 0.169525 9.7295
13,0,26 57.6358 0.128359 8.43115 0.0901922 83.7695
13,0,27 62.7873 0.22708 7.26513 0.184973 9.464
13,0,28 69.3125 0.133731 8.42903 0.0937095 65.645
13,0,29 52.596 0.239982 8.4867 0.153352 9.75564
13,0,30 58.6583 0.137133 8.68443 0.0992964 70.5925
13,0,31 62.2835 0.202047 7.16477 0.133103 7.85573
13,0,32 66.0521 0.163839 8.47057 0.133344 57.1131
13,0,33 61.3596 0.215266 7.73593 0.127383 11.6985
13,0,34 65.56 0.268267 6.58819 0.185407 20.2422
13,0,35 64.7414 0.225816 7.13669 0.161308 12.0375
13,1,0 63.493 0.271537 8.44896 0.202784 14.894
13,1,1 73.4761 0.120762 10.139 0.0907148 51.8295
13,1,2 68.6875 0.241183 9.00996 0.171151 7.07304
13,1,3 73.1342 0.144001 10.3172 0.110264 53.7673
13,1,4 70.8293 0.248019 8.01604 0.212409 7.95745
13,1,5 72.9949 0.142152 9.71029 0.108282 44.3462
13,1,6 67.8296 0.211971 7.95638 0.134497 7.69714
13,1,7 59.9716 0.120821 9.72556 0.0815884 44.6298
13,1,8 67.1563 0.246634 8.63446 0.175555 7.38162
13,1,9 67.2948 0.121398 7.85992 0.0857265 42.2415
13,1,10 67.1005 0.241485 7.69054 0.149746 8.36073
13,1,11 60.0077 0.128375 9.1947 0.0894239 31.407
13,1,12 65.189 0.285817 8.0251 0.207716 6.78495
13,1,13 68.3852 0.130733 9.04881 0.0930069 23.8548
13,1,14 55.8019 0.268553 8.10269 0.186765 6.97692
13,1,15 64.2817 0.155481 9.39929 0.103913 20.1016
13,1,16 64.204 0.30557 8.73345 0.194428 8.37578
13,1,17 70.7026 0.143323 7.87022 0.123505 18.2442
13,1,18 63.3367 0.377364 9.41338 0.234433 5.22597
13,1,19 67.8817 0.169658 9.28802 0.116782 11.7362
13,1,20 57.2055 0.340761 8.82538 0.229407 4.37249
13,1,21 57.7155 0.192112 9.23863 0.129816 12.9929
13,1,22 67.742 0.337567 8.42598 0.216933 5.41311
13,1,23 66.4568 0.212591 8.69109 0.141089 14.0596
13,1,24 61.717 0.340318 6.85394 0.217089 4.23009
13,1,25 65.6672 0.259691 7.85806 0.162177 10.1261
13,1,26 67.564 0.373775 8.30673 0.291472 3.41033
13,1,27 69.5046 0.247985 8.60453 0.178816 10.4374
13,1,28 58.6732 0.40673 8.08571 0.318582 3.22592
13,1,29 66.2037 0.259933 7.72548 0.143084 12.6986
13,1,30 64.633 0.548296 8.37813 0.339606 2.0776
13,1,31 66.0515 0.328159 8.80039 0.198403 4.25519
13,1,33 58.1617 0.340581 8.27642 0.223962 2.81958
13,1,34 60.873 0.667747 8.73449 0.421798 1.60635
13,1,35 57.1497 0.371949 8.43885 0.249697 3.11274
13,2,0 52.9075 0.149181 12.3775 0.12231 8.0817
13,2,1 61.5624 0.15556 12.844 0.120391 11.2528
13,2,2 48.0606 0.145233 11.8714 0.117331 8.80959
13,2,3 46.5775 0.173838 11.7783 0.14462 5.01695
13,2,4 59.9334 0.204953 14.0875 0.175191 11.9281
13,2,5 60.5293 0.201493 13.5801 0.176229 16.5408
13,2,6 66.9876 0.184372 12.8808 0.164516 12.846
13,2,7 66.116 0.218595 14.3983 0.188348 18.8131
13,2,8 56.6196 0.245773 14.2583 0.225905 8.0726
13,2,9 53.0411 0.291596 14.4157 0.273766 6.98351
13,2,10 59.1758 0.349498 14.6839 0.334432 13.2405
13,2,11 64.8396 0.348502 15 0.0205846 43.7741
13,2,12 49.3026 0.319245 15 0.0227425 15.8295
13,2,13 64.5039 0.326442 15 0.112087 42.7278
13,2,15 60.5867 0.131081 15 0.00578996 15.7643
13,2,16 60.6127 0.167535 14.7402 0.138792 12.3016
13,2,17 55.8908 0.16469 13.4788 0.136135 6.15742
13,2,18 65.8422 0.246701 15 0.0696936 33.3715
13,2,19 55.6158 0.247295 12.6877 0.225701 15.2732
13,2,20 60.0986 0.267188 12.8764 0.27021 40.4504
13,2,21 59.5069 0.223471 13.4566 0.202909 28.4679
13,2,22 61.6206 0.207834 14.3632 0.186678 30.3163
13,2,23 57.9956 0.16866 13.059 0.147423 8.36697
13,2,24 53.8099 0.166992 12.7437 0.154434 8.08691
13,2,25 63.9029 0.188583 13.1658 0.148755 20.6299
13,2,26 49.6195 0.185727 11.7873 0.143173 6.77511
13,2,27 49.5265 0.193676 11.1122 0.153214 8.0139
13,2,28 62.9443 0.243833 12.0272 0.187158 12.6122
13,2,29 46.0791 0.273435 10.5858 0.202798 1.17925
13,2,30 47.5925 0.341012 9.76459 0.243014 1.75124
13,2,31 52.6373 0.334323 11.2884 0.250565 1.76508
13,2,32 58.5147 0.390562 10.3087 0.284881 2.55907
13,2,33 66.0139 0.567663 10.6113 0.39714 4.11285
13,2,34 58.7203 0.585004 9.72944 0.391311 1.76828
13,2,35 63.8312 0.580891 10.6737 0.488249 3.87189
13,3,0 61.8882 0.115485 7.7689 0.0727811 74.4932
13,3,1 52.3512 0.251551 6.91234 0.145062 11.0982
13,3,2 52.5778 0.187134 7.50754 0.168872 81.9403
13,3,3 48.1404 0.284258 6.87224 0.1918 8.80572
13,3,4 56.2279 0.154027 8.78194 0.10645 55.3941
13,3,5 50.5507 0.221518 6.17794 0.162114 5.14356
13,3,6 59.2954 0.129013 7.25954 0.0945089 42.3959
13,3,7 58.605 0.252152 6.10185 0.167998 7.78124
13,3,8 60.9485 0.11829 6.35661 0.109752 50.3035
13,3,9 58.7142 0.237837 6.09677 0.280562 9.81906
13,3,10 50.7298 0.122456 7.15759 0.0894497 26.8888
13,3,11 46.0242 0.28867 5.79937 0.213424 6.4887
13,3,12 55.6259 0.133502 8.21283 0.119779 19.1095
13,3,13 59.2115 0.26387 5.68381 0.187569 5.31539
13,3,14 47.2729 0.160499 7.59672 0.132606 14.8833
13,3,15 58.9757 0.259449 5.04987 0.275654 5.03745
13,3,16 58.6574 0.14111 6.72147 0.113627 17.731
13,3,18 48.4184 0.163449 6.97634 0.126451 14.2464
13,3,20 45.8431 0.0458273 1.25172 0.0657915 17.8988
13,3,21 55.9572 0.0398693 1.00209 0.0133249 6.28836
13,3,22 47.9344 0.174968 6.65521 0.157779 9.7242
13,3,23 57.3747 0.473232 5.51244 0.294257 4.95062
13,3,24 42.6265 0.207092 6.06474 0.198457 7.51058
13,3,25 47.9953 0.213091 1.21017 0.0442705 60.07
13,3,26 57.4485 0.185453 5.69374 0.202627 8.83562
13,3,28 56.5781 2.62159 1.80228 2.57868 6.82646
13,3,29 46.2418 0.849953 1.06558 1.92192 4.33371
13,3,30 57.5031 0.22378 5.86761 0.233574 7.02037
13,3,32 53.2482 0.248462 5.73535 0.18096 7.71466
13,3,34 56.0991 1.72831 1.73551 2.39482 9.96734
13,3,35 317.21 1.63669 1.9797 2.22607 160.68
13,4,0 64.0828 0.338916 8.37783 0.219866 12.5241
13,4,1 63.602 0.314343 10.5394 0.197581 14.3881
13,4,2 62.7301 0.293166 7.96009 0.196544 10.4135
13,4,3 56.0496 0.349592 8.36126 0.218176 17.0133
13,4,5 58.7181 0.3709 9.21538 0.271486 16.1856
13,4,6 62.3788 0.162662 10.3875 0.116684 57.6464
13,4,7 54.5163 0.428299 7.75059 0.336339 15.1832
13,4,8 60.325 0.161575 11.2682 0.110483 37.4799
13,4,9 51.2187 0.31804 7.34351 0.236284 11.1381
13,4,10 60.9255 0.158425 10.53 0.101277 60.2197
13,4,11 71.0031 0.324927 7.40354 0.201974 10.9928
13,4,12 70.6788 0.149332 9.94598 0.0899551 77.4235
13,4,13 60.0196 0.329048 7.5234 0.253708 8.46425
13,4,14 66.8509 0.184137 9.61856 0.117564 36.4497
13,4,15 61.346 0.433953 6.03612 0.505652 13.1016
13,4,16 72.9501 0.177638 9.2818 0.112142 57.2342
13,4,17 59.4684 0.361569 7.10336 0.257209 6.82503
13,4,18 73.376 0.203786 11.3568 0.137668 30.8039
13,4,19 65.0662 0.43843 6.27958 0.347106 9.44383
13,4,20 70.0243 0.211769 10.1201 0.136853 20.7188
13,4,21 60.9674 0.476834 9.92274 0.279496 9.33297
13,4,22 64.1818 0.471243 5.69774 0.392327 10.1089
13,4,23 67.3138 0.518759 8.24839 0.332455 8.98975
13,4,24 58.3311 0.522071 9.19298 0.325381 9.01948
13,4,25 69.2063 0.52938 8.88289 0.308624 4.60761
13,4,26 63.1645 0.696156 5.57678 0.615442 8.34341
13,4,27 66.5962 0.577718 8.93623 0.328177 5.30286
13,4,28 61.1169 0.393797 4.46232 0.30047 6.10744
13,4,29 58.9351 0.719457 9.98045 0.465613 3.62026
13,4,30 69.5876 0.736447 9.68456 0.434702 3.72138
13,4,31 68.1429 0.436309 9.66538 0.286913 5.21784
13,4,32 63.7835 0.714518 7.85685 0.454846 2.47065
13,4,33 67.1657 0.528477 10.1885 0.335788 4.95636
13,4,34 65.0182 0.892707 7.57059 0.512695 2.90798
13,5,0 66.5876 0.19427 9.42506 0.138082 18.5453
13,5,1 59.9231 0.243335 9.06994 0.145819 17.1382
13,5,2 61.7304 0.267737 9.9963 0.166303 14.6803
13,5,3 59.289 0.238889 8.54461 0.179597 13.2242
13,5,4 58.6084 0.320728 9.64506 0.214376 12.2347
13,5,5 63.9802 0.291631 9.40082 0.176916 13.1908
13,5,6 61.4935 0.376501 9.22963 0.258677 9.19593
13,5,7 66.8494 0.323572 8.9261 0.215379 5.10957
13,5,8 71.183 0.511881 5.95464 0.590648 10.5119
13,5,9 60.2876 0.34891 6.04057 0.284511 4.34429
13,5,10 65.6438 0.526954 7.59956 0.32683 10.6111
13,5,11 63.2586 0.338162 6.56019 0.261955 8.19796
13,5,12 65.6641 0.288702 8.4469 0.214324 7.00241
13,5,13 61.8498 0.238233 5.9992 0.221881 10.4453
13,5,14 69.8489 0.200688 6.74974 0.182816 7.12354
13,5,15 57.9215 0.217355 9.60032 0.156435 12.322
13,5,16 67.1224 0.206153 9.46896 0.154296 16.2754
13,5,17 68.4537 0.176785 8.95458 0.146726 13.8441
13,5,18 61.7299 0.213546 9.24601 0.191857 25.3999
13,5,19 67.5631 0.188164 8.34645 0.127441 44.4987
13,5,20 74.8083 0.188097 8.85114 0.157498 42.0602
13,5,21 68.4977 0.391498 7.57655 0.243937 7.57678
13,5,22 70.97 0.302908 5.71843 0.338783 9.8132
13,5,23 76.5426 0.33357 7.79836 0.24499 11.4117
13,5,24 78.4513 0.236883 7.78854 0.192413 7.04126
13,5,25 64.2879 0.333319 7.48302 0.237375 20.755
13,5,26 57.2497 0.047824 1.08498 0.0113686 126.707
13,5,27 60.8631 0.193057 7.16971 0.146961 11.826
13,5,28 67.4099 0.221989 8.43778 0.151312 27.0093
13,5,29 74.363 0.246866 7.41046 0.19019 32.3931
14,0,0 82.8529 0.758266 8.93272 0.494903 2.34102
14,0,1 69.0624 0.669652 7.72498 0.417233 5.45061
14,0,2 84.6405 0.737968 10.3444 0.449497 2.38268
14,0,3 75.0064 0.445224 8.74402 0.243446 6.14607
14,0,4 71.7883 0.723432 10.2173 0.445573 2.57694
14,0,5 84.9297 0.571615 8.62641 0.294471 4.58435
14,0,6 76.5036 0.655637 10.7566 0.465937 1.86866
14,0,7 77.3135 0.572102 9.74302 0.373885 1.721
14,0,8 70.6175 0.608984 10.5658 0.502478 3.12057
14,0,9 82.216 0.523507 9.49212 0.363331 3.6549
14,0,10 82.8973 0.526891 9.82281 0.309806 5.06921
14,0,11 80.8931 0.461784 9.26516 0.300232 3.39059
14,0,12 80.9996 0.506713 9.99687 0.284476 6.3081
14,0,13 81.054 0.403785 8.90441 0.245056 5.65262
14,0,14 80.9604 0.383406 8.58363 0.230746 4.59969
14,0,15 83.4468 0.374154 8.3679 0.258408 6.54368
14,0,16 80.2689 0.15757 7.22813 0.0920822 20.4542
14,0,17 76.5724 0.370125 8.27055 0.216641 7.48755
14,0,18 84.035 0.153677 6.72215 0.108046 37.5146
14,0,19 78.7887 0.353536 15 0.0141164 49.6855
14,0,20 82.6284 0.169436 8.06226 0.0850921 33.7521
14,0,21 81.9224 0.306223 8.55759 0.187816 8.79755
14,0,22 80.771 0.12981 7.36532 0.0706145 54.5054
14,0,23 72.7591 0.298322 8.502 0.179777 8.10487
14,0,24 73.8726 0.126307 6.30345 0.0956184 49.7258
14,0,25 82.2671 0.306563 9.03915 0.194693 8.85627
14,0,26 80.9759 0.124733 9.29881 0.0764788 72.7032
14,0,27 70.0465 0.321656 9.01426 0.185402 9.44118
14,0,28 73.8396 0.11814 9.13989 0.0717422 43.0597
14,0,29 72.4173 0.319452 9.83557 0.204624 8.67096
14,0,30 81.105 0.108361 7.88658 0.0702046 51.9838
14,0,31 80.705 0.336113 9.53891 0.198885 6.7959
14,0,32 82.0796 0.111177 8.61914 0.0705688 52.6519
14,0,33 68.8018 0.302643 9.05482 0.182715 7.98226
14,0,34 84.6774 0.32952 9.12831 0.213155 6.40673
14,0,35 83.7978 0.363505 10.3949 0.250656 7.1888
14,1,0 65.2256 0.337483 9.51232 0.221092 6.457
14,1,1 66.0712 0.127957 8.7015 0.0775265 30.2728
14,1,2 69.973 0.311586 9.54775 0.209412 5.06301
14,1,3 74.241 0.147738 9.01878 0.0926393 34.496
14,1,4 65.0493 0.369928 8.70476 0.234257 5.75767
14,1,5 75.0506 0.135259 7.82122 0.0819302 30.7782
14,1,6 66.2428 0.370846 9.09563 0.239274 4.5315
14,1,7 68.9159 0.137053 8.44991 0.0887529 10.3596
14,1,8 61.07 0.403576 8.71704 0.212889 8.22017
14,1,9 71.5018 0.174948 8.33643 0.109488 21.7529
14,1,10 65.6498 0.423435 9.01137 0.25386 3.94604
14,1,11 66.9989 0.174302 8.7019 0.0982149 13.3074
14,1,12 78.1122 0.37169 9.63913 0.254518 4.21694
14,1,13 80.0809 0.222796 7.92981 0.175356 9.33147
14,1,14 74.0354 0.488802 9.42594 0.272283 6.45769
14,1,15 71.863 0.25572 8.13675 0.157525 10.6066
14,1,16 75.9746 0.438128 8.87933 0.247087 4.80308
14,1,17 65.5074 0.511027 1.32001 1.3036 22.54
14,1,18 66.4639 0.56703 9.36202 0.297963 3.9654
14,1,19 67.1363 0.334339 8.77429 0.180157 4.23521
14,1,20 77.6502 0.496541 9.245 0.304853 2.98786
14,1,21 79.8422 0.314987 7.40942 0.266464 5.08458
14,1,22 66.2855 0.570904 9.3903 0.339269 2.6281
14,1,23 64.8512 0.423692 6.03012 0.308353 7.04533
14,1,24 70.9242 0.626095 9.39125 0.391609 2.97185
14,1,25 65.4261 0.480249 7.27908 0.302298 5.75509
14,1,26 66.9259 0.782641 7.97939 0.61004 2.49104
14,1,27 76.6214 0.579111 6.27487 0.376201 3.13585
14,1,28 76.0197 0.633615 8.18682 0.37471 2.11756
14,1,29 79.884 0.442205 8.50607 0.397392 2.72062
14,1,30 69.7354 0.969535 10.1066 0.736517 3.19317
14,1,31 76.788 0.672553 8.60847 0.398053 2.10398
14,1,32 62.101 0.774407 8.17023 0.598206 1.88206
14,1,33 74.2734 0.596851 8.16934 0.458893 2.50092
14,1,34 77.5165 1.0109 8.54944 0.504881 2.94888
14,1,35 75.0894 0.0715493 1.02637 0.039916 4.74578
14,2,0 53.6511 0.139222 11.6148 0.112872 12.673
14,2,1 51.9797 0.129214 11.7369 0.105977 8.31029
14,2,2 64.112 0.144866 12.0474 0.122223 23.7899
14,2,3 61.5397 0.152312 11.8587 0.115889 12.5244
14,2,4 50.0929 0.142526 12.0483 0.121286 10.2354
14,2,5 56.0313 0.176983 11.8808 0.142959 8.42764
14,2,8 65.4134 0.263663 10.8795 0.246103 15.5137
14,2,9 57.6036 0.395249 11.143 0.325476 10.3408
14,2,10 63.4002 0.427175 11.9566 0.366769 27.2808
14,2,11 61.9681 0.276589 10.4031 0.277476 26.5962
14,2,12 61.8118 0.21242 9.0427 0.171948 14.9691
14,2,13 69.7141 0.213458 9.82394 0.179053 18.1802
14,2,14 66.6245 0.16478 9.63064 0.140401 16.4724
14,2,15 68.6653 0.136435 11.0671 0.102375 7.8522
14,2,16 63.9489 0.133671 11.4456 0.0990187 7.28902
14,2,17 53.8099 0.131125 10.3955 0.0944303 4.85143
14,2,18 67.0059 0.193198 11.1959 0.151312 18.7959
14,2,19 63.9727 0.175845 11.4964 0.141928 19.793
14,2,20 61.1503 0.157147 11.4337 0.11745 20.5476
14,2,21 57.3502 0.143581 10.8511 0.104829 26.0301
14,2,22 64.2131 0.163752 11.2875 0.124183 19.1302
14,2,23 60.3534 0.161287 10.7934 0.113418 17.3694
14,2,24 46.7963 0.180315 10.9689 0.145328 6.09069
14,2,25 63.1463 0.220099 10.9979 0.171229 10.2744
14,2,26 50.9961 0.207741 10.8191 0.149673 5.88433
14,2,27 57.9317 0.24399 10.8563 0.17195 6.20309
14,2,28 60.6422 0.283721 10.7415 0.214439 6.67701
14,2,29 55.5061 0.308235 10.6915 0.213101 4.51113
14,2,30 57.6132 0.337486 10.8142 0.253891 2.41063
14,2,31 63.7474 0.388145 10.3054 0.282069 3.9486
14,2,32 54.1187 0.441716 10.9366 0.306153 3.01505
14,2,33 63.9523 0.476137 10.466 0.366423 2.56307
14,2,34 61.4453 0.534785 10.4926 0.377197 2.08101
14,2,35 55.1052 0.678503 8.41456 0.435013 0.863735
14,3,0 69.5595 0.145968 12.4438 0.109735 34.5156
14,3,1 57.8547 0.465012 9.14566 0.322243 24.4598
14,3,2 71.3514 0.141734 11.7261 0.0995892 38.2512
14,3,3 75.2127 0.329432 7.12368 0.256524 5.69629
14,3,4 72.344 0.142014 10.9751 0.0890361 46.5574
14,3,5 55.9409 0.0336563 1.01379 0.0136225 26.861
14,3,6 68.5381 0.157804 10.2853 0.0975843 47.994
14,3,7 58.225 0.376211 9.79097 0.268665 25.0121
14,3,8 71.1898 0.163893 9.96138 0.112541 42.863
14,3,9 59.8353 0.456337 9.02786 0.226666 17.0172
14,3,10 75.4651 0.156622 9.98081 0.106029 20.0676
14,3,11 66.8706 0.646527 6.18366 0.396303 9.90014
14,3,12 61.5424 0.201889 10.4965 0.117826 49.2393
14,3,14 69.7478 0.227287 10.1991 0.152497 25.7941
14,3,15 74.5329 0.453257 9.39658 0.316615 4.62234
14,3,16 61.3051 0.243401 9.88621 0.135077 18.7683
14,3,17 62.4384 0.418904 8.80836 0.250007 11.1071
14,3,18 63.5106 0.302618 10.3003 0.220933 19.5456
14,3,20 60.3563 0.309976 9.83931 0.165911 18.0887
14,3,21 74.6994 0.718741 9.89151 0.422619 2.70299
14,3,22 70.586 0.348676 8.58221 0.199356 24.3892
14,3,24 77.2476 0.348236 10.092 0.217461 15.8601
14,3,25 76.373 5.79002 1.84172 10.8665 4.14997
14,3,26 64.5454 0.374569 10.494 0.22822 11.1925
14,3,27 77.4547 0.57679 8.85581 0.511695 4.39318
14,3,28 63.8141 0.514029 8.91088 0.433588 10.0419
14,3,29 68.1053 0.710644 5.93812 0.64759 1.52663
14,3,30 72.3587 0.469755 10.1706 0.24001 6.00424
14,3,31 55.3365 0.0729314 1.0074 0.045146 8.93618
14,3,32 62.0426 0.489117 9.32092 0.291215 4.143
14,3,33 77.0155 0.980788 9.53467 0.673173 3.80634
14,3,34 75.0552 0.634684 9.63488 0.447529 3.03116
14,4,0 67.3442 0.412127 7.18348 0.266645 4.62065
14,4,1 77.9205 0.310783 7.03517 0.206658 6.72226
14,4,2 69.5972 0.355191 5.84995 0.418953 7.49932
14,4,3 63.2064 0.446867 8.55315 0.359542 8.00931
14,4,4 73.363 0.141163 10.4676 0.108025 34.7297
14,4,5 70.0659 0.411075 8.51073 0.335751 8.74959
14,4,6 72.2734 0.126848 9.95822 0.0948992 34.882
14,4,7 77.0778 0.382644 8.34646 0.277996 7.55126
14,4,8 76.1727 0.142234 10.1324 0.102631 57.6872
14,4,9 69.4809 0.39134 7.84055 0.232199 7.35674
14,4,10 77.7303 0.132838 9.90135 0.0848043 75.4133
14,4,11 66.7483 1.9722 1.47856 1.55104 9.86417
14,4,12 77.5543 0.124961 9.43364 0.0826146 66.9188
14,4,13 61.271 0.313996 6.71962 0.233387 8.89344
14,4,14 81.3454 0.111943 7.98494 0.0841401 42.6996
14,4,15 76.9497 0.324986 7.55048 0.24383 4.59404
14,4,16 71.2273 0.113671 8.41729 0.0772328 48.5512
14,4,18 75.7402 0.131664 8.32757 0.0812364 44.9324
14,4,19 69.7666 0.324695 6.79433 0.324476 6.02445
14,4,20 71.6933 0.138816 8.85149 0.0978413 34.149
14,4,21 56.0789 1.23618 1.07411 9.72038 5.03951
14,4,22 55.911 0.560651 1.00027 11.7192 5.98372
14,4,23 77.4106 0.347963 7.84974 0.255568 5.35977
14,4,24 77.3048 0.554229 7.09547 0.352163 3.24051
14,4,25 77.9299 0.534848 6.81038 0.375975 4.87373
14,4,26 56.2619 6.05143 1.54293 12.6703 4.0784
14,4,27 65.5703 0.158637 1.5572 0.240805 3.04023
14,4,28 70.2422 0.663 6.52479 0.375208 1.90028
14,4,29 67.3262 1.81762 1.41051 1.06263 10.317
14,4,30 69.7229 0.852882 5.67409 0.431206 2.70379
14,4,31 79.6932 0.359437 8.86151 0.265063 3.93493
14,4,32 77.0695 0.872269 6.86467 0.586019 3.45142
14,4,33 75.4462 0.428306 8.80643 0.23716 7.29688
14,4,34 75.6532 1.6051 1.30619 11.3596 3.15229
14,4,35 85.1981 0.446406 8.91044 0.264467 7.64803
14,5,0 64.0064 0.137917 5.84734 0.110941 75.0921
14,5,1 59.5779 0.1298 4.47693 0.12797 67.766
14,5,2 52.1056 0.157777 5.69214 0.153427 47.3462
14,5,3 55.649 0.115104 7.49231 0.0989218 36.9011
14,5,4 56.3402 0.0509019 1.40806 0.0454634 21.1879
14,5,5 61.6167 0.16324 4.70874 0.128874 34.9961
14,5,6 56.0513 0.203431 6.66732 0.173307 11.1722
14,5,8 51.0105 0.243211 5.06278 0.222923 18.8349
14,5,9 59.6671 0.398976 8.47006 0.222015 17.2383
14,5,11 59.9935 0.244699 6.28334 0.173015 14.5207
14,5,12 49.9395 0.210189 6.0279 0.155716 17.6703
14,5,13 58.1273 0.270202 8.63157 0.156828 42.1318
14,5,14 59.1914 0.185491 6.42002 0.124008 22.1272
14,5,15 63.0436 0.177236 8.22811 0.108867 42.166
14,5,16 56.0499 0.164401 6.4945 0.130065 45.381
14,5,17 60.3659 0.158434 8.20838 0.102767 70.2242
14,5,19 62.3704 0.146803 8.09366 0.102362 70.1849
14,5,20 68.519 0.141784 9.23019 0.0862039 161.636
14,5,21 54.6002 0.349749 8.42104 0.1947 8.05034
14,5,22 52.6617 0.23482 4.71619 0.167608 21.8339
14,5,23 63.2627 0.275387 7.55578 0.148856 16.4653
14,5,24 52.1675 0.224923 6.05305 0.140466 22.1789
14,5,25 64.3101 0.220312 8.4369 0.127135 21.6809
14,5,26 64.5716 0.202869 8.12156 0.109162 31.5756
14,5,27 62.3065 0.181021 7.0001 0.116255 27.8544
14,5,28 63.7534 0.174099 9.25563 0.0956254 46.5781
14,5,29 58.8541 0.185386 8.94475 0.102068 59.8274
15,0,1 62.484 0.407952 8.13285 0.243862 4.92549
15,0,2 60.2659 0.609306 7.22653 0.322054 4.66123
15,0,3 61.9743 0.374668 6.7737 0.225327 3.56759
15,0,4 63.9821 0.44371 7.05118 0.215818 6.39534
15,0,5 56.2743 0.501801 7.17741 0.321677 10.579
15,0,6 52.0213 0.470662 7.3497 0.240794 5.65557
15,0,7 52.1167 0.514869 8.55935 0.295734 5.56158
15,0,8 49.7577 0.463167 6.6569 0.240231 8.44348
15,0,9 55.456 0.347525 5.1053 0.257334 6.91842
15,0,10 59.8952 0.400587 7.8741 0.239934 10.4496
15,0,11 62.083 0.301633 6.99143 0.161741 7.93825
15,0,12 58.5012 0.341855 7.67214 0.198336 7.92044
15,0,13 52.7995 0.267402 7.07635 0.174954 6.27129
15,0,14 52.5697 0.264055 7.46541 0.15148 11.1974
15,0,15 49.1566 0.265908 7.10471 0.172057 10.992
15,0,16 58.3776 0.167149 8.69316 0.0976543 52.0452
15,0,17 52.0675 0.223418 6.72313 0.155632 8.98129
15,0,18 65.556 0.123336 8.87348 0.0788626 40.2645
15,0,19 49.9251 0.278238 8.07467 0.177773 18.3775
15,0,20 54.8444 0.128392 7.743 0.0859421 57.1544
15,0,21 60.0431 0.21402 6.8704 0.134922 9.61884
15,0,22 66.6984 0.106476 8.99026 0.0715662 49.9604
15,0,23 59.9717 0.2156 7.44426 0.135071 12.7377
15,0,24 64.1194 0.106716 8.09565 0.0702478 69.6329
15,0,25 64.5652 0.19886 7.89955 0.109592 18.8907
15,0,26 66.6482 0.099295 9.2774 0.0696697 58.539
15,0,28 62.9896 0.11037 8.08339 0.0763047 65.2126
15,0,29 53.1944 0.217913 7.94001 0.131618 14.9747
15,0,30 63.6251 0.134523 8.55071 0.0978345 53.8262
15,0,31 65.4283 0.206459 7.83046 0.146992 10.1686
15,0,32 62.4993 0.114558 9.40493 0.0770558 107.029
15,0,33 52.3577 0.207233 8.12684 0.134941 14.9923
15,0,34 57.1251 0.250725 8.10837 0.147816 23.1862
15,0,35 66.4371 0.208233 7.94514 0.122931 17.6389
15,1,0 62.4155 0.267288 9.16779 0.193335 13.6542
15,1,1 56.7298 0.131371 11.0713 0.0952542 50.3021
15,1,2 67.2832 0.256785 9.08906 0.167425 10.5419
15,1,3 58.8286 0.15364 11.0655 0.115819 47.0325
15,1,4 59.2359 0.24265 8.6981 0.177364 8.5691
15,1,5 58.4374 0.129308 10.5606 0.0945046 49.0414
15,1,6 63.1012 0.261265 9.26849 0.177683 10.6326
15,1,7 68.7462 0.13049 10.223 0.0944008 54.9638
15,1,8 65.2874 0.265822 8.76533 0.172178 10.0299
15,1,9 70.2447 0.140176 10.0714 0.0914467 49.3211
15,1,10 60.1729 0.304585 9.13958 0.175824 12.193
15,1,11 55.8773 0.153717 10.7284 0.110354 37.971
15,1,12 56.8762 0.420593 7.24741 0.294687 16.5674
15,1,13 65.3865 0.146132 10.1367 0.0943118 30.8957
15,1,14 61.858 0.312441 8.65063 0.194921 9.72095
15,1,15 66.0957 0.151692 9.90829 0.0995651 29.2346
15,1,16 62.4492 0.30842 8.3961 0.181118 14.1418
15,1,17 71.6794 0.166655 9.10808 0.100371 25.4815
15,1,18 60.5593 0.320899 7.45499 0.195738 9.50868
15,1,19 64.1225 0.187348 9.71963 0.118213 14.0754
15,1,20 60.7476 0.271778 5.48095 0.266276 8.38586
15,1,21 67.4207 0.18866 9.30814 0.126786 16.747
15,1,22 59.3514 0.4081 7.68222 0.245635 11.9829
15,1,23 66.6834 0.205472 8.83157 0.128361 12.5154
15,1,24 57.8816 0.365025 6.13484 0.2387 6.98215
15,1,25 72.9676 0.242494 9.20562 0.149329 9.03697
15,1,26 59.8353 0.461324 8.10848 0.278936 8.93585
15,1,27 65.9258 0.274128 8.49705 0.1645 8.56044
15,1,28 50.874 0.358826 6.81948 0.227754 4.01612
15,1,29 62.5981 0.297401 8.1545 0.167405 12.5154
15,1,30 52.0081 0.367588 5.46351 0.304564 6.95596
15,1,31 54.1666 0.349656 7.65333 0.24144 4.32453
15,1,32 56.6275 0.615536 7.72369 0.386151 3.97243
15,1,33 56.5442 0.741704 1.09624 0.702902 8.46766
15,1,34 49.7014 0.613037 6.12853 0.330418 2.68459
15,1,35 62.0654 0.482788 7.88741 0.240163 7.42334
15,2,0 35.4388 0.157875 12.6197 0.216456 6.39051
15,2,1 56.0488 0.186548 13.9243 0.161715 11.9807
15,2,2 35.3601 0.142354 11.6518 0.184815 3.77591
15,2,3 41.7832 0.136139 10.6953 0.124335 2.92743
15,2,4 50.0159 0.170275 13.8422 0.15638 7.22126
15,2,5 58.1955 0.159209 13.7999 0.13813 6.95585
15,2,6 50.9902 0.198327 13.9235 0.172016 11.2818
15,2,7 38.9164 0.181491 11.9605 0.204481 6.43263
15,2,8 44.3729 0.198931 12.3833 0.190635 6.50002
15,2,9 57.1476 0.272691 12.853 0.257472 14.5596
15,2,10 55.9765 0.272908 10.8201 0.312752 21.0498
15,2,11 39.6077 0.295865 11.8946 0.374386 18.3736
15,2,12 50.7651 0.384511 12.2886 0.382371 22.1381
15,2,14 44.5755 0.243649 10.9849 0.38386 27.195
15,2,16 53.3279 0.181493 14.7312 0.162842 8.95202
15,2,17 43.9095 0.165777 12.6329 0.156138 7.10486
15,2,18 52.026 0.31546 12.8253 0.332847 16.9442
15,2,19 40.3351 0.163269 7.35823 0.216363 4.33358
15,2,20 48.7072 0.19923 11.6899 0.190022 11.5922
15,2,21 40.4849 0.123831 6.50504 0.129868 30.2108
15,2,22 44.2489 0.119142 8.70127 0.134932 7.40995
15,2,23 54.0504 0.133432 10.577 0.125587 7.87545
15,2,24 48.647 0.11701 9.5639 0.124614 9.97211
15,2,25 53.1756 0.138454 10.6606 0.127305 7.52482
15,2,26 46.5702 0.163665 11.2399 0.144651 6.10005
15,2,27 51.7305 0.164536 10.6659 0.155039 8.91299
15,2,28 54.2952 0.191012 10.7667 0.17407 11.8337
15,2,29 46.2373 0.193822 10.3451 0.180901 4.2656
15,2,30 51.0888 0.255509 11.1734 0.213066 5.97045
15,2,31 53.9406 0.243595 9.3724 0.228548 7.88649
15,2,32 42.9939 0.24803 9.04798 0.221673 5.62908
15,2,33 46.554 0.325751 8.51304 0.290155 3.56653
15,2,34 54.0096 0.306476 7.80187 0.30203 7.47365
15,3,0 44.9387 1.33443 1.00001 11.7636 2.64635
15,3,1 68.2209 0.271902 8.92841 0.170416 14.4574
15,3,2 65.9608 0.162328 9.64526 0.11277 45.8742
15,3,3 59.6558 0.320871 9.34273 0.229742 8.75168
15,3,4 66.1845 0.157739 9.29632 0.109062 51.6458
15,3,5 62.2039 0.285297 8.74029 0.173089 15.6098
15,3,6 63.4536 0.141642 8.43537 0.0958775 43.7321
15,3,7 57.7527 0.288753 7.98832 0.172109 8.89865
15,3,8 62.5012 0.131739 7.68483 0.0875085 55.6716
15,3,9 52.5401 0.325591 8.9201 0.194223 12.3607
15,3,10 56.573 0.144332 9.32553 0.0961742 36.6612
15,3,11 59.0611 0.373177 7.18394 0.210523 19.7687
15,3,12 64.3792 0.149551 7.7423 0.0935818 42.5716
15,3,13 65.0777 0.295634 8.69924 0.175688 10.1268
15,3,14 60.3534 0.143676 6.85944 0.0989023 35.1742
15,3,15 52.0126 0.301977 7.11529 0.16948 9.57042
15,3,16 60.7739 0.165035 7.62196 0.110724 26.0017
15,3,17 62.7649 0.378763 8.78714 0.228737 10.4813
15,3,18 61.7092 0.203 9.10943 0.122041 29.586
15,3,19 63.8264 0.351332 7.3508 0.221909 6.47853
15,3,20 50.6496 0.224901 8.77069 0.148116 30.1452
15,3,21 62.1558 0.399739 8.47219 0.223914 10.1418
15,3,22 49.8799 0.215086 7.4477 0.136933 20.2398
15,3,23 52.6299 0.512494 7.84098 0.249471 6.22975
15,3,24 61.5258 0.313922 7.95912 0.162139 18.1468
15,3,25 317.079 9.88161 2.40141 3.44608 202.32
15,3,26 58.5088 0.367783 8.30989 0.209287 16.2331
15,3,27 67.3194 0.429829 7.83225 0.270598 5.41296
15,3,28 54.8061 0.249011 4.94065 0.18859 11.5743
15,3,29 63.9304 0.630071 8.74551 0.330963 4.08541
15,3,31 63.9449 0.663941 7.48445 0.314604 3.10702
15,3,32 56.4822 0.104516 1.68323 0.0899386 12.5966
15,4,0 58.9909 0.182304 5.55796 0.219251 8.70088
15,4,1 50.3395 0.2165 6.22731 0.236385 14.7258
15,4,3 49.6646 0.236516 4.75847 0.261272 15.4091
15,4,4 64.3142 0.149 7.86964 0.105796 82.4167
15,4,5 51.9933 0.277365 6.32868 0.270121 14.1198
15,4,6 52.1217 0.110181 7.93974 0.0711317 50.6359
15,4,7 59.8728 0.217347 6.63029 0.170599 7.04537
15,4,8 64.334 0.161648 7.59069 0.122453 77.6626
15,4,9 58.873 0.246177 6.78902 0.1816 8.07474
15,4,10 60.5684 0.102374 6.9071 0.0736222 46.0321
15,4,12 53.673 0.143292 6.79924 0.116604 73.9088
15,4,13 61.7305 0.260343 6.60852 0.195679 7.64551
15,4,14 54.9558 0.131449 8.01398 0.0855851 37.3816
15,4,15 53.6457 0.327692 6.44292 0.310883 6.97438
15,4,16 61.962 0.126687 6.97143 0.0989444 35.987
15,4,17 52.6775 0.251724 5.00746 0.209446 13.2754
15,4,18 52.379 0.144817 7.06685 0.108731 41.818
15,4,19 58.5382 0.247957 5.90695 0.2407 6.14286
15,4,20 61.8448 0.134224 6.57485 0.093844 26.1746
15,4,21 57.5735 0.357509 6.46573 0.343452 7.56639
15,4,22 50.436 0.291011 4.79543 0.276182 7.58674
15,4,23 47.2657 0.247924 5.85197 0.267233 4.60536
15,4,24 48.2668 0.332542 6.03876 0.233935 4.39506
15,4,25 48.6867 0.496234 3.69695 0.477114 4.42914
15,4,26 47.5211 0.29338 5.12591 0.282821 1.88046
15,4,27 48.5913 0.340736 5.13088 0.33601 4.93132
15,4,28 54.2663 0.53471 5.20282 0.420999 6.03579
15,4,29 48.664 0.445297 6.73494 0.328764 3.07865
15,4,30 53.3353 0.330879 4.46972 0.24602 2.98848
15,4,31 60.2856 0.318745 6.43184 0.193558 6.17115
15,4,32 46.8666 0.108035 1.20548 0.0798655 5.01226
15,4,33 53.4792 0.37457 7.23731 0.201361 4.84082
15,4,34 60.0118 0.528035 5.55701 0.294143 2.79247
15,4,35 46.7318 0.0907153 1.26438 0.0594726 6.20128
15,5,0 51.981 0.276601 6.99796 0.246509 55.281
15,5,1 59.1987 0.182395 6.51564 0.182501 25.1853
15,5,2 54.2905 0.269387 8.96268 0.235226 28.3472
15,5,3 59.7861 0.284849 7.40971 0.297381 25.4121
15,5,4 62.081 0.250146 7.23684 0.278307 10.8245
15,5,5 62.6284 0.43647 7.90519 0.37787 19.6114
15,5,6 64.6607 0.350952 6.61073 0.31588 10.1148
15,5,7 60.501 0.302995 5.91587 0.300227 9.60431
15,5,8 58.5036 0.3234 7.51117 0.383105 12.2508
15,5,9 65.1201 0.096397 1.89976 0.121311 10.5868
15,5,10 58.9537 0.429096 7.51487 0.257466 18.137
15,5,11 64.7406 0.284827 5.55832 0.228287 13.0326
15,5,12 69.9467 0.299326 7.00332 0.193329 14.7223
15,5,13 61.101 0.272617 6.16309 0.219091 24.2355
15,5,14 60.0209 0.256401 6.13505 0.302299 23.4204
15,5,15 59.4897 0.22466 7.05658 0.180382 22.0477
15,5,16 65.5934 0.308527 8.1222 0.19328 48.721
15,5,17 67.3633 0.22038 8.16273 0.161715 51.4408
15,5,18 60.5826 0.214207 5.71254 0.249594 63.6932
15,5,19 59.5351 0.176967 8.13117 0.13153 42.5897
15,5,20 56.6664 0.169411 8.91954 0.150885 59.3633
15,5,21 65.629 0.53383 7.96967 0.333171 23.9291
15,5,22 65.8131 0.404889 8.44286 0.220093 14.7718
15,5,23 62.878 0.307745 9.01694 0.190236 26.4453
15,5,24 54.1613 0.478271 7.1121 0.334554 34.6297
15,5,25 63.9975 0.261481 8.47089 0.152862 22.238
15,5,26 61.6925 0.226306 7.94815 0.147225 25.2076
15,5,27 69.8267 0.231362 8.65708 0.146353 43.9212
15,5,29 68.5085 0.205522 9.35313 0.115979 91.7441
16,0,0 73.5746 0.61256 5.40524 0.491949 2.35673
16,0,1 76.3081 0.433383 9.21987 0.249345 6.14505
16,0,2 63.2402 0.471434 5.39239 0.390569 2.50021
16,0,3 78.8896 0.356743 8.70262 0.216564 4.5395
16,0,4 79.022 0.775378 10.6797 0.61854 2.57767
16,0,5 68.758 0.385886 8.23547 0.201283 10.806
16,0,6 78.1687 0.656201 8.4514 0.389842 5.04531
16,0,7 68.3569 0.57714 8.81497 0.374224 3.44416
16,0,8 75.4202 0.397022 6.67519 0.334761 2.30243
16,0,9 73.1953 0.429972 7.4641 0.308421 3.729
16,0,10 75.5291 0.457971 7.27279 0.341094 4.19029
16,0,11 72.1365 0.39988 7.00521 0.293809 7.12517
16,0,12 72.2729 0.388088 7.50588 0.300348 8.5274
16,0,13 77.0825 0.453936 8.99323 0.271753 7.40642
16,0,14 79.7647 0.336049 8.01003 0.222481 6.78102
16,0,15 68.9834 0.352141 8.63591 0.198259 9.69973
16,0,16 72.4165 0.136414 7.18241 0.0909537 41.3161
16,0,17 69.8987 0.333221 8.11907 0.222103 7.50652
16,0,18 65.7638 0.149885 7.86598 0.0865346 42.756
16,0,19 65.361 0.335821 8.41813 0.210815 10.5717
16,0,20 72.1454 0.129854 9.54973 0.0809821 71.3567
16,0,21 67.3385 0.350331 8.15197 0.181992 12.298
16,0,22 82.1159 0.135259 9.88433 0.0814218 37.476
16,0,23 74.415 0.319792 7.87003 0.174505 13.2683
16,0,24 81.8511 0.129323 9.85067 0.0775149 109.381
16,0,25 81.3835 0.286736 9.18644 0.170004 10.7766
16,0,26 81.6483 0.118247 8.98938 0.0716248 107.342
16,0,27 68.5385 0.340742 9.56909 0.196456 13.3171
16,0,28 78.0216 0.130844 9.24263 0.0818448 64.5401
16,0,29 71.888 0.316889 9.18412 0.158659 15.0328
16,0,30 79.3941 0.129384 9.40205 0.0794527 106.143
16,0,31 78.7812 0.340275 9.9367 0.211139 11.0069
16,0,32 85.2981 0.111818 9.71171 0.0727768 66.3242
16,0,33 81.509 0.311966 9.13154 0.145293 12.9282
16,0,34 85.2945 0.322019 10.4814 0.190085 11.0422
16,0,35 70.9669 0.357876 9.66696 0.179889 13.2859
16,1,0 72.1386 0.262216 6.92845 0.16061 8.34072
16,1,1 73.5423 0.105896 7.22607 0.0663505 53.7609
16,1,2 61.9422 0.331638 8.36315 0.190795 9.98774
16,1,3 64.0538 0.121729 8.89569 0.0718078 60.06
16,1,4 63.8754 0.321151 8.77148 0.199964 9.40739
16,1,5 38.8901 276.221 5.05746 7.81525 0.620771
16,1,6 75.1201 0.335614 8.17248 0.217805 9.82059
16,1,7 72.6575 0.147554 8.32063 0.089088 38.1225
16,1,8 65.1269 0.336238 7.27004 0.200846 8.71667
16,1,9 73.243 0.154376 7.67823 0.100266 27.3924
16,1,10 60.8553 0.415287 8.82448 0.243704 7.64399
16,1,11 61.9114 0.149531 7.18066 0.0901333 21.3089
16,1,12 72.0035 0.358882 8.2459 0.224386 6.63663
16,1,13 78.6734 0.219856 8.06327 0.116869 22.7382
16,1,14 69.9689 0.375962 7.45747 0.259836 5.22659
16,1,15 73.8174 0.199462 7.13995 0.11727 15.8038
16,1,16 74.7727 0.674887 8.05305 0.616307 5.72234
16,1,17 73.7821 0.239585 6.899 0.17191 16.915
16,1,18 70.854 0.364737 6.05365 0.248692 8.04282
16,1,19 73.2121 0.314772 6.6844 0.247254 15.5946
16,1,20 66.6061 0.391427 5.91031 0.30281 3.57969
16,1,21 64.7876 0.280013 6.89087 0.178112 13.0392
16,1,22 68.0691 0.706081 8.1195 0.426449 7.52832
16,1,23 67.4352 0.36519 7.6702 0.201217 13.8032
16,1,24 69.7424 0.42137 6.06289 0.482985 4.9583
16,1,25 65.563 0.317129 7.5778 0.16925 6.70525
16,1,26 70.6197 0.701097 9.57569 0.485019 4.08778
16,1,27 73.5428 0.341526 8.64662 0.192939 10.1557
16,1,28 61.9427 0.455897 5.6907 0.346348 2.83822
16,1,29 69.394 0.516817 8.02518 0.311539 9.75203
16,1,30 68.8847 0.680945 6.752 0.393634 3.8593
16,1,31 56.1873 0.188896 1.00359 1.68183 20.2445
16,1,32 58.5623 0.823965 8.42333 0.465763 4.58132
16,1,33 64.0951 0.523764 8.68932 0.279655 5.62049
16,1,34 66.9793 0.538805 5.66275 0.408875 2.19932
16,1,35 73.2481 0.883974 9.1545 0.419558 3.81227
16,2,0 59.6535 0.158153 13.1886 0.125835 10.5717
16,2,1 67.1747 0.16676 13.5786 0.131614 12.2463
16,2,3 67.5939 0.166033 13.4851 0.12809 16.0135
16,2,4 70.9473 0.173526 14.1075 0.135295 16.2659
16,2,5 74.1173 0.190589 13.5075 0.151782 19.1589
16,2,8 63.6985 0.312534 12.5173 0.280611 11.8218
16,2,9 77.0332 0.325956 12.2815 0.295468 27.8241
16,2,10 67.7438 0.331766 10.5158 0.283438 18.1327
16,2,11 75.9242 0.275803 11.7528 0.258421 30.5618
16,2,12 67.3891 0.233656 10.7699 0.203656 16.3724
16,2,13 59.9767 0.203052 10.8839 0.182009 14.3739
16,2,14 77.4209 0.185956 11.583 0.154386 22.2947
16,2,15 72.3514 0.154079 12.3439 0.111923 12.4904
16,2,16 92.791 6.18464 15 9.50248 0.622946
16,2,17 57.7248 0.15788 12.2363 0.110912 9.1614
16,2,18 78.2089 0.175733 11.6302 0.143615 23.4696
16,2,19 78.262 0.161085 12.1097 0.12445 20.4087
16,2,20 73.291 0.154554 12.6086 0.116038 24.0959
16,2,21 74.325 0.142017 11.6695 0.101788 17.4221
16,2,22 60.0209 0.158989 11.4797 0.110584 13.9935
16,2,23 69.1954 0.190983 12.6458 0.138273 15.2534
16,2,24 63.9368 0.200179 12.2829 0.13023 9.70602
16,2,25 74.8712 0.232783 12.6211 0.157138 14.1162
16,2,26 76.2921 0.245752 11.0523 0.176812 15.9582
16,2,27 75.7708 0.287789 11.4137 0.204378 7.54083
16,2,28 73.8407 0.299442 11.7036 0.190758 6.04931
16,2,29 78.1959 0.341031 12.3425 0.254599 6.07373
16,2,30 66.4861 0.367496 11.3279 0.258069 2.97462
16,2,31 79.5244 0.407866 11.5985 0.308397 4.03905
16,2,32 71.8063 0.438301 11.5654 0.319714 2.59633
16,2,33 63.0469 0.488619 11.1055 0.353222 2.88296
16,2,34 65.7819 0.587538 10.1689 0.391118 2.20344
16,2,35 75.3267 0.709768 10.1484 0.420211 1.75721
16,3,0 67.3205 0.151546 10.7804 0.106492 46.7771
16,3,1 57.6498 0.390064 6.59743 0.230546 15.8549
16,3,2 51.1968 0.133979 8.76124 0.108921 37.5287
16,3,3 50.2801 0.236431 7.62984 0.166472 11.3675
16,3,4 56.6653 0.155739 9.62219 0.106619 66.1193
16,3,5 56.3012 1.4631 1.31103 1.63588 23.9311
16,3,6 65.6188 0.170594 8.74844 0.115023 68.6192
16,3,7 49.536 0.281505 6.74975 0.177366 7.36662
16,3,8 59.2381 0.142873 8.11742 0.112766 28.2058
16,3,9 56.5988 0.0640441 1.59202 0.0666875 9.2295
16,3,10 58.9367 0.173778 8.65744 0.10547 51.5795
16,3,11 56.3498 0.120449 1.43588 0.13311 8.06399
16,3,12 50.232 0.168939 8.28252 0.118278 26.7626
16,3,13 54.5269 0.24666 5.41192 0.184087 4.24327
16,3,14 51.7972 0.177864 7.65059 0.141369 23.4512
16,3,15 53.9405 0.261101 5.10196 0.190649 5.72665
16,3,16 63.6818 0.294649 7.31369 0.227303 37.088
16,3,18 62.247 0.20849 5.31473 0.182679 35.8479
16,3,20 55.2569 0.203583 6.42803 0.164653 7.24574
16,3,21 46.1649 0.557323 1.01891 2.9085 4.95427
16,3,22 57.1752 0.265755 6.38123 0.176284 16.9493
16,3,23 56.2336 0.246423 5.19969 0.231182 4.33375
16,3,24 51.0144 0.248764 6.02661 0.226882 9.72765
16,3,25 60.1245 0.426766 3.63815 0.290143 4.66127
16,3,26 55.9143 0.0933427 1.50444 0.15004 7.61632
16,3,28 51.4493 0.286277 6.25464 0.210425 6.27102
16,3,29 56.7844 6.24853 1.69756 12.5778 4.15793
16,3,30 59.6454 0.311541 4.93929 0.326602 8.30702
16,3,31 45.8493 0.0710229 1.22074 0.0900644 3.19617
16,3,32 55.4809 0.271556 5.60191 0.234875 4.86171
16,3,34 52.5826 0.299856 4.73158 0.220743 5.06078
16,4,0 72.0142 0.254375 9.14775 0.155952 9.11131
16,4,1 72.9247 0.256557 9.57868 0.163628 5.46186
16,4,2 70.2192 0.253176 8.43822 0.160439 17.0013
16,4,3 68.624 0.256615 8.89845 0.185065 16.2115
16,4,4 57.3746 0.149575 11.6901 0.117555 27.6503
16,4,5 65.126 0.261635 8.96066 0.208897 15.0356
16,4,6 69.1605 0.157335 11.4545 0.119059 45.2156
16,4,7 64.1807 0.334405 8.93378 0.247211 11.9815
16,4,8 72.3859 0.147962 11.779 0.107327 56.9841
16,4,9 45.9511 0.0280136 1.0125 0.0118855 25.6013
16,4,11 66.7118 0.273128 7.8867 0.193542 12.4302
16,4,12 71.1533 0.135791 9.94928 0.0998987 77.3661
16,4,13 66.8467 0.265526 7.00541 0.189211 7.72677
16,4,14 61.7394 0.134968 11.3195 0.0960791 34.3445
16,4,15 56.8137 0.0461068 1.291 0.0355238 28.538
16,4,16 68.0869 0.151687 10.557 0.103799 55.6199
16,4,17 52.2172 0.281425 7.47998 0.318302 28.1242
16,4,18 69.002 0.14527 10.5183 0.099959 35.8745
16,4,19 67.239 0.364974 7.90582 0.227719 7.84021
16,4,20 61.3261 0.149003 10.5312 0.0947798 46.9599
16,4,21 59.8187 0.26237 6.32857 0.203158 6.60585
16,4,22 64.7353 0.409077 7.58932 0.303843 13.3077
16,4,23 62.6047 0.297284 5.82685 0.259474 7.05859
16,4,24 65.8423 0.425004 8.09049 0.269461 4.77508
16,4,25 59.9864 0.401053 8.50382 0.254725 7.35568
16,4,26 55.0364 0.417397 8.3745 0.253587 3.48502
16,4,27 62.2193 0.333824 5.43171 0.272253 5.80732
16,4,28 51.9709 0.545011 6.60848 0.307544 2.71933
16,4,29 62.3654 0.602438 9.16557 0.360087 3.64037
16,4,30 62.7674 0.517117 5.83498 0.465016 7.89437
16,4,31 61.0897 0.338662 8.71465 0.256406 5.39601
16,4,32 71.7749 0.784611 10.2611 0.405542 3.42884
16,4,33 73.9987 0.404388 10.5916 0.257877 4.7872
16,4,34 58.7539 0.686089 9.15073 0.42127 3.30149
16,4,35 56.4605 0.460655 9.07339 0.293822 5.36398
16,5,0 66.7361 0.185123 8.73549 0.110836 93.1178
16,5,1 53.664 0.164567 8.87764 0.107753 42.2652
16,5,2 61.2604 0.150029 6.94196 0.101682 32.2393
16,5,3 54.1963 0.246514 7.62982 0.167604 48.0299
16,5,4 60.4843 0.177859 6.94387 0.121718 19.4922
16,5,5 65.4712 0.354599 7.51558 0.228472 38.1026
16,5,6 66.8152 0.301252 8.03726 0.161683 38.9261
16,5,7 52.3738 0.254795 8.22598 0.155936 17.9674
16,5,8 61.0778 0.245854 6.5413 0.174156 10.9133
16,5,9 66.4392 0.375518 9.28593 0.257005 3.05874
16,5,11 69.6871 0.310651 10.2882 0.214895 10.318
16,5,12 65.7659 0.263444 10.0921 0.169681 18.4665
16,5,13 71.2332 0.269932 10.1709 0.16851 16.1257
16,5,14 69.817 0.238253 9.16803 0.122252 36.7193
16,5,15 65.1346 0.208678 9.48944 0.135876 30.7906
16,5,16 64.3473 0.181416 10.0627 0.111661 56.7765
16,5,17 68.2742 0.185385 9.23446 0.106823 52.3093
16,5,18 71.0695 0.175675 10.5734 0.107286 75.5844
16,5,19 71.2344 0.15939 11.4086 0.102885 43.7137
16,5,20 70.3706 0.139711 10.299 0.0846675 97.4555
16,5,21 75.5958 0.420009 8.7194 0.338507 13.7926
16,5,22 63.3045 0.358286 9.63154 0.258632 13.8557
16,5,23 73.2426 0.37568 8.36725 0.301878 18.8654
16,5,24 70.4264 0.257372 8.80142 0.215481 14.8544
16,5,25 61.2334 0.219075 7.77392 0.196793 17.711
16,5,26 76.1624 0.223536 7.95276 0.171565 21.8829
16,5,27 66.9125 0.183586 10.0004 0.130515 14.004
16,5,28 70.3809 0.162682 5.69526 0.198599 32.7986
16,5,29 72.5328 0.17123 9.67689 0.120264 46.9035
17,0,0 53.4124 0.717337 8.61605 0.428601 3.38111
17,0,1 66.5552 0.457749 9.74707 0.281742 5.7366
17,0,2 68.4401 0.759455 9.04575 0.377932 4.93136
17,0,4 71.4805 0.547133 8.77097 0.34141 5.82052
17,0,6 53.4569 0.501359 8.52037 0.318202 4.96819
17,0,7 59.2693 0.415465 4.09155 0.387402 5.01841
17,0,8 59.9923 0.426867 6.93874 0.260352 6.09417
17,0,9 49.8902 0.367146 6.8676 0.237338 6.15241
17,0,10 68.7027 0.450618 8.19854 0.249221 8.02454
17,0,11 55.6699 0.421563 7.81776 0.245584 9.59005
17,0,12 54.6828 0.376361 9.54313 0.257286 9.14045
17,0,13 65.5054 0.319482 7.89223 0.192937 8.86683
17,0,14 64.6277 0.363012 7.78053 0.234521 9.68209
17,0,15 59.5707 0.303693 7.04376 0.190428 11.7454
17,0,16 75.7823 0.156691 9.86407 0.110685 19.5208
17,0,17 63.8284 0.32212 9.28386 0.206565 14.6281
17,0,18 71.6322 0.155248 10.2542 0.0974749 37.5876
17,0,19 61.5808 0.309208 9.43994 0.16985 18.7437
17,0,20 68.0049 0.160066 9.93565 0.106003 56.173
17,0,21 66.6478 0.312176 8.55036 0.1916 14.4814
17,0,22 68.9991 0.138111 11.0687 0.0989428 44.185
17,0,23 54.769 0.337004 6.82241 0.260963 26.753
17,0,24 64.8106 0.157652 11.4842 0.112321 46.8103
17,0,25 66.2004 0.290752 8.70096 0.185527 20.2407
17,0,26 63.9251 0.144812 11.6855 0.101043 57.6908
17,0,27 68.261 0.269676 8.55115 0.162179 24.8114
17,0,28 58.2416 0.142577 10.2724 0.0899667 89.5182
17,0,29 65.5103 0.246803 8.59162 0.146662 20.8488
17,0,30 70.303 0.140011 11.1101 0.0936817 80.3193
17,0,31 56.3936 0.256663 9.01409 0.159639 16.5216
17,0,32 68.0755 0.164803 11.2562 0.113447 74.6081
17,0,33 70.3025 0.2456 9.40093 0.145618 13.8658
17,0,34 58.405 0.218234 9.5812 0.148071 14.8278
17,0,35 72.8871 0.26283 10.0721 0.168398 17.649
17,1,0 61.4803 0.259082 9.90078 0.179091 15.085
17,1,1 55.6766 0.140808 11.5487 0.104423 62.3977
17,1,2 68.931 0.240022 9.13526 0.156981 12.9686
17,1,3 62.1002 0.155052 11.5504 0.108801 43.8941
17,1,4 58.0644 0.252518 9.98997 0.169697 8.50078
17,1,5 66.0666 0.123387 9.4998 0.0926494 59.2712
17,1,6 68.011 0.238492 8.89975 0.159518 9.05799
17,1,7 63.2991 0.142732 10.8607 0.0960014 72.0062
17,1,8 59.8128 0.293027 9.07228 0.158003 25.4576
17,1,9 146.114 16.3321 5.13786 7.88255 -1
17,1,10 62.7414 0.235286 7.20743 0.142235 13.3384
17,1,11 75.1935 0.137593 10.5412 0.0919113 29.0881
17,1,12 60.3676 0.301968 9.21557 0.19245 7.71741
17,1,13 70.2668 0.14115 9.40449 0.11504 29.8014
17,1,14 58.9089 0.282804 8.71727 0.174866 11.3118
17,1,15 74.4046 0.174046 8.65508 0.131501 40.788
17,1,16 67.8575 0.33873 9.05586 0.219257 8.54509
17,1,17 69.9531 0.180887 9.88577 0.126141 28.2313
17,1,18 62.6101 0.313194 7.53741 0.208124 10.7565
17,1,19 71.3762 0.191318 9.70726 0.121475 18.4817
17,1,20 52.0903 0.264263 5.52447 0.175646 10.0596
17,1,21 62.3063 0.198376 9.49775 0.126019 27.8727
17,1,22 50.4578 0.458968 9.75526 0.311311 7.22355
17,1,23 68.4636 0.210026 9.31145 0.135276 20.5063
17,1,24 62.078 0.383135 8.21943 0.23275 10.1516
17,1,25 59.392 0.251051 9.38537 0.151615 17.6459
17,1,26 57.4238 0.577105 7.32803 0.36996 10.2089
17,1,27 64.3904 0.278127 9.59857 0.177549 8.8329
17,1,28 46.0023 0.273207 5.38836 0.232801 2.6356
17,1,29 59.2161 0.31607 9.49269 0.211616 8.25636
17,1,30 53.6758 0.425614 8.12522 0.271194 3.5741
17,1,31 57.0462 0.300275 9.27952 0.190052 6.64194
17,1,32 56.2677 0.616236 6.03198 0.415415 5.26705
17,1,33 62.1578 0.374233 9.80836 0.235448 5.54633
17,1,34 24.9408 0.985002 1.83692 8.26024 153.254
17,1,35 58.0837 0.355926 7.85166 0.265644 3.97999
17,2,0 55.9843 0.179009 13.1139 0.138948 13.0242
17,2,1 56.278 0.162818 12.3722 0.128118 14.1707
17,2,2 47.4677 0.156349 12.229 0.131884 11.6908
17,2,3 53.1147 0.178188 12.7711 0.133648 10.38
17,2,4 67.2822 0.193579 14.3039 0.150848 13.2154
17,2,5 54.7395 0.192385 13.4767 0.157262 10.5224
17,2,6 69.1263 0.211052 14.0825 0.168454 19.8257
17,2,7 61.3547 0.20064 13.5229 0.164755 12.8107
17,2,8 69.6246 0.239501 13.9533 0.197687 24.236
17,2,9 59.4236 0.265043 13.7354 0.229087 14.2285
17,2,11 72.0601 0.372661 13.8396 0.352677 33.6077
17,2,12 64.1943 0.327285 15 0.022048 40.2249
17,2,13 57.0371 0.262275 15 0.0462128 11.8627
17,2,14 65.47 0.385428 14.8249 0.364618 32.7709
17,2,15 65.695 0.123979 15 0.0248017 11.0337
17,2,16 63.8352 0.159334 13.7807 0.126727 12.4571
17,2,17 70.6334 0.167877 12.9819 0.133071 18.8448
17,2,18 62.0817 0.276389 13.0916 0.253039 27.7917
17,2,19 66.7575 0.227705 12.4362 0.189115 32.4184
17,2,20 68.1719 0.176324 12.2889 0.142204 40.0316
17,2,21 62.2634 0.192893 13.7791 0.156576 9.53958
17,2,22 61.8825 0.17696 13.2181 0.140645 13.3108
17,2,23 61.1667 0.178788 13.4545 0.141759 12.7278
17,2,24 62.6377 0.179806 13.6507 0.146776 11.9004
17,2,25 68.2784 0.183872 13.3189 0.1401 15.1063
17,2,26 57.5119 0.187209 12.8528 0.144419 11.7615
17,2,27 65.0645 0.213917 12.183 0.155625 17.2039
17,2,28 63.8044 0.234202 12.1318 0.181907 13.8002
17,2,29 68.4577 0.248797 11.7819 0.179133 9.54147
17,2,30 52.4241 0.27717 11.251 0.194284 7.2759
17,2,31 53.9202 0.312454 11.2896 0.224792 3.39882
17,2,32 54.5154 0.344281 11.2823 0.246575 3.49559
17,2,33 52.3555 0.322364 9.38182 0.246866 3.10847
17,2,34 57.6357 0.449065 9.9897 0.312172 3.39526
17,2,35 51.933 0.428255 10.3466 0.367637 2.25076
17,3,0 52.3098 0.120667 8.63572 0.0801611 62.4287
17,3,1 59.5272 0.267471 7.39885 0.160168 10.1762
17,3,2 62.7956 0.135059 10.1392 0.0875024 59.0553
17,3,3 65.3168 0.23559 8.21541 0.142308 8.99639
17,3,4 52.98 0.130482 8.97367 0.0891771 48.2446
17,3,5 58.1595 0.343288 6.62505 0.201273 16.0583
17,3,6 65.0534 0.174568 7.69481 0.117459 79.1757
17,3,7 62.0971 0.247686 6.84908 0.141361 10.8147
17,3,8 50.9439 0.124679 7.43703 0.0912177 32.7328
17,3,9 50.4486 0.303946 8.04549 0.182778 12.2448
17,3,10 59.8204 0.141239 7.35 0.0949133 32.0943
17,3,11 58.9298 0.327756 7.06909 0.194856 12.6821
17,3,12 51.6369 0.138029 7.73624 0.0970291 27.0743
17,3,13 63.6418 0.31986 8.14864 0.190637 5.96163
17,3,14 57.4178 0.166643 7.14813 0.11422 35.2209
17,3,15 51.998 0.347011 7.85942 0.18657 11.1294
17,3,16 57.8992 0.159483 6.54226 0.10672 20.5922
17,3,17 43.3442 0.320393 7.69151 0.226414 2.39205
17,3,18 59.8628 0.164195 6.82107 0.111049 14.5538
17,3,19 59.0951 0.362009 6.78821 0.211365 8.69949
17,3,20 52.2819 0.181982 5.58409 0.164665 25.6528
17,3,21 56.9524 0.201789 5.14326 0.309118 8.25436
17,3,22 61.6737 0.20973 7.21984 0.112071 20.1278
17,3,23 56.652 0.57239 7.0865 0.384487 8.39034
17,3,24 58.255 0.308168 7.38624 0.184989 21.458
17,3,25 59.8855 0.488715 8.05364 0.327559 3.37326
17,3,26 60.276 0.266544 7.41273 0.149328 19.9234
17,3,28 60.3741 0.351677 8.36061 0.191979 22.6358
17,3,30 57.071 0.302916 5.46096 0.199895 8.14744
17,3,31 316.082 1.86342 1.00143 9.67377 216.25
17,3,32 47.022 0.369327 5.77836 0.240251 7.59965
17,3,33 42.8988 0.484265 4.94525 0.349018 3.65371
17,3,34 54.7392 0.241184 4.65922 0.177297 3.79772
17,3,35 57.2734 0.663693 5.4335 0.422132 2.73048
17,4,0 72.4067 0.331485 11.4248 0.202285 15.0758
17,4,1 79.4842 0.351896 9.67412 0.262303 12.228
17,4,2 80.6299 0.357233 11.6667 0.260677 14.964
17,4,3 77.1145 0.358231 11.0326 0.229656 14.5671
17,4,4 82.2582 0.164862 12.3784 0.117844 72.0406
17,4,5 81.3593 0.386657 11.2098 0.259984 12.8823
17,4,6 83.526 0.153884 11.8432 0.114453 69.6399
17,4,7 72.9172 0.404856 11.3799 0.275649 16.3663
17,4,8 73.4453 0.168929 12.1773 0.120593 57.8456
17,4,9 86.3727 0.398805 12.3033 0.257278 21.8245
17,4,10 83.0665 0.148038 11.2754 0.103723 54.9593
17,4,11 75.1208 0.374383 11.1593 0.244007 10.5957
17,4,12 86.9459 0.15372 9.91827 0.125736 39.5853
17,4,13 63.9633 0.402346 11.3529 0.278078 8.37663
17,4,14 67.7125 0.160186 9.60723 0.126178 33.9952
17,4,15 80.4641 0.471739 11.9792 0.34245 14.0272
17,4,16 85.6615 0.191585 10.0173 0.143813 61.1492
17,4,17 71.0489 0.433098 10.9383 0.252791 11.2315
17,4,18 72.0574 0.200085 8.07974 0.152533 45.0603
17,4,19 77.3625 0.513433 12.2402 0.344373 7.76089
17,4,20 70.9744 0.205171 9.68627 0.155712 26.2116
17,4,21 79.4725 0.452424 9.97274 0.263221 12.3565
17,4,22 73.784 0.549352 9.73161 0.352858 9.16192
17,4,23 73.1028 0.542804 11.2014 0.35392 6.00085
17,4,24 68.022 0.520297 10.3795 0.354266 5.46788
17,4,25 84.9624 0.532451 10.4093 0.440216 4.64044
17,4,26 81.0811 0.697393 10.7095 0.563908 7.2024
17,4,27 66.5308 0.61404 9.99611 0.531571 3.74601
17,4,28 68.2585 0.774092 10.5911 0.617055 4.69598
17,4,29 81.0679 0.806247 12.2593 0.666907 6.45496
17,4,30 78.0737 0.758471 10.2983 0.709867 4.08538
17,4,31 80.4319 0.534987 8.51816 0.389548 9.56954
17,4,32 72.8201 0.956274 7.76544 0.841209 4.26236
17,4,33 79.4588 0.50428 9.30639 0.375204 5.80799
17,4,34 67.1094 0.778186 9.32767 0.656773 6.99536
17,4,35 75.4679 0.585342 10.183 0.437541 6.06918
17,5,0 71.3669 0.218003 7.23228 0.233075 28.6749
17,5,1 69.5232 0.223425 9.95888 0.161607 22.9712
17,5,2 64.4734 0.249918 10.1313 0.171092 15.6425
17,5,3 71.5241 0.284023 10.1993 0.214186 14.8194
17,5,4 61.6816 0.281561 9.23003 0.177175 10.2245
17,5,5 69.2211 0.270087 8.14125 0.211406 6.84339
17,5,6 67.8707 0.353641 8.84331 0.260905 9.85292
17,5,7 61.3073 0.353546 7.22456 0.314556 7.79208
17,5,8 71.3997 0.396261 7.71467 0.273538 6.20775
17,5,10 75.7502 0.455157 9.42008 0.348562 11.9322
17,5,11 64.1572 0.467312 7.54509 0.286225 13.7583
17,5,12 60.5358 0.317169 8.87888 0.210209 11.1749
17,5,13 70.6925 0.301681 8.0267 0.183035 13.2175
17,5,14 75.5079 0.326846 8.96593 0.251746 21.2573
17,5,15 63.9035 0.286671 7.87978 0.19818 26.0855
17,5,16 75.0697 0.263707 9.31918 0.188872 35.8645
17,5,17 78.6633 0.200382 8.57615 0.156147 26.2077
17,5,18 65.7466 0.228703 8.29383 0.144411 48.4581
17,5,19 66.1022 0.207361 9.80731 0.146969 56.0601
17,5,20 75.9245 0.186742 9.63627 0.13224 73.2672
17,5,22 73.2706 0.314522 5.16424 0.259439 16.62
17,5,23 74.6132 0.553205 7.25951 0.382639 19.6994
17,5,24 64.4889 0.344387 7.68145 0.227693 17.1144
17,5,25 79.3551 0.273717 8.19214 0.129128 31.2707
17,5,26 64.3949 0.27556 7.70157 0.169827 27.4237
17,5,27 71.6366 0.205743 7.46114 0.141394 25.2291
17,5,28 78.824 0.201088 8.24712 0.115127 51.025
17,5,29 68.635 0.18182 8.46995 0.0989807 63.3604
18,0,0 69.4758 0.666844 5.89286 0.377054 3.00577
18,0,1 88.9385 0.547909 10.3136 0.35807 5.36591
18,0,2 70.3175 0.588038 8.09616 0.424925 2.30159
18,0,3 80.0079 0.437374 9.12574 0.266477 8.08902
18,0,4 78.6444 0.687021 9.4156 0.452261 2.7954
18,0,5 82.2637 0.464618 9.80578 0.261359 9.09193
18,0,6 62.2041 0.540233 8.04362 0.389422 3.29505
18,0,7 80.5516 0.623275 10.4648 0.361993 3.77252
18,0,8 75.5388 0.466188 8.079 0.362446 2.21661
18,0,9 73.916 0.581599 9.44013 0.432325 4.72233
18,0,10 76.6346 0.474291 7.61242 0.253764 6.42085
18,0,11 69.6473 0.543481 10.1114 0.291385 7.3957
18,0,12 79.1247 0.478524 10.2872 0.28562 5.21361
18,0,13 76.63 0.438106 10.0068 0.267036 5.40189
18,0,14 66.0467 0.448619 10.4959 0.292767 7.3794
18,0,15 80.0712 0.372027 9.1327 0.192411 9.855
18,0,16 78.8453 0.183647 9.2809 0.0949664 52.9259
18,0,17 64.9339 0.379935 9.03225 0.239446 8.208
18,0,18 78.854 0.154445 10.4619 0.102029 33.6418
18,0,19 69.9422 0.378988 10.0562 0.203022 11.1683
18,0,20 83.4771 0.143628 10.0327 0.0867716 74.5189
18,0,21 78.5309 0.382153 9.90673 0.222255 12.6924
18,0,22 69.5381 0.137556 9.52786 0.0770895 56.8063
18,0,23 83.0412 0.340242 10.3257 0.184542 10.5321
18,0,24 86.1825 0.148156 10.3169 0.0960615 69.2936
18,0,25 79.4864 0.354838 10.4065 0.218963 8.85361
18,0,26 83.6511 0.15044 11.083 0.0955052 79.8173
18,0,27 77.6991 0.378754 10.4974 0.233812 11.6686
18,0,28 79.9108 0.134108 10.2997 0.0800072 54.2436
18,0,29 82.2524 0.314463 9.65888 0.168835 10.9837
18,0,30 82.9314 0.137358 11.0414 0.0870231 41.2366
18,0,31 81.3107 0.324105 9.83351 0.171085 10.5123
18,0,32 86.0179 0.13233 11.0292 0.0901603 42.8085
18,0,33 85.4319 0.317767 10.4827 0.184891 6.55364
18,0,34 71.7307 0.343761 10.3611 0.204337 7.94422
18,0,35 75.9745 0.347113 10.3884 0.214678 6.48483
18,1,0 68.4374 0.359204 9.0052 0.204828 12.2135
18,1,1 74.6868 0.130277 10.0179 0.0814341 53.2871
18,1,2 65.7373 0.327699 9.33759 0.201859 13.0072
18,1,3 75.4699 0.155849 7.96433 0.0940983 64.7351
18,1,4 78.1826 0.374943 8.51671 0.194604 10.377
18,1,5 77.1001 0.186958 8.46548 0.108265 67.8672
18,1,6 76.3728 0.34873 9.11835 0.212912 10.1939
18,1,7 73.0362 0.150839 8.09104 0.0941413 43.0211
18,1,8 72.7357 0.316891 7.47141 0.186854 8.74467
18,1,9 74.2939 0.200263 7.7469 0.134219 45.5251
18,1,10 62.0911 0.340342 7.38098 0.274735 7.26448
18,1,12 70.5032 0.406951 8.69562 0.248065 7.92538
18,1,13 83.0957 0.233978 8.91123 0.133906 35.1361
18,1,14 69.4065 0.420973 7.88342 0.295068 5.7673
18,1,16 73.3595 0.467095 7.06764 0.389283 5.59037
18,1,17 68.7648 0.289284 8.92691 0.156955 27.7781
18,1,18 75.8761 0.438286 7.26905 0.337539 4.86582
18,1,19 75.3229 0.368751 7.90203 0.227732 25.3039
18,1,20 71.5945 0.456111 7.27359 0.340873 4.27391
18,1,21 73.4739 0.269577 7.10355 0.1595 15.378
18,1,22 76.7624 0.649637 7.30789 0.410776 5.70951
18,1,23 65.3579 0.291132 8.1752 0.178549 13.0659
18,1,24 69.6735 0.477309 6.73586 0.355215 3.52371
18,1,25 84.7156 0.343481 9.66201 0.213969 15.5942
18,1,26 70.5689 0.427052 4.97034 0.400441 5.75266
18,1,27 71.8389 0.385275 9.14363 0.237012 15.4866
18,1,28 63.6395 0.828709 6.93276 0.580315 4.46259
18,1,29 83.8946 0.406085 9.10269 0.248513 10.2418
18,1,30 71.4124 0.478909 4.82469 0.391702 2.99315
18,1,31 71.6813 0.454837 8.51295 0.294775 8.02886
18,1,32 57.0661 0.502511 5.71019 0.403078 2.9474
18,1,33 65.2687 0.49746 9.28509 0.295589 5.80897
18,1,34 71.3684 0.649744 4.11694 0.40824 1.97523
18,1,35 78.94 0.693935 9.02675 0.400276 9.77039
18,2,0 63.9841 0.177773 14.3751 0.144423 9.35054
18,2,1 61.9617 0.16567 13.4363 0.13629 10.0575
18,2,2 57.6715 0.150959 13.2916 0.125491 8.91581
18,2,3 63.3732 0.169622 13.2541 0.126152 15.534
18,2,4 58.1097 0.15958 13.2886 0.120622 13.3843
18,2,5 70.8497 0.189073 13.6802 0.147492 19.6776
18,2,6 70.2636 0.178927 12.4455 0.146357 15.1993
18,2,10 63.4901 0.356097 11.9603 0.310694 45.1852
18,2,11 79.0538 0.334778 11.5706 0.28697 46.0743
18,2,12 67.204 0.284561 12.7424 0.247359 17.9665
18,2,13 69.1773 0.195018 10.3865 0.158826 22.0357
18,2,14 63.1232 0.219139 12.6186 0.177243 14.6598
18,2,15 74.5577 0.165666 12.4734 0.120212 15.6415
18,2,16 73.2668 0.146412 11.8762 0.10985 7.95956
18,2,17 76.9104 0.156147 11.8243 0.115344 10.8296
18,2,18 61.0753 0.187886 12.6598 0.147503 15.9405
18,2,19 78.1322 0.146592 10.9239 0.111723 25.7722
18,2,20 75.0581 0.167398 12.2158 0.12639 29.8133
18,2,21 69.2948 0.150343 11.3082 0.109322 17.0606
18,2,22 71.4252 0.175588 12.4393 0.127775 19.5089
18,2,23 56.7661 0.190863 12.9397 0.144655 15.5613
18,2,24 70.3624 0.192164 11.6929 0.131742 14.655
18,2,25 72.1635 0.207938 11.6186 0.139066 10.2312
18,2,26 74.6384 0.231969 11.4329 0.159344 7.84273
18,2,27 69.2019 0.274173 12.0054 0.174457 9.2226
18,2,28 62.8383 0.32191 12.8739 0.23654 5.68738
18,2,29 76.7757 0.336867 11.4776 0.228917 5.20473
18,2,30 62.0647 0.383529 11.9583 0.244498 4.03059
18,2,31 73.0755 0.410913 11.5489 0.316311 4.08808
18,2,32 75.2468 0.457043 10.6705 0.328229 3.68666
18,2,33 76.156 0.463979 10.841 0.350013 4.5422
18,2,34 78.9819 0.622154 10.8782 0.45295 3.57107
18,2,35 68.3377 0.713108 10.5217 0.454792 2.40989
18,3,0 76.9163 0.126482 9.43603 0.0938236 48.3622
18,3,1 66.349 0.0289381 1.06006 0.016909 12.8766
18,3,2 72.8358 0.136492 8.4181 0.107323 41.5964
18,3,3 68.6539 0.281677 7.19969 0.174596 14.1516
18,3,4 74.0327 0.130375 7.42885 0.0966422 52.3469
18,3,5 71.1351 0.232517 5.31847 0.209871 8.86092
18,3,6 68.3961 0.127584 9.10044 0.0968993 22.3218
18,3,7 69.5092 0.229419 5.60873 0.172882 4.9483
18,3,8 69.4242 0.131595 8.59825 0.109926 26.4705
18,3,9 73.6079 0.346353 9.30984 0.214557 4.88515
18,3,10 71.856 0.135085 7.25459 0.0957887 20.5449
18,3,11 77.1609 0.26977 6.00271 0.206803 4.52254
18,3,12 68.8941 0.149584 7.85845 0.112301 17.9133
18,3,13 70.0971 0.311136 6.03332 0.177667 6.38561
18,3,14 76.6216 0.188756 8.76738 0.138189 8.36728
18,3,16 72.5812 0.253993 8.13759 0.232582 26.311
18,3,17 58.2005 0.424167 8.67027 0.28133 3.08824
18,3,18 62.038 0.217275 6.82639 0.164752 21.2361
18,3,19 66.5463 0.0672255 1.60977 0.0968674 5.73227
18,3,20 76.2568 0.329747 7.86681 0.224177 23.0689
18,3,21 56.0088 1.027 1.64401 1.5844 6.88262
18,3,22 65.6557 0.331672 8.21963 0.242879 16.4866
18,3,23 70.691 0.533609 6.04179 0.614215 4.53123
18,3,24 63.2677 0.361606 9.30547 0.240667 10.6367
18,3,25 66.6179 0.460717 6.97798 0.339459 1.27659
18,3,26 62.3316 0.401523 6.63204 0.39393 10.8182
18,3,27 65.7945 0.0973452 1.26553 0.114234 5.10083
18,3,28 69.6442 0.284836 7.07336 0.243026 5.61901
18,3,29 65.9254 0.487341 8.06362 0.282885 4.13221
18,3,30 65.5966 2.5224 1.66942 11.3711 6.80282
18,3,32 71.9445 0.539997 6.33634 0.527487 7.56468
18,3,34 56.4022 4.02533 1.45934 11.8671 5.12989
18,4,0 67.1319 0.296276 8.6886 0.189851 19.4844
18,4,1 77.4607 0.269785 9.29465 0.199001 10.7457
18,4,2 69.999 0.28577 8.0445 0.199103 6.76526
18,4,3 68.5345 0.306252 9.44053 0.225656 7.4989
18,4,4 84.1184 0.146381 10.8183 0.110892 39.6593
18,4,5 77.3134 0.273352 9.43117 0.207801 13.2593
18,4,6 71.4516 0.166002 11.1481 0.13452 32.8551
18,4,7 63.6031 0.285976 8.741 0.22839 18.4785
18,4,8 77.937 0.129767 10.3373 0.112611 37.4857
18,4,9 76.464 0.301302 8.88578 0.227425 13.5769
18,4,10 82.3779 0.141146 9.30043 0.106968 61.3207
18,4,11 71.8752 0.304713 9.72911 0.213411 9.33479
18,4,12 73.6306 0.16786 11.2315 0.126423 55.3324
18,4,13 78.6992 0.286909 8.39978 0.233033 7.74749
18,4,14 67.1639 0.138604 10.8111 0.107243 48.9724
18,4,15 74.1545 0.373055 9.69556 0.242166 8.04792
18,4,16 81.4895 0.124911 7.82063 0.0906265 58.2667
18,4,17 65.3287 0.321025 10.8303 0.214619 4.51012
18,4,18 67.8058 0.127909 9.29328 0.0914808 42.5144
18,4,19 66.741 0.428076 10.3791 0.261971 4.82318
18,4,20 77.2954 0.143135 8.87459 0.0954328 44.4372
18,4,21 59.8788 0.360382 7.09304 0.305543 5.98004
18,4,22 67.7117 0.488577 8.2871 0.318853 5.14827
18,4,23 69.5651 0.422025 7.43364 0.32062 4.78689
18,4,24 73.743 0.485915 8.07706 0.37151 7.58814
18,4,25 80.1754 0.369284 6.93763 0.313339 7.97433
18,4,26 66.7413 0.0629419 1.09445 0.0386058 13.7688
18,4,27 68.9405 0.456614 7.44416 0.32975 2.97715
18,4,28 77.3324 0.56251 7.10592 0.387451 5.90167
18,4,29 62.0727 0.679716 7.74993 0.61749 3.81297
18,4,30 63.8404 0.653168 7.60608 0.463124 4.03377
18,4,31 80.031 0.426163 9.57144 0.220911 10.6203
18,4,32 76.9833 0.844832 7.86536 0.487988 2.8832
18,4,33 78.4215 0.501555 8.29719 0.345453 7.54691
18,4,34 76.4183 0.902304 8.81453 0.553529 5.07937
18,4,35 76.4231 0.551827 7.78242 0.399834 6.82354
18,5,0 64.0833 0.162029 8.7279 0.126357 45.2616
18,5,1 60.0816 0.128712 8.47047 0.111782 18.0935
18,5,2 62.6596 0.173835 9.24125 0.105887 21.3986
18,5,3 56.1904 3.55011 1.36569 10.0688 31.3523
18,5,4 56.525 0.182298 9.06982 0.111801 11.8483
18,5,5 69.0446 0.205905 9.30044 0.156752 14.22
18,5,6 60.8428 0.205258 7.84635 0.182264 7.96099
18,5,7 60.8938 0.267828 8.92445 0.22908 12.5033
18,5,8 56.7759 0.305587 9.12059 0.198889 6.6629
18,5,9 63.4208 0.29402 5.19824 0.235557 10.4702
18,5,11 61.1304 0.252819 7.02245 0.253566 10.7511
18,5,12 68.5358 0.244916 8.45676 0.17112 8.74181
18,5,13 71.6668 0.206945 6.99939 0.136698 15.4565
18,5,14 59.5195 0.213823 9.31068 0.152704 18.9774
18,5,15 65.3539 0.221633 6.61539 0.141537 39.1998
18,5,16 64.1816 0.237642 7.2668 0.198897 40.8234
18,5,17 63.0694 0.147436 7.23586 0.105416 35.3501
18,5,18 63.3118 0.142769 8.00883 0.0964519 35.5213
18,5,19 64.2662 0.13225 7.96663 0.0917152 43.38
18,5,20 57.7572 0.14824 9.4541 0.100437 72.4494
18,5,21 62.304 0.246134 6.12911 0.129341 6.34977
18,5,22 66.448 0.301263 7.50624 0.18032 9.14268
18,5,23 68.4894 0.305757 7.98138 0.174909 17.3507
18,5,24 69.1486 0.231939 7.43062 0.143817 14.3046
18,5,25 62.3679 0.173986 6.10058 0.114876 13.3872
18,5,26 70.1584 0.190797 7.34054 0.115739 22.0302
18,5,27 69.9067 0.216079 8.38504 0.113275 40.3988
18,5,28 65.75 0.185869 7.7021 0.113544 33.9142
18,5,29 63.7338 0.148737 8.12982 0.0865125 35.9532
19,0,0 55.9729 1.50279 1.07228 11.2405 4.39445
19,0,1 71.2245 0.409382 5.9627 0.264587 2.60849
19,0,2 65.9658 0.845521 7.56034 0.568478 4.46976
19,0,3 63.0223 0.359022 6.80253 0.207692 4.58813
19,0,4 69.4477 0.491454 6.5505 0.309048 2.8411
19,0,5 70.5388 0.345533 7.88283 0.232387 4.30971
19,0,6 72.5617 0.452707 7.02327 0.256612 2.47746
19,0,7 64.9249 0.599668 8.39999 0.492654 4.07771
19,0,8 60.0718 0.426293 8.61178 0.313434 4.02539
19,0,9 71.1169 0.38353 7.38688 0.313722 3.26134
19,0,10 68.5863 0.459182 7.94395 0.253866 9.87489
19,0,11 69.4792 0.440143 9.479 0.278949 9.38475
19,0,12 58.8969 0.374454 8.78695 0.236929 6.70195
19,0,13 72.9615 0.369575 7.41125 0.290411 9.41895
19,0,14 64.0422 0.40041 9.49858 0.288906 10.3931
19,0,15 71.0118 0.298992 8.16463 0.179489 14.465
19,0,16 66.0164 0.202962 9.09572 0.134923 38.7753
19,0,17 63.3345 0.332174 7.98735 0.274897 9.91455
19,0,18 70.4161 0.152894 9.03866 0.092774 49.7099
19,0,19 66.0624 0.316414 10.2331 0.212913 9.76453
19,0,20 62.0819 0.152614 9.57162 0.1017 55.1512
19,0,21 66.6862 0.303473 8.92376 0.205747 11.8014
19,0,22 72.7671 0.123255 7.17945 0.100497 50.2033
19,0,23 69.7897 0.235057 8.11517 0.171787 7.29297
19,0,24 71.4555 0.11176 7.97311 0.0707238 66.8401
19,0,25 64.3675 0.283078 8.57527 0.206196 17.227
19,0,27 69.4796 0.246068 8.34083 0.133605 15.2563
19,0,28 65.1557 0.147783 9.16704 0.104767 69.2389
19,0,29 71.2898 0.219272 8.11959 0.127285 11.2232
19,0,30 63.6686 0.140805 11.4438 0.105408 64.3856
19,0,31 71.8423 0.237854 8.05981 0.148995 13.9861
19,0,33 72.4244 0.227183 8.11514 0.143528 15.662
19,0,35 61.2157 0.237927 8.68299 0.153299 13.9441
19,1,0 63.7484 0.267293 7.45655 0.198543 19.1027
19,1,1 65.058 0.143741 8.74898 0.113984 74.9543
19,1,2 62.2271 0.231692 7.99186 0.169695 10.6848
19,1,3 71.5517 0.103063 7.88239 0.0919432 54.8314
19,1,4 69.5768 0.248438 8.78655 0.187084 8.83782
19,1,5 59.8643 0.116365 9.17174 0.0824911 43.6998
19,1,6 71.1766 0.249315 8.18896 0.208669 9.00538
19,1,7 66.2644 0.113881 9.35685 0.0771777 33.9564
19,1,8 54.9454 0.293957 10.0093 0.194473 11.3492
19,1,9 70.6942 0.119067 9.11556 0.0930286 44.0151
19,1,10 63.0858 0.323383 10.2264 0.198969 11.1403
19,1,11 69.5776 0.120485 9.0032 0.0950065 35.5898
19,1,12 56.8288 0.31902 10.9402 0.229765 13.3842
19,1,13 70.3744 0.134083 8.15393 0.105178 20.7809
19,1,14 69.8299 0.28955 8.96786 0.206927 8.17118
19,1,15 62.7 0.161611 8.93946 0.104569 33.1041
19,1,16 63.328 0.340537 7.9124 0.273556 8.74825
19,1,17 64.9955 0.204106 7.62167 0.139194 35.9323
19,1,18 66.2375 0.390041 10.2079 0.256686 7.14048
19,1,19 61.575 0.172911 7.45258 0.138636 14.5525
19,1,20 64.8251 0.471056 8.9518 0.329798 9.31352
19,1,21 67.079 0.246509 8.20466 0.159026 28.6557
19,1,22 63.657 0.435267 9.15107 0.301106 6.23461
19,1,23 55.8537 0.37528 1.07842 0.70029 14.7843
19,1,24 66.2375 0.452962 10.3718 0.291058 4.08577
19,1,25 59.3814 0.23479 7.74968 0.159886 6.26162
19,1,26 57.5706 0.382985 8.88215 0.233485 4.36039
19,1,27 69.5842 0.236481 8.36105 0.173907 12.8084
19,1,28 60.5036 0.49748 8.32598 0.27219 7.7359
19,1,29 56.1199 0.0311382 1.00074 0.00264443 16.3425
19,1,31 68.8597 0.282701 7.72186 0.226872 6.80775
19,1,32 63.8469 0.664328 8.66355 0.353789 3.69419
19,1,33 68.6518 0.350159 7.77461 0.280995 3.79341
19,1,34 66.2892 0.611329 7.22418 0.378287 2.45823
19,1,35 318.14 6.57783 2.30357 3.17789 196.88
19,2,0 70.6767 0.171454 12.7634 0.127341 15.9814
19,2,1 58.7769 0.165915 12.7338 0.125556 12.1846
19,2,2 58.343 0.168556 12.985 0.127133 11.2297
19,2,3 74.0288 0.201563 14.3391 0.159376 15.3365
19,2,4 62.3086 0.193135 14.1004 0.148844 11.7796
19,2,5 56.8507 0.176894 13.7812 0.140925 11.49
19,2,6 69.8876 0.175228 13.8825 0.136884 17.1236
19,2,7 60.8055 0.161582 12.8464 0.127604 15.282
19,2,8 68.4894 0.218015 13.6117 0.174051 17.9549
19,2,9 77.4117 0.227731 13.1024 0.188353 29.3223
19,2,10 63.3844 0.316263 14.7001 0.255717 15.4597
19,2,12 68.3835 0.233741 15 0.360633 36.0085
19,2,13 75.6072 0.295441 12.8295 0.254439 27.9868
19,2,14 72.7537 0.289284 13.8188 0.249154 43.8102
19,2,15 78.6228 0.171352 13.9579 0.14261 24.0574
19,2,16 70.1951 0.145381 13.2303 0.116844 13.5656
19,2,18 59.8177 0.310768 14.4549 0.276196 24.876
19,2,19 77.2605 0.261583 13.764 0.20681 41.5674
19,2,20 72.2998 0.243139 13.925 0.196133 52.7664
19,2,21 63.9263 0.187681 13.5476 0.147455 22.5982
19,2,22 72.1627 0.160747 12.6464 0.120532 18.99
19,2,23 65.4389 0.179155 14.1101 0.163493 16.8447
19,2,24 59.9924 0.178152 13.0446 0.140909 14.069
19,2,25 75.2714 0.168507 12.4395 0.125463 11.0289
19,2,26 70.4626 0.198829 12.4309 0.14794 20.3317
19,2,27 62.2046 0.225431 12.876 0.165556 13.6278
19,2,28 53.3506 0.229913 12.1607 0.161394 8.37936
19,2,29 71.8807 0.273256 11.7721 0.182227 8.16198
19,2,30 63.0854 0.297914 10.788 0.197542 5.11036
19,2,31 61.03 0.303157 9.94476 0.210199 4.69224
19,2,32 56.9669 0.388897 10.9138 0.254559 2.90425
19,2,33 57.0751 0.437674 10.8044 0.30717 2.51988
19,2,34 53.3242 0.557088 9.589 0.376203 1.83001
19,2,35 46.7911 0.063041 1.2116 0.0413475 26.9209
19,3,0 68.5222 0.145969 10.0133 0.0906493 56.9422
19,3,1 65.6306 0.286452 8.70627 0.169223 22.1255
19,3,2 55.2482 0.15518 9.00692 0.101558 61.6517
19,3,3 65.7258 0.299172 8.888 0.198766 13.3444
19,3,4 66.15 0.174465 9.76696 0.113848 47.2891
19,3,5 63.5914 0.274768 7.82387 0.163512 15.9882
19,3,6 66.206 0.162321 10.1273 0.109778 42.8365
19,3,7 66.7711 0.308004 8.49647 0.175594 11.0852
19,3,8 70.2144 0.175089 9.75512 0.0982876 72.8279
19,3,9 53.8927 0.467793 7.08011 0.347937 20.592
19,3,10 66.365 0.196749 8.70255 0.117707 62.3506
19,3,11 59.828 0.293207 6.93782 0.173385 9.60232
19,3,12 55.1029 0.223201 8.69464 0.148944 62.7109
19,3,13 53.0861 0.254737 4.97351 0.207036 16.3246
19,3,14 61.8084 0.162632 7.05493 0.125104 39.5838
19,3,15 61.5627 0.299041 6.694 0.216023 6.42766
19,3,16 60.971 0.157168 6.10684 0.1419 27.2701
19,3,17 57.3397 0.532908 7.8717 0.332605 18.2524
19,3,18 53.942 0.250777 6.96478 0.180734 27.4886
19,3,19 66.6966 0.440426 8.25103 0.259679 8.7614
19,3,20 64.676 0.228327 7.78692 0.141317 15.7761
19,3,21 61.0157 0.405763 7.77991 0.221874 8.35689
19,3,22 58.4866 0.340828 7.27665 0.19612 27.7602
19,3,23 49.2493 0.460822 7.2452 0.271173 7.45802
19,3,24 50.2292 0.260038 8.06797 0.164736 17.0309
19,3,25 318.09 30.3229 3.06942 3.31567 214.36
19,3,26 64.0317 0.184734 4.72868 0.14549 18.6066
19,3,27 71.4663 0.789576 10.3054 0.473863 6.08761
19,3,28 51.8145 0.247194 4.70521 0.185639 11.4311
19,3,29 56.4746 1.11369 6.88733 0.730599 6.0138
19,3,30 47.2914 0.365352 6.54541 0.243941 4.99043
19,3,31 56.1746 6.97778 1.40806 13.7874 2.39133
19,3,32 59.6573 0.367967 6.39286 0.213979 6.33792
19,3,33 59.4188 0.778785 7.56661 0.422201 3.91666
19,3,35 66.3313 0.931554 7.73226 0.670803 1.28149
19,4,0 76.9298 0.326715 9.30479 0.258417 13.2746
19,4,1 81.7315 0.333142 9.88673 0.178792 26.5778
19,4,2 66.112 0.38047 9.29816 0.217063 19.8203
19,4,3 80.945 0.330968 10.1036 0.175325 14.4119
19,4,4 80.8168 0.173172 11.4025 0.107121 82.6023
19,4,5 68.1537 0.362246 9.43827 0.213515 19.5367
19,4,6 78.8377 0.146404 10.0488 0.0842628 97.358
19,4,7 75.7192 0.388811 9.70092 0.249238 17.2737
19,4,8 79.9645 0.147746 10.2948 0.0873097 57.588
19,4,9 64.599 0.412821 10.8713 0.286484 16.5221
19,4,10 69.1584 0.151134 10.1368 0.0894722 53.3351
19,4,11 67.1094 0.435025 10.7582 0.277033 16.5705
19,4,12 70.473 0.154535 10.7633 0.092164 41.9365
19,4,13 73.2479 0.374672 10.1469 0.21666 19.1398
19,4,14 69.866 0.156369 10.2466 0.0983448 39.3919
19,4,15 60.936 0.427636 8.33978 0.313738 25.6056
19,4,16 73.1621 0.162962 10.159 0.0950852 65.5683
19,4,17 75.794 0.487469 9.61556 0.283707 14.4219
19,4,18 82.1137 0.222958 11.3702 0.131729 47.7142
19,4,19 59.4301 0.359464 7.03918 0.297694 11.7945
19,4,20 65.2412 0.264822 11.2093 0.176512 31.353
19,4,21 72.2699 0.432357 7.95914 0.278758 9.253
19,4,22 65.8216 0.555649 11.1768 0.382614 14.0115
19,4,23 61.2902 0.404353 5.20706 0.379643 12.0451
19,4,24 59.2355 0.532401 7.65945 0.335425 9.69006
19,4,25 82.1852 0.618258 12.0759 0.413679 6.48692
19,4,26 67.0263 0.675334 9.5052 0.373263 7.50549
19,4,27 84.3526 0.579705 10.3988 0.489539 6.04109
19,4,28 76.7413 0.894654 9.60648 0.5896 12.6823
19,4,29 75.7583 0.938366 8.67469 0.524916 7.99961
19,4,30 79.5985 0.993018 11.6024 0.575492 5.57505
19,4,31 81.1742 0.507279 10.7402 0.326245 9.43648
19,4,32 86.6164 0.723899 10.142 0.638588 5.13631
19,4,33 80.6436 0.481778 7.94532 0.377037 5.41091
19,4,34 80.8811 0.808789 8.87607 0.727068 2.91751
19,4,35 85.2162 0.8493 9.92512 0.6083 3.88445
19,5,0 62.7096 0.212477 8.43524 0.136592 27.5864
19,5,1 74.6984 0.271695 10.6926 0.198574 20.7477
19,5,2 65.9244 0.229034 8.85154 0.143671 21.1443
19,5,3 66.769 0.24596 9.60267 0.154963 20.9492
19,5,4 56.6167 0.329604 11.6173 0.234469 10.0622
19,5,5 55.832 0.325618 10.4369 0.223879 8.76828
19,5,6 72.1534 0.375209 9.15991 0.301051 9.70432
19,5,7 64.2535 0.4522 9.45768 0.312888 8.66533
19,5,8 72.3487 0.464487 9.63876 0.374173 5.84126
19,5,9 69.0934 0.345257 7.41246 0.287482 2.68498
19,5,10 71.3733 0.332477 5.61734 0.34055 8.90668
19,5,11 65.7359 0.392561 9.26704 0.276675 8.62073
19,5,12 68.5604 0.26964 8.69392 0.191305 6.8095
19,5,14 72.8555 0.305264 8.34641 0.274237 17.0827
19,5,15 68.0302 0.248633 9.94024 0.170898 14.4592
19,5,16 66.5201 0.229603 10.0992 0.157543 15.8293
19,5,17 68.4505 0.203709 9.4226 0.138304 21.3351
19,5,18 57.2899 0.199558 10.6607 0.145286 28.0326
19,5,19 76.4662 0.189162 9.57949 0.139826 41.9314
19,5,20 75.4211 0.201626 10.7767 0.150304 51.4335
19,5,21 72.173 0.344478 8.34355 0.19359 12.9642
19,5,22 69.5289 0.303771 7.88601 0.218097 7.09721
19,5,23 70.0168 0.286803 7.86264 0.187152 12.3385
19,5,24 60.7252 0.255978 8.02145 0.180853 12.1147
19,5,25 69.0689 0.232584 7.64414 0.152878 20.0599
19,5,26 72.3073 0.20069 7.13168 0.136507 19.6541
19,5,27 64.0321 0.277072 8.71659 0.20363 23.3739
19,5,28 75.206 0.239655 7.90676 0.144591 43.4583
20,0,0 88.6338 0.714689 9.05345 0.417685 1.53075
20,0,1 80.2035 0.482279 8.90515 0.329309 2.75036
20,0,2 83.3895 0.832913 11.4685 0.515189 3.27908
20,0,3 77.7437 0.443088 9.2043 0.264219 5.65321
20,0,4 88.5494 0.742119 9.70875 0.467193 2.71924
20,0,5 78.7103 0.41979 9.91654 0.250734 4.27251
20,0,6 84.731 0.697873 9.51515 0.476324 3.0721
20,0,7 85.7678 0.761318 12.4994 0.570861 3.24754
20,0,8 84.1561 0.613339 10.704 0.38704 4.00503
20,0,9 92.5472 0.611753 10.3849 0.354427 5.20913
20,0,10 88.4932 0.540711 10.3393 0.347912 3.77525
20,0,11 89.963 0.509476 10.5162 0.312385 4.79485
20,0,12 81.6845 0.484129 10.2093 0.268854 6.20741
20,0,13 91.7078 0.469692 9.96922 0.255656 6.20665
20,0,14 87.7945 0.478957 9.92613 0.298176 8.13114
20,0,15 76.7726 0.392264 10.2523 0.228491 6.44031
20,0,16 85.2063 0.181163 9.65878 0.112314 38.6303
20,0,17 74.6549 0.441298 11.6991 0.270353 6.75159
20,0,18 85.0469 0.1561 9.99918 0.0917229 32.5878
20,0,19 79.1098 0.406261 10.4007 0.23696 6.8209
20,0,20 88.1381 0.16826 9.38317 0.103162 48.9087
20,0,21 72.3255 0.346246 10.0477 0.202176 7.00008
20,0,22 80.9725 0.141868 9.02641 0.0842897 61.5312
20,0,23 77.0423 0.389839 10.7723 0.236036 7.07367
20,0,24 87.1231 0.129708 9.86363 0.0843603 34.0826
20,0,25 80.191 0.4034 11.1426 0.253255 8.28533
20,0,26 91.489 0.147417 10.1915 0.0866825 52.1662
20,0,27 86.7278 0.361523 8.69516 0.205962 9.06549
20,0,28 92.4948 0.125768 9.09047 0.0762207 72.1549
20,0,29 87.3216 0.331133 10.2385 0.197004 5.89741
20,0,30 81.5202 0.13671 9.90832 0.0852369 65.0564
20,0,31 80.5111 0.362573 10.1803 0.213464 8.68837
20,0,32 83.242 0.13038 10.1079 0.0796276 48.9197
20,0,33 90.4835 0.36557 10.5324 0.214755 7.51473
20,0,34 93.2164 0.346714 10.1168 0.184525 9.6457
20,0,35 85.9519 0.361025 10.7077 0.205477 6.65955
20,1,0 81.6597 0.387376 9.41839 0.244242 8.82862
20,1,1 90.144 0.149775 8.50339 0.109836 42.7125
20,1,2 91.2566 0.370341 9.39098 0.2268 7.6672
20,1,3 84.9656 0.200667 10.1834 0.142485 67.1264
20,1,4 89.569 0.443656 9.98023 0.246563 9.76316
20,1,5 98.2029 0.19479 9.80631 0.128977 51.6782
20,1,6 99.4515 0.400916 9.57039 0.292879 7.03892
20,1,7 89.5586 0.181115 8.43199 0.126254 27.0733
20,1,8 96.3468 0.467125 10.1312 0.300058 7.61266
20,1,9 90.0656 0.185063 8.23131 0.142343 21.0047
20,1,10 91.862 0.44347 8.52343 0.284078 5.92411
20,1,11 89.83 0.205102 8.06456 0.156153 16.9986
20,1,12 77.9127 0.590287 10.0421 0.355683 11.5867
20,1,13 90.0134 0.23307 8.12541 0.184583 15.8662
20,1,14 84.1851 0.521617 9.93834 0.327812 6.66312
20,1,15 96.3965 0.322225 8.63037 0.216697 17.1545
20,1,16 96.8918 0.566778 10.1232 0.395253 5.48145
20,1,17 88.0065 0.3203 8.48391 0.204419 25.0285
20,1,18 94.5205 0.715643 10.4384 0.426791 8.20566
20,1,19 79.6039 0.301178 8.12055 0.218136 10.4402
20,1,20 84.7474 0.589112 10.6935 0.346779 4.73998
20,1,21 80.3343 0.315071 8.08313 0.208168 12.7037
20,1,22 94.616 0.735324 11.2715 0.498514 4.56271
20,1,23 98.7684 0.418772 8.65132 0.30134 14.7676
20,1,24 85.412 0.691774 9.75013 0.54418 3.04105
20,1,25 88.0202 0.457215 8.89485 0.30159 15.1339
20,1,26 94.7482 0.951971 9.52823 0.706822 4.78226
20,1,27 88.1706 0.49926 8.69034 0.285739 8.93652
20,1,28 87.7677 0.777835 8.80513 0.590397 2.57922
20,1,29 98.3289 0.518204 8.35188 0.310493 8.97105
20,1,30 92.2591 0.953158 6.4494 1.02134 3.37953
20,1,31 97.1468 0.724757 7.46969 0.433043 9.79691
20,1,32 87.0928 0.770326 7.52431 0.581626 2.54402
20,1,33 88.3463 0.910446 6.9427 0.510009 7.04009
20,1,34 100.173 1.15798 8.99194 0.752169 2.8422
20,2,0 75.1657 0.170942 13.4162 0.12355 13.9814
20,2,1 70.8848 0.19225 14.1819 0.141871 14.2692
20,2,2 74.2451 0.166785 13.5486 0.127105 12.153
20,2,3 89.4326 0.160904 12.1042 0.115541 14.1774
20,2,4 84.4778 0.16746 13.2407 0.119 21.2695
20,2,5 72.2451 0.19372 13.3225 0.143353 19.8795
20,2,6 62.9997 3.44266 15 1.71435 0.337865
20,2,9 81.1039 0.310369 12.1745 0.231726 15.5072
20,2,10 73.2821 0.286787 11.4316 0.245078 19.9225
20,2,11 85.7525 0.271366 10.6816 0.209489 22.3815
20,2,12 79.6002 0.22847 11.3944 0.180258 24.4452
20,2,13 80.4589 0.218996 12.1229 0.175636 16.585
20,2,14 79.1027 0.17735 11.1809 0.135553 20.7489
20,2,15 76.0449 0.159704 11.4186 0.109504 14.5437
20,2,16 70.94 0.179488 13.2115 0.123755 10.7847
20,2,17 84.1102 0.173737 12.0335 0.11928 9.50245
20,2,18 67.0328 0.182221 12.3454 0.142696 21.0518
20,2,19 78.7671 0.181491 12.4618 0.134761 24.4645
20,2,20 85.2892 0.166661 11.4962 0.11953 26.5587
20,2,21 83.3003 0.176511 12.4897 0.119517 24.7556
20,2,22 79.524 0.169041 11.4671 0.110637 16.3986
20,2,23 65.7266 0.195576 12.3861 0.12879 15.8349
20,2,24 85.7489 0.205844 11.6081 0.140016 12.1159
20,2,25 81.5285 0.233707 11.9331 0.153816 11.4496
20,2,26 79.7333 0.242204 11.7476 0.162487 7.58064
20,2,27 85.4025 0.284254 11.5187 0.183536 9.18462
20,2,28 84.4281 0.295916 11.0243 0.196911 6.81112
20,2,29 69.6406 0.346767 11.7635 0.22405 4.81211
20,2,30 63.6046 0.380746 12.0062 0.255072 4.96736
20,2,31 74.2078 0.425633 10.7487 0.252732 5.24085
20,2,32 78.5975 0.442127 10.4154 0.268891 5.18334
20,2,33 68.0528 0.521647 10.2158 0.339187 4.10949
20,2,34 83.2587 0.597558 11.458 0.364427 3.83306
20,2,35 80.3146 0.626572 10.2143 0.396875 3.09865
20,3,0 92.6283 0.151923 10.4538 0.118594 40.6119
20,3,1 85.5897 0.302703 10.0574 0.198529 5.01454
20,3,2 85.1225 0.18654 12.6462 0.121376 38.8633
20,3,3 72.7154 0.359669 10.5599 0.206517 10.3049
20,3,4 85.4994 0.211355 11.3259 0.139099 50.9782
20,3,5 67.1544 0.341783 10.0315 0.20644 11.8801
20,3,6 80.4065 0.176155 11.132 0.109412 27.7342
20,3,7 79.9271 0.475349 10.0401 0.271741 5.59442
20,3,8 86.9821 0.198551 9.73802 0.115312 35.4539
20,3,9 85.9645 0.370105 8.79374 0.20669 10.3882
20,3,10 85.6488 0.213149 11.2131 0.133834 38.2616
20,3,11 80.8222 0.413579 9.82219 0.218602 8.88741
20,3,12 76.6411 0.241966 9.984 0.145677 30.601
20,3,13 80.3302 0.427771 9.73544 0.311102 7.93618
20,3,14 83.5387 0.240021 9.8437 0.141212 35.4809
20,3,15 74.3132 0.424879 8.05429 0.225841 8.02488
20,3,16 85.3273 0.291678 9.65326 0.179077 25.5979
20,3,17 72.3341 0.557077 8.49422 0.313535 3.81256
20,3,18 79.2683 0.33652 10.3537 0.195335 18.2174
20,3,19 66.7075 0.129375 1.22982 0.0905664 9.42414
20,3,20 84.5871 0.312253 10.3361 0.1669 22.7342
20,3,21 77.5673 0.494917 9.04322 0.304109 3.74017
20,3,22 84.333 0.354744 10.5546 0.189508 16.7497
20,3,23 74.3231 0.623138 9.82894 0.380486 3.46677
20,3,24 73.251 0.444117 12.1849 0.29216 15.3946
20,3,25 76.0958 0.610599 8.95838 0.329374 5.37977
20,3,26 76.5453 0.427682 11.0954 0.260696 5.90722
20,3,27 66.1765 0.618577 7.98947 0.313815 4.17788
20,3,29 84.7507 0.853957 8.00116 0.60633 1.86792
20,3,30 77.7915 0.481564 10.0345 0.30606 8.04094
20,3,31 74.9866 0.903175 9.9309 0.538876 1.62107
20,3,32 89.715 0.545022 10.2523 0.409334 5.0693
20,3,33 79.8571 1.2092 9.29623 0.753547 2.73454
20,3,34 74.9538 0.572499 10.089 0.355485 8.4541
20,3,35 87.8504 1.15133 9.06055 0.687922 2.397
20,4,0 80.1261 0.298936 8.79162 0.211217 5.77678
20,4,1 84.0272 0.360854 7.89359 0.234247 5.93183
20,4,2 82.36 0.282856 8.43901 0.192426 7.19114
20,4,3 85.3548 0.336383 9.30029 0.228126 9.78707
20,4,4 87.8611 0.148507 11.3092 0.1102 30.205
20,4,5 84.4969 0.325341 9.40074 0.228968 7.00777
20,4,6 89.1029 0.16752 12.2349 0.132332 30.7312
20,4,7 76.4588 0.388602 9.09638 0.262989 6.74318
20,4,8 90.588 0.145476 10.3951 0.117804 41.9164
20,4,9 74.1567 0.32922 10.4434 0.218187 10.4276
20,4,10 88.52 0.141781 10.4008 0.102388 48.8978
20,4,11 82.9936 0.336466 9.44257 0.221464 6.37183
20,4,12 79.5019 0.155942 11.8881 0.118067 22.4336
20,4,13 75.7088 0.374556 9.60816 0.213121 8.14294
20,4,14 93.0306 0.163973 10.047 0.123788 38.854
20,4,15 73.0527 0.415818 9.19712 0.266634 7.94259
20,4,16 77.5726 0.137373 9.62788 0.0910247 61.2536
20,4,17 87.9291 0.343341 8.37254 0.182511 8.17276
20,4,18 81.1921 0.140069 9.45791 0.0891874 33.4691
20,4,19 87.8561 0.319844 9.26437 0.208698 6.57413
20,4,20 88.1072 0.161417 8.64815 0.0958667 41.2533
20,4,21 88.8402 0.366821 9.09829 0.265427 5.91869
20,4,22 78.4203 0.403563 8.83198 0.268342 3.49554
20,4,23 66.2485 0.101861 1.24276 0.0790312 14.0865
20,4,24 89.9926 0.582627 8.16266 0.316808 3.42193
20,4,25 91.8256 0.476997 8.57634 0.334005 4.49963
20,4,26 80.9147 0.660709 7.84362 0.38243 3.13351
20,4,27 75.9413 5.36899 1.50909 13.6456 8.95441
20,4,28 76.2778 0.129388 1.59036 0.205079 8.02559
20,4,29 76.0727 0.13165 1.28775 0.141389 5.51144
20,4,30 86.7575 0.970103 10.1317 0.751654 3.00066
20,4,31 93.7114 0.408759 9.77508 0.232214 9.41122
20,4,32 76.366 1.39016 1.01361 12.8302 8.28516
20,4,33 84.9258 0.444888 8.21541 0.292789 4.57145
20,4,34 79.2112 0.936625 10.5521 0.703522 3.2504
20,4,35 91.7968 0.560566 8.69453 0.312744 5.35902
20,5,0 87.2652 0.205021 10.3299 0.120838 48.0411
20,5,1 87.2008 0.212431 10.7544 0.128906 38.3892
20,5,2 84.3769 0.240571 9.02492 0.147866 30.8015
20,5,3 84.6236 0.225934 9.39478 0.114266 33.0869
20,5,4 74.0192 0.251646 10.3539 0.13849 20.6656
20,5,5 90.1873 0.298582 10.443 0.17583 14.5239
20,5,6 82.6383 0.32018 9.5583 0.15255 25.7458
20,5,7 86.9916 0.430847 10.3977 0.249675 19.0045
20,5,8 91.0081 0.419691 9.94034 0.242653 20.4345
20,5,9 80.437 0.56159 9.08972 0.410762 9.77008
20,5,10 100.504 0.476895 10.8416 0.343003 11.4159
20,5,11 90.1319 0.346047 7.74418 0.212778 10.4875
20,5,12 99.425 0.334765 9.24527 0.230818 10.0358
20,5,13 96.568 0.36518 7.75794 0.180315 26.2241
20,5,14 92.5254 0.313589 9.87032 0.22476 18.2869
20,5,15 89.6976 0.239165 9.21793 0.137826 32.7334
20,5,16 90.7981 0.251543 11.1561 0.173795 21.3295
20,5,17 94.7574 0.230313 11.2732 0.153972 34.6204
20,5,18 97.4581 0.204323 10.639 0.145701 40.319
20,5,19 90.8899 0.17016 9.51882 0.123729 35.2632
20,5,20 82.2014 0.192599 11.457 0.138689 44.9384
20,5,21 89.1398 0.382017 8.05882 0.217564 8.35843
20,5,22 91.2188 0.359145 8.8417 0.192332 11.9323
20,5,23 95.2853 0.45045 8.1404 0.287932 14.8044
20,5,24 95.4508 0.392211 9.34397 0.234121 17.7789
20,5,25 96.1317 0.314875 10.6272 0.200537 11.3206
20,5,26 91.0564 0.312138 10.3869 0.235193 13.4794
20,5,27 92.3967 0.278548 9.61509 0.172171 26.0387
20,5,28 91.0026 0.229725 9.68031 0.138984 34.6749
20,5,29 79.4285 0.207264 9.65706 0.110999 41.6608
21,0,0 50.963 0.800435 8.7872 0.689341 1.31038
21,0,1 54.7391 0.299577 4.72483 0.231132 7.77571
21,0,3 62.919 0.41883 8.46718 0.235456 6.01845
21,0,4 61.9872 0.689459 8.37106 0.363605 3.40161
21,0,5 50.6378 0.430324 8.84069 0.280751 9.08832
21,0,6 48.8933 0.497581 7.04787 0.310086 5.2471
21,0,7 54.8258 0.0757687 1.20888 0.0881267 8.8926
21,0,8 55.2501 0.461697 8.90296 0.266455 4.45438
21,0,9 59.5411 0.499793 8.11548 0.304669 7.82495
21,0,10 45.5521 0.353037 6.66045 0.297207 6.02385
21,0,11 53.0383 0.193152 4.19571 0.12702 7.93744
21,0,12 61.4104 0.308639 7.27492 0.164882 12.0933
21,0,13 51.7818 0.374011 9.1537 0.227662 15.0535
21,0,14 44.2361 0.30443 6.7432 0.247972 9.67083
21,0,15 55.295 0.25523 7.7281 0.141806 12.2695
21,0,16 52.7115 0.177508 8.52963 0.141534 40.1775
21,0,17 57.6316 0.353033 7.50071 0.209456 19.0448
21,0,18 66.5243 0.141703 9.35042 0.08894 37.7558
21,0,19 54.7929 0.234812 6.51315 0.132712 19.4684
21,0,20 58.4493 0.176822 9.1069 0.106275 58.0077
21,0,21 51.1121 0.217658 7.39348 0.130802 13.2493
21,0,22 59.8051 0.190016 9.99413 0.125881 61.0561
21,0,23 61.1646 0.253059 8.28867 0.138076 24.0201
21,0,24 62.2273 0.142239 9.80628 0.086034 74.1444
21,0,25 59.3102 0.285025 7.8059 0.159403 33.5945
21,0,26 66.9547 0.115792 9.99541 0.0807458 43.0822
21,0,27 53.2143 0.232432 8.95742 0.140346 20.2592
21,0,28 63.6042 0.134234 10.2305 0.0857286 73.5916
21,0,29 57.7095 0.285168 7.91418 0.177115 21.9581
21,0,30 65.4206 0.135469 11.1536 0.0942717 43.2719
21,0,31 65.6897 0.203533 8.47917 0.117247 18.926
21,0,32 60.1645 0.15428 10.5064 0.102056 68.4334
21,0,33 60.5322 0.255831 8.78147 0.15531 22.0391
21,0,34 63.964 0.196291 7.93036 0.123812 14.0485
21,0,35 51.8881 0.274445 10.9274 0.194423 18.3072
21,1,0 62.0997 0.234268 9.05204 0.137039 30.883
21,1,1 66.5193 0.108998 9.21734 0.0743288 64.0111
21,1,2 54.3129 0.228647 9.09068 0.14316 14.7941
21,1,3 52.9791 0.109739 8.93545 0.0753306 68.8184
21,1,5 53.7584 0.122865 10.3862 0.0845637 55.5941
21,1,6 61.7897 0.211852 6.54686 0.155085 15.4315
21,1,7 63.3859 0.130894 10.292 0.0807265 53.5351
21,1,8 59.6805 0.296125 8.47437 0.19186 20.3757
21,1,9 65.7989 0.138217 8.99278 0.0873661 58.5094
21,1,10 53.7394 0.288973 8.93409 0.17284 18.4774
21,1,11 53.3076 0.154587 9.85178 0.104599 57.2069
21,1,12 51.4435 0.221408 6.35196 0.151286 12.9061
21,1,13 65.4939 0.146651 10.1232 0.0949302 38.0449
21,1,14 59.9188 0.247067 6.46364 0.156973 13.2998
21,1,15 59.7783 0.169956 8.54497 0.0909408 43.8071
21,1,16 41.6112 0.243639 5.48631 0.236492 11.4791
21,1,17 62.7029 0.178168 9.94214 0.109608 21.461
21,1,18 46.3932 0.257292 7.5386 0.240651 6.60485
21,1,19 61.087 0.198253 9.45711 0.11761 28.6912
21,1,20 58.0455 0.265277 5.31379 0.190923 9.55236
21,1,21 51.0759 0.181322 7.79159 0.1198 21.4137
21,1,22 54.9187 0.304447 5.15159 0.235044 9.11671
21,1,23 62.9436 0.213787 8.71469 0.125894 21.7846
21,1,24 48.6684 0.439448 6.76623 0.258263 9.31734
21,1,25 69.1961 0.25616 8.76454 0.169248 13.9064
21,1,26 57.8338 0.285196 5.33343 0.238422 4.79668
21,1,28 46.1796 0.292575 6.5034 0.26674 3.61638
21,1,29 55.245 0.0430832 1.13066 0.0679422 15.5133
21,1,30 47.8373 1.36874 1.79281 0.8546 4.04343
21,1,31 56.1523 0.464511 5.76983 0.313999 12.1982
21,1,33 58.965 0.387095 7.08495 0.22834 8.97443
21,1,34 55.4145 0.338069 4.89854 0.271031 4.10326
21,1,35 61.6528 0.402315 7.1476 0.211524 7.25851
21,2,0 56.8839 0.154251 11.8127 0.12056 10.6952
21,2,1 65.3876 0.181749 12.8565 0.135769 13.0411
21,2,2 60.1058 0.218978 14.0235 0.171303 22.1308
21,2,3 64.5743 0.192309 14.0356 0.146435 9.58722
21,2,4 53.0266 0.176681 13.6003 0.135176 8.92566
21,2,5 64.3922 0.182558 13.7367 0.138333 13.2271
21,2,6 64.4192 0.165785 13.0966 0.130743 14.652
21,2,7 65.6811 0.18684 13.3967 0.150362 17.5404
21,2,8 68.5256 0.195731 12.3588 0.152985 20.5527
21,2,9 69.4637 0.190192 11.3817 0.155294 20.6731
21,2,10 63.7268 0.292539 13.802 0.239404 28.6286
21,2,11 62.9175 0.303269 12.152 0.257078 31.218
21,2,12 54.7946 0.223504 15 0.107465 16.8912
21,2,13 59.6701 0.29646 13.3267 0.242331 10.8216
21,2,14 64.6071 0.298642 11.8844 0.260023 34.4712
21,2,15 68.4351 0.167545 13.7513 0.135424 16.5564
21,2,16 65.8035 0.151653 12.9925 0.123666 14.9899
21,2,17 55.1053 0.137178 12.1176 0.103104 11.976
21,2,18 51.1486 0.273628 11.9246 0.273137 32.4067
21,2,19 57.9366 0.246102 12.751 0.192759 26.796
21,2,20 65.931 0.204087 11.5438 0.16875 24.3434
21,2,21 64.0119 0.209507 11.7162 0.174224 29.262
21,2,22 54.4677 0.166956 12.338 0.142162 18.4624
21,2,23 62.4456 0.181731 12.8013 0.139572 18.4211
21,2,24 52.4007 0.168214 12.6285 0.157541 9.1548
21,2,25 55.9541 0.190708 12.0467 0.1493 18.7496
21,2,26 48.9256 0.192038 12.0876 0.152209 11.0916
21,2,27 66.249 0.213486 10.8469 0.157555 21.3782
21,2,28 63.2387 0.214959 9.64475 0.176571 18.1934
21,2,29 66.5377 0.246 10.3778 0.175867 11.6088
21,2,30 49.4914 0.258207 10.5917 0.202659 8.0655
21,2,31 62.7767 0.309495 10.859 0.230416 8.16235
21,2,32 60.8772 0.340408 10.4479 0.244116 6.90996
21,2,33 60.7588 0.380221 9.35626 0.265278 4.55716
21,2,34 67.6992 0.448776 10.7039 0.319445 3.16348
21,2,35 59.8142 0.464743 10.4574 0.33014 2.23853
21,3,0 79.5375 0.154408 10.4986 0.123972 43.1676
21,3,1 75.0058 0.366862 10.9179 0.207717 16.8662
21,3,3 84.5252 0.426806 9.43759 0.320533 18.9504
21,3,4 82.7501 0.198492 11.5075 0.145459 53.3457
21,3,5 82.0709 0.392506 10.4388 0.286808 16.4756
21,3,6 72.2163 0.208618 12.012 0.131953 42.2168
21,3,7 82.1377 0.407155 11.2918 0.275555 11.8121
21,3,8 81.5854 0.194456 9.50814 0.145711 34.8862
21,3,9 81.9558 0.347014 9.73053 0.189516 8.15518
21,3,10 70.1755 0.194149 11.0179 0.131291 40.2574
21,3,11 76.5615 0.402995 11.0265 0.263166 10.5494
21,3,12 74.71 0.190435 10.7336 0.115717 25.3618
21,3,13 81.2065 0.443771 9.47036 0.351924 14.692
21,3,14 74.1763 0.242032 8.96057 0.16339 41.7815
21,3,15 64.6571 0.457459 11.421 0.292887 10.1319
21,3,16 61.5277 0.204206 8.29909 0.132138 25.7629
21,3,17 59.3013 0.45135 9.90467 0.269623 4.20448
21,3,18 75.1937 0.242609 9.53854 0.150272 16.0584
21,3,19 73.4946 0.462602 10.1955 0.324696 3.82393
21,3,20 77.762 0.262839 10.4628 0.165914 22.9696
21,3,21 67.7706 0.468659 9.26265 0.358574 5.74708
21,3,23 68.5249 0.514914 8.58772 0.331757 4.99752
21,3,24 78.6762 0.328224 10.4359 0.2271 15.5775
21,3,25 65.8302 0.560665 8.85235 0.364658 3.57519
21,3,26 83.0149 0.350423 9.26507 0.247325 9.86863
21,3,27 72.1162 0.707305 9.92482 0.454231 2.3526
21,3,28 68.5764 0.412577 10.7475 0.26988 9.47825
21,3,29 64.6246 0.677914 9.80951 0.455579 3.16207
21,3,30 67.3326 0.409047 7.6329 0.333445 2.85263
21,3,31 80.2169 0.617614 8.55913 0.430122 2.12362
21,3,32 72.7748 0.464125 9.59017 0.269681 3.80043
21,3,33 76.2561 0.837506 9.10139 0.506216 2.29768
21,3,34 66.2596 0.527924 11.0585 0.402564 9.93622
21,3,35 79.116 0.789508 7.56905 0.601856 3.81177
21,4,0 61.7087 0.352652 7.98711 0.241748 27.0579
21,4,1 64.191 0.374671 10.1099 0.261032 16.8248
21,4,2 64.8236 0.41751 8.92453 0.259392 15.7308
21,4,3 71.469 0.378808 9.19459 0.241421 18.0036
21,4,4 64.3142 0.15927 10.8759 0.114127 99.6435
21,4,5 71.8948 0.366495 9.77631 0.240548 19.1887
21,4,6 73.7803 0.170922 10.6347 0.11415 98.8788
21,4,7 60.1314 0.327086 7.53669 0.232458 12.4887
21,4,8 68.5651 0.188906 10.0101 0.109809 95.3738
21,4,9 71.5822 0.376175 9.05214 0.240535 18.0176
21,4,10 75.8482 0.189436 10.1451 0.1184 74.0599
21,4,11 72.408 0.35636 9.30943 0.216446 19.9721
21,4,12 59.4673 0.201818 10.7414 0.126721 53.9487
21,4,13 64.9084 0.394874 8.71597 0.233969 13.7563
21,4,14 69.659 0.202371 10.6207 0.116271 68.7181
21,4,15 59.2105 0.387692 7.41319 0.246784 15.4372
21,4,16 64.6862 0.250332 9.29462 0.15682 46.8511
21,4,17 67.0702 0.383208 6.52811 0.261716 13.6991
21,4,18 69.9233 0.262872 11.4116 0.176258 28.3547
21,4,19 67.5049 0.29146 5.8099 0.26625 9.65143
21,4,20 64.9136 0.274157 10.1867 0.188725 27.0152
21,4,21 66.6705 0.479319 10.1881 0.304171 13.4078
21,4,22 59.5743 0.393066 6.77333 0.256981 9.33263
21,4,23 63.6087 0.305872 4.7036 0.241788 12.099
21,4,24 68.6572 0.372737 6.31172 0.284454 7.97148
21,4,25 61.3554 0.493988 8.72138 0.284299 8.90196
21,4,26 60.763 0.567097 7.28037 0.488827 7.12567
21,4,27 53.0139 0.750436 8.1569 0.605831 6.29259
21,4,28 70.3064 0.684763 8.74242 0.498934 3.42546
21,4,29 64.065 0.411971 5.7443 0.366272 5.12851
21,4,30 58.3216 0.909305 10.5044 0.553725 3.42248
21,4,31 72.4343 0.484145 9.94882 0.256981 14.1062
21,4,32 75.1727 0.991201 12.2205 0.847784 6.77716
21,4,33 71.0718 0.525431 10.3515 0.367167 5.76429
21,4,34 57.4909 0.171137 1.33145 0.120544 8.82842
21,4,35 79.038 0.484474 8.05974 0.448852 6.10382
21,5,0 64.4136 0.233061 10.6256 0.158229 25.5244
21,5,1 61.6565 0.220778 6.95777 0.155426 31.2976
21,5,2 63.9785 0.306102 8.28634 0.195067 21.87
21,5,3 66.6719 0.371892 9.05691 0.232937 21.4962
21,5,4 66.8304 0.247795 5.84694 0.195562 11.2191
21,5,5 70.1368 0.378168 9.54042 0.199552 18.7051
21,5,6 70.7105 0.405534 8.82732 0.232027 21.3439
21,5,7 64.8338 0.408833 10.6841 0.254839 13.6368
21,5,8 60.9539 0.395115 8.57302 0.236201 15.6682
21,5,9 74.5248 0.405247 8.94528 0.299107 3.4508
21,5,10 65.4863 0.417533 9.40337 0.296348 4.77558
21,5,11 62.5394 0.408512 10.7267 0.252917 10.06
21,5,12 67.706 0.300457 9.41844 0.217096 5.31461
21,5,13 76.9114 0.294739 10.198 0.20992 9.22625
21,5,14 61.3696 0.305773 9.97452 0.178785 21.6674
21,5,15 61.1066 0.316847 11.4038 0.197528 19.6241
21,5,16 68.2221 0.279543 10.3342 0.181812 38.4639
21,5,17 63.5934 0.212551 10.8174 0.125066 31.5006
21,5,18 62.6743 0.216321 10.9996 0.122428 49.2974
21,5,19 76.7908 0.179751 10.7579 0.119054 41.1653
21,5,20 62.356 0.185786 11.2609 0.119008 39.6687
21,5,21 64.1083 0.449781 8.88514 0.320956 7.74193
21,5,22 66.8581 0.319446 9.46727 0.217083 5.62449
21,5,23 77.301 0.299217 10.2596 0.192326 9.34405
21,5,24 78.3654 0.314413 10.4111 0.217816 13.0808
21,5,25 78.1592 0.267836 8.5906 0.197272 10.4689
21,5,26 76.4132 0.280102 9.96153 0.198591 21.3038
21,5,27 77.1676 0.232568 9.78519 0.172209 18.2684
21,5,28 68.4413 0.22342 9.7985 0.153175 22.7778
21,5,29 73.5567 0.255933 8.82923 0.198719 35.3547
22,0,0 69.5486 0.569259 5.01879 0.670385 3.11193
22,0,1 71.8825 0.500195 8.58795 0.275027 10.5793
22,0,2 69.698 0.536216 4.57514 0.532138 2.79535
22,0,3 79.7109 0.459105 8.58477 0.275927 9.32167
22,0,4 61.0085 0.515112 5.33831 0.507258 3.84572
22,0,5 74.8097 0.439658 7.13406 0.211221 14.1093
22,0,6 70.776 0.511276 6.04515 0.351375 4.29737
22,0,7 71.3134 0.407267 4.92169 0.346376 3.55727
22,0,8 72.7279 0.808531 7.88217 0.613804 7.4615
22,0,9 76.1827 0.505811 7.37351 0.382444 3.4563
22,0,10 74.9546 0.483314 6.84262 0.381892 5.45231
22,0,11 78.1813 0.4771 9.00343 0.32377 7.33392
22,0,12 65.5652 0.448372 9.23641 0.353227 4.59829
22,0,13 72.5912 0.485684 8.70167 0.325242 6.64447
22,0,14 80.1421 0.414532 8.93394 0.364613 8.45579
22,0,15 60.7877 0.393718 8.56096 0.261393 7.95716
22,0,16 73.9693 0.206911 8.45731 0.130409 42.5893
22,0,17 69.1825 0.382731 9.15979 0.318446 5.89883
22,0,18 162.02 0.9296 1 0.31012 1.42769
22,0,19 74.5048 0.450672 9.24798 0.300514 11.1755
22,0,20 80.565 0.138731 7.42682 0.0976797 38.9259
22,0,21 78.6976 0.347883 8.21066 0.274113 7.28229
22,0,22 81.0024 0.144365 8.57372 0.0934632 60.1203
22,0,23 68.5432 0.342778 8.91609 0.239962 8.33927
22,0,24 78.9733 0.140596 8.39785 0.0849618 84.2367
22,0,25 69.613 0.372003 9.34306 0.234371 10.9416
22,0,26 81.7678 0.144639 8.84717 0.0933106 86.5839
22,0,27 66.3088 0.382805 9.95581 0.28982 7.93932
22,0,28 69.3391 0.159374 10.0106 0.108621 76.3477
22,0,29 72.1937 0.37257 10.0001 0.239658 11.722
22,0,30 68.4522 0.175539 10.6567 0.107209 73.1089
22,0,31 72.8758 0.374525 8.83184 0.259339 9.00965
22,0,32 77.4292 0.159479 9.61284 0.0988677 94.3033
22,0,33 67.1682 0.441277 9.88255 0.268331 13.7345
22,0,34 73.8045 0.405394 11.0662 0.236388 12.032
22,0,35 81.7678 0.372098 8.48517 0.245593 12.347
22,1,1 81.5456 0.180892 8.56106 0.14152 49.611
22,1,2 66.7803 0.446091 8.28435 0.25972 13.375
22,1,3 80.6939 0.153282 8.01322 0.0986946 53.3927
22,1,4 75.5504 0.485503 9.20361 0.345448 11.332
22,1,5 69.8236 0.184521 8.64019 0.129441 40.8593
22,1,6 71.5503 0.39847 8.69243 0.313804 8.26833
22,1,7 76.0643 0.255245 8.63156 0.168467 58.0418
22,1,8 68.048 0.378003 8.42429 0.329805 6.08867
22,1,9 68.6128 0.205968 8.80271 0.13632 40.6863
22,1,10 70.0556 0.38074 7.07973 0.351708 6.84257
22,1,11 68.5527 0.235832 8.28808 0.114391 48.4644
22,1,12 71.7012 0.587661 7.05832 0.570226 9.40763
22,1,13 79.2221 0.221155 7.7816 0.164746 24.1281
22,1,14 59.6779 0.471771 9.28632 0.318712 6.02385
22,1,15 75.8037 0.285964 10.0164 0.202753 26.0594
22,1,16 70.1599 0.464649 7.16104 0.525676 7.28116
22,1,17 76.5614 0.252588 10.0106 0.173907 16.2091
22,1,18 66.2154 0.494143 8.40701 0.392583 5.47496
22,1,20 57.1956 0.492406 9.13578 0.390148 3.25594
22,1,21 78.6679 0.350491 10.562 0.264461 12.742
22,1,22 56.0118 0.485062 8.55537 0.410098 3.69499
22,1,23 77.5006 0.467318 7.14009 0.280336 16.2249
22,1,24 67.2188 0.434476 7.10438 0.433507 3.38163
22,1,25 75.3317 0.490387 7.36813 0.344982 10.9941
22,1,26 61.0801 0.39367 4.52914 0.312718 3.91255
22,1,27 71.678 0.409115 7.12669 0.359452 7.59702
22,1,29 79.144 0.418579 7.12075 0.282307 6.36999
22,1,30 75.2476 0.420654 5.53923 0.377981 3.66362
22,1,31 70.56 0.411219 7.07935 0.287073 5.29519
22,1,32 72.5632 0.51657 5.06152 0.388336 3.10018
22,1,33 69.0685 0.539947 7.80067 0.340043 6.3124
22,1,34 55.715 4.78337 1.12602 7.93694 1.8928
22,1,35 69.3335 0.701791 9.04663 0.388798 7.50199
22,2,0 43.7159 0.125181 9.68109 0.149521 11.4099
22,2,1 48.6218 0.12444 9.64729 0.114355 10.7844
22,2,2 54.4178 0.124982 9.68718 0.106387 12.8371
22,2,3 61.7873 0.135001 10.7087 0.0987118 21.0335
22,2,4 56.1766 0.132393 11.1201 0.0956745 17.2171
22,2,5 62.2408 0.141768 10.594 0.112423 25.3164
22,2,6 57.0124 0.138864 10.9367 0.108272 16.2921
22,2,7 50.0461 0.172933 11.7808 0.146705 13.612
22,2,8 53.39 0.22877 12.7169 0.181843 18.3791
22,2,9 63.8479 0.245838 12.1769 0.205784 29.4666
22,2,10 59.1197 0.267373 12.2086 0.23541 19.6986
22,2,11 50.4523 0.24575 9.09845 0.286181 41.1982
22,2,12 61.263 0.222808 11.775 0.185734 25.4932
22,2,13 58.6449 0.187009 10.5838 0.149366 23.2959
22,2,14 54.8807 0.172076 11.0195 0.126665 27.3481
22,2,15 48.728 0.150015 10.4609 0.105962 21.0235
22,2,16 62.7192 0.146915 10.2434 0.11006 13.456
22,2,17 49.1697 0.145537 10.2673 0.101855 14.9485
22,2,18 52.6233 0.178161 10.9931 0.140055 37.3971
22,2,19 55.7133 0.157035 10.3586 0.116135 28.8419
22,2,20 53.9066 0.140961 10.0832 0.110115 27.4166
22,2,21 45.4514 0.146954 9.79847 0.10981 27.5364
22,2,22 59.779 0.157888 10.3306 0.114437 23.5069
22,2,23 56.8951 0.191701 10.8672 0.136693 24.0169
22,2,24 57.4675 0.179249 9.70118 0.127104 18.2328
22,2,25 52.4249 0.225339 10.7802 0.166434 14.33
22,2,26 49.3649 0.213518 9.77115 0.148872 13.325
22,2,27 53.3448 0.239744 9.77883 0.169379 10.1653
22,2,28 49.1272 0.269956 9.38142 0.183811 12.9693
22,2,29 55.1469 0.314041 9.34058 0.231738 10.553
22,2,30 53.751 0.305135 8.31619 0.268071 8.00268
22,2,31 40.9498 0.262598 6.91969 0.260441 7.01681
22,2,32 49.8686 0.264108 5.20595 0.306561 5.73488
22,2,33 55.5222 0.489792 8.2008 0.437865 6.88211
22,2,34 58.6719 0.551455 9.8117 0.384088 6.01956
22,2,35 39.7825 0.335457 5.85772 0.38245 2.58046
22,3,0 54.8703 0.143728 11.4455 0.108903 22.5189
22,3,1 54.7631 0.330417 9.97341 0.19648 16.2048
22,3,2 61.9641 0.145478 10.8438 0.116046 30.9781
22,3,3 63.9806 0.279416 9.58119 0.167587 16.6422
22,3,4 65.5019 0.143543 10.6635 0.096212 40.2337
22,3,5 64.2927 0.350008 9.94289 0.206462 7.77644
22,3,6 66.6345 0.162567 11.0897 0.110423 41.7634
22,3,7 66.4717 0.328033 8.96984 0.19714 7.75356
22,3,8 54.8357 0.165268 10.5039 0.114227 14.9162
22,3,9 51.2016 0.413073 9.01918 0.233472 12.3964
22,3,10 52.3437 0.183529 10.2863 0.123294 31.3889
22,3,11 55.7195 0.506064 1.00226 12.9366 13.4122
22,3,12 62.1391 0.206119 10.6663 0.13298 19.6376
22,3,13 59.4976 0.380038 7.57671 0.222073 12.5113
22,3,14 59.8139 0.232628 9.00973 0.139916 26.569
22,3,15 67.3586 0.419515 8.47688 0.285291 4.62756
22,3,16 62.7463 0.209985 8.48556 0.126909 27.7082
22,3,17 45.3714 0.576744 1.03442 12.5943 4.55167
22,3,18 63.9587 0.26989 9.87599 0.170417 11.7667
22,3,19 46.6243 0.36292 1.00764 1.5911 19.1837
22,3,20 63.3358 0.324506 9.81401 0.212816 11.9848
22,3,21 63.1206 0.620264 9.07827 0.329214 4.23796
22,3,22 53.6467 0.363053 11.4415 0.238212 9.47577
22,3,23 60.0998 0.655448 8.93563 0.345366 3.67217
22,3,24 68.8295 0.301611 9.22424 0.210744 14.4855
22,3,25 57.0357 0.759864 7.24757 0.503511 4.02078
22,3,26 59.0807 0.428919 9.06515 0.228739 11.5988
22,3,27 47.4894 1.64889 1.38964 0.896211 11.9244
22,3,28 55.3713 0.41127 10.3968 0.26986 4.46394
22,3,29 56.796 0.392464 5.68412 0.294827 4.76028
22,3,30 49.3856 0.535596 11.3941 0.399255 9.52704
22,3,31 68.1945 0.628197 7.83509 0.46415 3.43779
22,3,32 67.0526 0.437729 9.84066 0.317992 4.5427
22,3,33 46.9353 0.0981149 1.04788 0.0315297 8.2715
22,3,34 55.6368 0.490029 9.89724 0.325194 5.56581
22,3,35 317.102 59.6228 10.1306 11.0178 81.034
22,4,0 66.0804 0.335378 1.02129 1.14432 21.2871
22,4,1 80.6774 0.273579 7.64911 0.237148 12.4211
22,4,2 69.2054 0.267158 7.40529 0.19697 6.3165
22,4,4 76.5737 0.145417 11.8952 0.111408 46.0597
22,4,5 83.206 0.346488 8.32689 0.282663 12.772
22,4,6 87.7342 0.154353 11.4653 0.114609 49.6568
22,4,7 80.6252 0.312175 9.30638 0.267876 15.243
22,4,10 83.5018 0.164896 10.6873 0.126971 69.2632
22,4,11 81.5841 0.419744 9.32565 0.307415 11.3472
22,4,12 78.2583 0.131567 9.33847 0.0890482 73.1942
22,4,13 78.6161 0.289408 8.80608 0.243679 9.49463
22,4,14 86.3299 0.160979 9.94548 0.106566 65.6732
22,4,15 81.093 0.360234 10.1795 0.251882 12.7839
22,4,16 86.6335 0.167447 10.1948 0.118011 68.0075
22,4,17 79.5533 0.387258 11.1414 0.242199 12.6942
22,4,18 84.2514 0.172522 9.7794 0.129338 56.3233
22,4,19 80.2147 0.357916 9.09297 0.305334 10.5595
22,4,20 81.4528 0.167576 8.35428 0.125592 38.5168
22,4,21 82.9568 0.371583 9.25233 0.321431 10.9345
22,4,22 79.1395 0.373376 9.26198 0.316167 8.09523
22,4,23 77.4684 0.450329 9.81277 0.33345 9.90326
22,4,24 74.756 0.59938 8.93817 0.446528 20.392
22,4,25 73.0078 0.678227 8.53914 0.510615 8.86299
22,4,26 75.4133 0.487417 9.06032 0.389035 4.19946
22,4,27 81.2182 0.377939 4.82065 0.312387 8.652
22,4,28 84.8537 0.534073 7.82949 0.478506 5.92317
22,4,29 71.7681 0.523218 5.3041 0.475533 5.83944
22,4,30 73.3877 0.713328 8.21418 0.606688 5.87196
22,4,31 83.2369 0.421911 8.38966 0.246475 11.5887
22,4,32 80.213 0.631959 6.64397 0.526026 4.43884
22,4,33 83.5763 0.407273 8.99267 0.274553 7.31115
22,4,34 82.6002 0.93097 7.7274 0.725472 5.81336
22,4,35 75.7389 0.543751 9.51832 0.324132 6.63404
22,5,0 69.0716 0.160167 7.32794 0.116779 49.1714
22,5,1 69.5318 0.182728 7.48686 0.114673 54.3515
22,5,2 59.4403 0.207598 8.76967 0.133869 60.5814
22,5,3 57.5907 0.201854 7.40742 0.166977 36.4638
22,5,4 68.221 0.239085 7.22271 0.158873 30.8765
22,5,5 67.979 0.289852 7.01524 0.194481 29.1935
22,5,6 69.2612 0.304825 8.86062 0.169351 38.4529
22,5,7 70.0869 0.300872 7.85527 0.174438 21.2073
22,5,8 52.9354 0.25667 5.05829 0.212727 25.113
22,5,9 81.0774 0.425423 10.0019 0.242468 8.88485
22,5,10 62.0382 0.433349 11.6812 0.26316 11.4708
22,5,11 72.9308 0.347246 10.8499 0.215534 8.66227
22,5,12 60.8455 0.31031 6.92058 0.253709 19.9511
22,5,13 75.434 0.286605 9.19503 0.167956 28.7974
22,5,14 64.2749 0.261607 9.47692 0.157754 32.3081
22,5,15 66.8778 0.270262 9.08799 0.1587 53.9934
22,5,16 74.9697 0.234134 10.1452 0.139886 43.3096
22,5,17 78.4835 0.207646 9.73995 0.114047 44.0945
22,5,18 67.6331 0.22708 10.4692 0.133301 61.3055
22,5,19 64.2932 0.189382 10.0471 0.12729 80.3111
22,5,20 71.2692 0.167124 10.5613 0.0904534 108.961
22,5,21 82.6818 0.450616 10.3576 0.330729 15.8424
22,5,22 80.525 0.363873 10.5384 0.238901 13.8973
22,5,23 81.6899 0.373331 11.0937 0.256186 20.5547
22,5,24 66.8429 0.328431 10.1486 0.206886 29.4656
22,5,25 68.2637 0.293549 9.50032 0.15579 24.596
22,5,26 71.0001 0.258186 11.0147 0.161629 26.5893
22,5,27 85.0125 0.262276 10.1943 0.189975 33.3579
22,5,28 80.8432 0.226252 9.74731 0.187962 33.3998
22,5,29 82.1803 0.252075 11.316 0.166377 43.1042
23,0,0 66.0329 1.13669 9.77595 0.645836 2.14998
23,0,1 66.544 0.108588 1.3271 0.108793 7.24718
23,0,2 65.8195 0.885022 8.62189 0.660088 2.01466
23,0,3 78.3463 0.592339 8.74837 0.384241 1.97045
23,0,4 76.9759 0.819862 9.10783 0.472867 3.29649
23,0,5 65.9966 0.53761 9.263 0.361939 6.89443
23,0,6 77.5024 0.654654 10.0518 0.429322 1.64803
23,0,7 74.5358 0.593477 9.27999 0.394619 2.16712
23,0,8 74.0816 0.61597 9.85757 0.39798 4.26996
23,0,9 79.5554 0.50879 7.51801 0.389392 5.11753
23,0,10 69.563 0.54026 9.88015 0.369219 4.22983
23,0,11 71.9132 0.47035 9.3466 0.293027 3.94809
23,0,12 77.267 0.472968 9.55221 0.276024 4.79982
23,0,13 76.8531 0.397261 9.37737 0.261756 3.68361
23,0,14 80.8262 0.398613 9.89835 0.252753 4.20937
23,0,15 80.2089 0.391774 9.9826 0.245637 4.24561
23,0,16 73.1269 0.230297 10.4914 0.134982 19.0069
23,0,17 83.113 0.362887 8.98326 0.241041 7.55453
23,0,18 71.0512 0.219457 10.9128 0.134106 24.9551
23,0,19 81.1756 0.381224 9.16358 0.256794 12.4587
23,0,20 84.9952 0.187916 10.4986 0.11956 19.3764
23,0,22 79.1037 0.208451 11.508 0.130828 36.1386
23,0,23 83.1858 0.39652 9.86776 0.273379 18.2293
23,0,24 81.5212 0.180085 11.1614 0.115987 40.5595
23,0,25 79.9523 0.361523 9.79714 0.215426 19.3624
23,0,26 81.9002 0.181456 10.3797 0.129171 50.892
23,0,27 74.8938 0.357901 10.1917 0.235414 11.7758
23,0,28 80.3978 0.147797 9.48815 0.108754 69.3554
23,0,29 81.2746 0.351706 11.0026 0.222841 10.5109
23,0,30 81.8715 0.17378 8.54017 0.137182 104.329
23,0,31 80.1838 0.288169 8.31177 0.205573 13.1812
23,0,32 86.019 0.193039 11.6801 0.13991 90.8509
23,0,33 82.317 0.31032 10.2793 0.186862 9.20566
23,0,34 68.0042 0.277293 10.1249 0.166966 6.63466
23,0,35 82.0756 0.296905 10.099 0.180132 7.28942
23,1,0 63.9339 0.28794 8.53222 0.196303 12.5725
23,1,1 75.4261 0.153274 9.93676 0.10761 41.1055
23,1,2 70.2422 0.253949 8.68359 0.160796 9.05836
23,1,3 69.5449 0.160115 10.8799 0.115064 45.5336
23,1,4 63.7187 0.309578 9.58591 0.206435 11.5459
23,1,5 73.4943 0.152807 8.26678 0.129398 77.1495
23,1,6 61.365 0.262162 8.00681 0.17785 10.0293
23,1,7 66.165 0.159468 9.31169 0.110504 67.9039
23,1,9 70.0209 0.13437 8.88454 0.113579 41.9925
23,1,10 72.3103 0.364668 8.54375 0.311125 12.6578
23,1,11 65.2745 0.168049 8.96589 0.121107 46.8593
23,1,12 75.9636 0.362116 10.2272 0.225228 10.3738
23,1,13 79.5955 0.15088 8.4296 0.128596 26.5711
23,1,14 68.2828 0.389806 8.20524 0.213907 12.8747
23,1,15 72.2846 0.181712 7.17467 0.156297 31.0909
23,1,16 63.9869 0.407073 9.44203 0.273755 6.27842
23,1,17 72.5001 0.214934 8.31351 0.162925 25.2452
23,1,18 77.2337 0.410286 9.17367 0.253304 5.74541
23,1,19 72.4743 0.225057 7.32758 0.189374 23.3711
23,1,20 66.2198 0.454699 9.05384 0.321838 5.24796
23,1,21 71.587 0.201365 7.47657 0.152142 12.8055
23,1,22 65.5247 0.442756 9.07453 0.309511 2.80742
23,1,23 72.2945 0.220545 7.09199 0.134555 13.6079
23,1,24 64.1265 0.493116 8.42783 0.29701 3.29837
23,1,25 62.3042 0.257906 7.16157 0.236503 8.22614
23,1,26 68.6497 0.473903 8.26083 0.26217 3.15403
23,1,27 69.0533 0.235107 7.73123 0.181731 6.24974
23,1,28 66.2329 0.26482 1.42295 0.361209 8.03513
23,1,29 68.8895 0.276471 5.91036 0.222634 3.96418
23,1,30 61.8167 0.483033 5.26547 0.412941 2.59199
23,1,31 70.1285 0.331074 5.94102 0.304242 5.22256
23,1,32 65.4129 0.495463 8.48243 0.309027 5.5096
23,1,33 65.9479 0.0622336 1.14179 0.0618037 8.75948
23,1,34 66.0269 1.15072 1.23022 1.93041 4.83887
23,1,35 59.9315 0.411982 6.35387 0.407176 3.97517
23,2,0 70.5559 0.183679 12.0171 0.138629 16.0434
23,2,1 71.5138 0.2247 14.0231 0.161728 14.3731
23,2,2 75.5491 0.194669 13.2119 0.136749 11.6756
23,2,3 76.8749 0.244614 14.7198 0.189991 13.8866
23,2,4 82.9693 0.242623 14.3423 0.180742 20.0894
23,2,5 75.3537 0.153541 15 0.01942 24.1897
23,2,6 84.4017 0.222053 14.7532 0.162507 32.7435
23,2,7 89.9532 0.232059 14.8946 0.168787 43.8343
23,2,8 78.0006 0.159153 15 0.0262006 31.5033
23,2,9 78.0042 0.160743 15 0.327974 31.644
23,2,10 83.4233 0.253165 13.6586 0.198046 36.2435
23,2,11 85.4327 0.197905 15 0.0461894 38.2441
23,2,13 72.5971 0.22318 15 0.0200631 57.6855
23,2,14 75.8962 0.223347 15 0.0161669 29.834
23,2,15 78.4445 0.142419 15 0.0246073 25.6223
23,2,16 77.8559 0.147492 15 0.0277032 28.6432
23,2,17 87.0772 0.202998 13.9734 0.150298 28.1575
23,2,18 65.7337 0.183301 15 0.05183 24.6224
23,2,19 73.1222 0.164313 15 0.0402283 19.126
23,2,20 64.4397 0.210922 14.5328 0.163095 17.0003
23,2,21 68.6184 0.140708 15 0.0182956 18.1916
23,2,22 60.1854 0.16468 15 0.0193695 22.1765
23,2,23 79.1945 0.139429 15 0.112828 10.4754
23,2,24 73.9906 0.223706 14.0276 0.163409 19.8263
23,2,25 81.0368 0.230464 13.8477 0.168289 14.2337
23,2,26 69.6955 0.232919 12.7804 0.161401 10.8673
23,2,27 64.8985 0.261105 13.3964 0.185565 9.78343
23,2,28 81.5974 0.277585 12.4139 0.190755 11.1896
23,2,29 59.8622 0.303441 11.7731 0.210601 11.8901
23,2,30 62.3855 0.344458 13.0257 0.243386 5.48149
23,2,31 75.5012 0.384257 11.9695 0.270186 6.29352
23,2,32 64.4668 0.40496 9.52007 0.303035 8.77514
23,2,33 79.1589 0.467622 11.4417 0.294239 8.33312
23,2,34 70.8596 0.324939 6.51311 0.31847 7.85228
23,2,35 60.5335 0.580236 11.7334 0.403659 12.204
23,3,0 63.3909 0.143066 9.64732 0.0894497 27.3472
23,3,1 61.9543 0.275405 7.50995 0.16469 3.65606
23,3,2 54.7374 0.143062 10.0035 0.0931926 32.4023
23,3,3 67.254 0.283745 7.24052 0.155541 4.5295
23,3,4 65.0235 0.165769 10.5601 0.10277 25.8691
23,3,5 55.1926 0.306828 7.73462 0.203583 3.17254
23,3,6 60.3587 0.197834 9.95916 0.116474 46.5534
23,3,8 65.3722 0.150173 8.52516 0.0984184 13.9133
23,3,9 55.7816 0.335702 6.882 0.259078 5.91099
23,3,10 65.2798 0.15372 8.22507 0.102152 9.77355
23,3,11 62.8519 0.389106 8.54924 0.295887 7.89537
23,3,12 63.878 0.160576 7.50307 0.101529 8.9103
23,3,13 62.9519 0.369442 8.3906 0.23423 5.29619
23,3,14 59.4171 0.169932 7.48258 0.118771 8.8338
23,3,15 58.2296 0.370532 8.03138 0.280775 1.85911
23,3,16 62.4746 0.184137 7.63896 0.120858 5.55625
23,3,17 55.2869 0.0565162 1.28481 0.0974043 8.85035
23,3,18 64.7868 0.197081 7.71364 0.113459 8.39295
23,3,19 53.7819 0.337521 6.37512 0.287369 4.18015
23,3,20 59.9091 0.201739 6.55509 0.118551 13.8408
23,3,21 65.0438 0.378325 8.5211 0.200498 9.78546
23,3,22 55.7178 0.430157 1.15004 0.76814 20.6626
23,3,23 64.9409 0.371248 7.51345 0.191655 6.04417
23,3,24 58.4714 0.272822 7.68498 0.177903 3.99084
23,3,25 59.3003 0.499608 6.53116 0.293597 2.49916
23,3,26 316.749 0.701546 1.2251 0.486856 509.64
23,3,28 56.444 0.307687 7.5098 0.152898 3.91621
23,3,30 51.708 0.22215 4.24498 0.152165 9.13514
23,3,32 55.663 0.368496 7.79879 0.248602 2.40982
23,3,34 36.682 0.308981 1.00052 0.116735 248.568
23,3,35 68.024 0.589842 7.59466 0.614353 4.13622
23,4,0 69.6488 0.330423 9.02611 0.221229 7.39809
23,4,1 67.3844 0.325494 9.99716 0.211198 7.57789
23,4,2 57.6356 0.361843 9.52099 0.234233 8.26604
23,4,3 65.3087 0.388803 9.22997 0.252202 8.27324
23,4,4 69.106 0.14523 9.58319 0.0834177 92.3062
23,4,5 71.6765 0.342892 8.81998 0.216573 11.3036
23,4,7 61.2721 0.389292 10.0562 0.270033 11.8093
23,4,8 71.2886 0.176396 10.3512 0.106343 103.222
23,4,9 55.2481 0.539438 6.36334 0.431874 31.2296
23,4,10 61.9318 0.170762 10.5131 0.100974 73.217
23,4,11 50.2829 0.307389 6.97647 0.285561 14.8539
23,4,12 62.2901 0.157877 8.91256 0.0955836 84.3485
23,4,13 56.4439 0.402152 9.40743 0.261687 6.19236
23,4,14 69.4795 0.25284 10.4398 0.149327 49.4648
23,4,15 67.7137 0.441779 8.42085 0.23935 10.9642
23,4,16 66.4677 0.186045 9.0887 0.118337 45.7894
23,4,17 61.8735 0.344313 6.62735 0.227905 12.3132
23,4,18 61.9145 0.219799 9.10859 0.138184 46.5573
23,4,19 60.7221 0.381978 7.28491 0.277118 10.6797
23,4,20 65.8834 0.248367 10.8648 0.165976 24.2829
23,4,21 47.7835 0.257465 5.41136 0.311879 6.01736
23,4,22 57.7382 0.568937 8.64981 0.335959 13.7083
23,4,23 67.0868 0.589997 8.36443 0.316245 11.3758
23,4,24 49.4239 0.437566 3.87719 0.381191 10.7349
23,4,25 70.0851 0.774565 12.707 0.711189 6.61921
23,4,26 67.3937 0.678187 8.74125 0.341308 6.81702
23,4,27 61.3128 0.398839 4.36546 0.297382 7.32566
23,4,28 61.7503 0.678781 8.09153 0.371069 8.13662
23,4,29 63.8839 0.696083 9.52473 0.448747 1.92606
23,4,30 74.6649 0.681909 9.28603 0.410286 3.46219
23,4,31 65.9529 0.487625 10.7909 0.34939 3.77137
23,4,32 65.0491 0.884106 8.28192 0.589443 4.98991
23,4,33 77.5304 0.504921 10.0086 0.377947 4.06312
23,4,34 52.8271 0.407025 4.05092 0.282544 3.01395
23,4,35 68.9121 0.537284 8.90417 0.37893 4.25153
23,5,0 72.1327 0.28358 10.7851 0.189979 25.1123
23,5,1 71.1724 0.290162 9.58347 0.151085 28.4422
23,5,2 70.1826 0.299938 10.5445 0.210807 16.3068
23,5,3 66.593 0.315799 9.44044 0.193995 21.3748
23,5,4 72.5831 0.367451 10.4659 0.202618 18.8055
23,5,5 58.7485 0.410052 9.55277 0.23824 15.6804
23,5,6 70.4657 0.431939 10.8285 0.295764 13.1224
23,5,7 58.7559 0.388211 8.5211 0.299702 5.37186
23,5,8 59.1715 0.439792 9.667 0.272469 10.2836
23,5,9 58.974 0.515393 4.27461 0.566594 5.30107
23,5,10 69.0381 0.358691 8.19529 0.343486 5.5901
23,5,11 64.0853 0.45297 10.3052 0.295413 6.28878
23,5,12 59.8322 0.391026 11.4149 0.271658 7.44156
23,5,13 73.5629 0.344501 9.5408 0.226079 6.19966
23,5,14 76.4998 0.340318 9.23683 0.22429 19.9461
23,5,15 71.5819 0.292977 9.63601 0.209863 9.12282
23,5,16 62.5353 0.2731 10.0946 0.171106 12.2868
23,5,17 69.8994 0.262422 9.82456 0.172987 15.4829
23,5,18 72.7251 0.233067 9.06676 0.179752 22.6715
23,5,19 75.0272 0.232743 11.4764 0.160725 21.3367
23,5,20 74.854 0.225163 10.8774 0.166191 29.6887
23,5,21 77.8741 0.407493 8.55921 0.2379 3.67416
23,5,22 64.7685 0.35426 9.01974 0.224476 3.77701
23,5,23 68.9715 0.381135 9.61501 0.238139 9.6656
23,5,24 77.5781 0.306218 8.71145 0.175475 6.44679
23,5,25 76.071 0.390845 8.58574 0.239375 22.0127
23,5,26 62.8409 0.286997 7.60966 0.213177 23.0779
23,5,27 77.7705 0.295719 8.49324 0.172 37.2864
23,5,28 69.1268 0.273119 10.3245 0.168689 16.5957
23,5,29 84.2813 0.225814 9.88407 0.139339 15.1187
24,0,0 73.6179 0.705623 5.81947 0.617796 2.32737
24,0,1 77.9942 0.60428 9.45388 0.352631 5.76748
24,0,2 65.2557 0.485502 6.46174 0.431706 3.09119
24,0,3 74.4998 0.471019 9.09873 0.277264 6.91176
24,0,4 73.2861 0.486398 5.26539 0.409112 3.15729
24,0,5 77.9196 0.510376 9.05647 0.287973 8.02027
24,0,6 65.8884 6.63991 1.3709 11.927 2.19717
24,0,7 70.8051 0.606592 7.15978 0.410513 3.26446
24,0,8 71.1216 0.482003 8.29281 0.393394 4.24213
24,0,9 67.8301 0.49239 7.61246 0.370007 3.3035
24,0,10 75.3136 0.51099 8.97429 0.331007 3.93481
24,0,11 73.8339 0.50993 9.59816 0.332172 2.36511
24,0,12 67.7772 0.462217 8.86526 0.458629 3.86435
24,0,13 68.0217 0.454974 8.04948 0.24812 6.83057
24,0,14 66.8106 0.388798 8.84895 0.308078 4.13458
24,0,15 67.9379 0.383926 9.23238 0.286286 3.50446
24,0,16 76.5237 0.181849 8.89952 0.110973 8.21467
24,0,17 74.0515 0.442472 9.55587 0.328456 5.70548
24,0,18 79.9928 0.193576 8.96523 0.0995221 60.916
24,0,19 75.1414 0.371422 8.69378 0.241466 6.11598
24,0,20 68.5234 0.157313 9.20234 0.0961698 14.663
24,0,21 74.6252 0.412863 9.84223 0.23918 5.55963
24,0,22 79.3721 0.149298 8.99418 0.0963657 11.3303
24,0,23 65.9397 0.392571 10.0872 0.255937 4.78255
24,0,24 77.1113 0.158048 9.87198 0.101193 19.7364
24,0,25 75.3183 0.398408 9.0243 0.261984 7.85663
24,0,26 79.7187 0.157457 9.4941 0.0948279 37.3689
24,0,27 77.1306 0.393301 9.40709 0.251327 7.83896
24,0,28 72.2797 0.162378 10.6216 0.0989038 20.6869
24,0,29 76.0384 0.38357 8.91088 0.256906 7.91608
24,0,30 71.3945 0.152232 10.0279 0.0985682 18.5524
24,0,31 82.7945 0.375942 9.88836 0.241236 5.26268
24,0,32 76.6352 0.153011 9.6891 0.0969317 29.8911
24,0,33 78.3523 0.395929 10.2029 0.262653 4.78747
24,0,34 77.2581 0.415852 8.84139 0.225681 12.2235
24,0,35 77.294 0.374178 9.71107 0.225751 6.08283
24,1,0 78.8677 0.394068 9.03587 0.232676 4.93834
24,1,1 83.9669 0.158239 9.20637 0.0974289 19.9369
24,1,2 81.9073 0.40956 9.49601 0.270111 4.93387
24,1,3 69.3748 0.179191 8.90727 0.0976471 60.3585
24,1,4 82.5234 0.397892 9.29342 0.232918 5.06196
24,1,5 79.0127 0.173385 8.35087 0.108406 12.8175
24,1,6 69.29 0.436346 10.0218 0.255315 5.43443
24,1,7 80.4061 0.186718 8.75319 0.110464 8.82819
24,1,8 77.4236 0.488575 9.56493 0.30628 4.36172
24,1,9 73.1239 0.211166 9.65508 0.13701 9.19747
24,1,10 77.61 0.483695 9.50589 0.299199 3.53996
24,1,11 77.9168 0.226758 8.95187 0.14372 7.42867
24,1,12 72.9037 0.51954 10.1627 0.329438 3.30687
24,1,13 66.1544 0.243784 8.82775 0.152283 6.95233
24,1,14 68.1606 0.573829 9.31311 0.353325 8.85761
24,1,15 72.5282 0.259486 8.9003 0.163275 5.91239
24,1,16 67.036 0.592346 7.44462 0.423209 5.99278
24,1,17 77.4917 0.312165 9.83545 0.204094 5.01992
24,1,18 77.7397 0.605038 8.22386 0.434021 3.02152
24,1,19 77.7929 0.309589 8.74617 0.195724 3.96063
24,1,20 77.0711 0.586094 8.63942 0.396687 3.04068
24,1,21 72.1947 0.361318 9.5399 0.220434 6.43242
24,1,22 83.4451 0.642849 8.60218 0.398634 3.01713
24,1,23 68.6727 0.303822 8.3856 0.182109 4.16413
24,1,24 70.3204 0.62162 8.44332 0.485109 1.53404
24,1,25 81.7703 0.407185 8.60327 0.276326 3.14035
24,1,27 82.4984 0.503751 9.73843 0.391285 2.80393
24,1,28 69.995 0.552086 5.28877 0.538712 2.98671
24,1,29 78.7829 0.542493 8.68633 0.308563 6.40386
24,1,30 73.0972 0.555607 5.23803 0.458124 1.91918
24,1,31 75.6855 0.577361 8.44909 0.336993 6.80487
24,1,32 75.4914 0.688584 6.017 0.575711 2.04495
24,1,33 78.4292 0.733613 9.61266 0.553711 7.36092
24,1,34 59.2292 0.62701 5.18556 0.772969 2.45082
24,1,35 74.8011 0.608334 8.62004 0.375675 2.04145
24,2,0 63.0607 0.182126 12.4695 0.131513 11.7344
24,2,1 76.6709 0.157755 11.7038 0.116063 13.9528
24,2,2 64.4163 0.159032 11.85 0.132461 14.0076
24,2,3 70.9154 0.186926 12.9806 0.13447 19.449
24,2,4 67.697 0.193823 13.6169 0.148438 25.0378
24,2,5 76.6681 0.162546 12.2908 0.117974 30.4233
24,2,6 82.04 0.18587 12.4285 0.136344 35.1267
24,2,7 81.2516 0.21005 12.3795 0.153777 36.7649
24,2,8 68.2346 0.199726 12.5849 0.163958 20.1545
24,2,9 63.2185 0.215291 13.0526 0.178829 19.1428
24,2,10 69.2808 0.234825 12.3178 0.189382 22.767
24,2,11 62.7948 0.277763 13.35 0.238429 20.5175
24,2,12 70.7813 0.19858 12.4395 0.157016 21.3148
24,2,13 78.6187 0.201548 12.1206 0.152054 30.5784
24,2,14 72.9652 0.192174 12.9876 0.140704 31.3453
24,2,15 70.13 0.777357 8.47681 0.432644 1.06796
24,2,16 70.3008 0.178667 11.5766 0.124417 11.9434
24,2,17 77.307 0.171944 10.4742 0.117416 9.33705
24,2,18 62.5671 0.214993 13.978 0.158899 28.3712
24,2,19 69.4646 0.195832 12.314 0.138315 35.1013
24,2,20 69.9018 0.192177 12.7017 0.135749 27.3171
24,2,21 71.7931 0.185291 11.7902 0.129483 17.8695
24,2,22 68.4128 0.193962 11.3712 0.141759 20.4046
24,2,23 64.1269 0.221337 12.1343 0.143558 16.393
24,2,24 62.1239 0.282929 13.3505 0.207585 22.2849
24,2,25 80.834 0.285796 11.9967 0.196876 13.984
24,2,26 57.9155 0.270692 10.8781 0.199969 11.123
24,2,27 68.0289 0.338864 11.3337 0.221708 14.2275
24,2,28 61.9511 0.347206 11.1773 0.251693 7.90349
24,2,29 72.2513 0.412489 11.9014 0.25917 6.85889
24,2,30 60.3552 0.516035 14.7504 0.421853 16.763
24,2,31 67.3993 0.487757 11.1301 0.324646 4.6138
24,2,32 56.7151 0.527929 11.2981 0.386308 5.04766
24,2,33 71.5691 0.613776 12.1253 0.403129 5.3225
24,2,34 60.4457 0.61978 10.2162 0.429746 4.51698
24,2,35 75.9497 0.658174 10.1794 0.409432 3.5943
24,3,0 71.2806 0.137918 10.0273 0.0924672 11.2492
24,3,1 79.3625 0.416266 8.39723 0.26183 3.03866
24,3,2 66.2436 0.164008 10.6464 0.113471 15.891
24,3,3 70.1654 0.345382 8.13435 0.217609 3.79201
24,3,4 62.6746 0.15942 9.71687 0.109148 11.7799
24,3,5 61.6589 0.337484 8.65797 0.237893 8.92018
24,3,6 63.5907 0.189659 10.598 0.130264 14.285
24,3,7 73.002 0.319125 7.6647 0.201633 4.38221
24,3,8 68.0126 0.194101 10.7796 0.142481 15.3702
24,3,9 74.9473 0.372664 9.06798 0.24316 3.30118
24,3,10 66.9916 0.216862 10.1364 0.143141 11.619
24,3,11 73.0776 0.402427 8.19352 0.286219 4.21635
24,3,12 74.0827 0.22631 9.26279 0.143986 8.12707
24,3,13 58.5603 0.424516 9.43559 0.284098 6.30549
24,3,14 71.9371 0.259434 9.86324 0.171051 9.27308
24,3,15 73.7551 0.4158 9.8103 0.216944 10.9712
24,3,16 62.6392 0.357875 12.4982 0.280468 21.1334
24,3,17 70.1239 0.415732 8.54385 0.27349 1.91342
24,3,18 65.5842 0.283911 8.74841 0.19521 7.19792
24,3,19 76.0234 0.463985 7.98106 0.335036 3.67904
24,3,20 77.126 0.332329 9.47264 0.216494 12.5994
24,3,21 61.8611 0.685654 9.82527 0.470559 3.19111
24,3,22 78.6519 0.404861 10.9209 0.265391 25.4403
24,3,23 71.1547 0.584259 7.80887 0.401076 2.08178
24,3,24 77.1536 0.375738 9.26166 0.234955 7.61199
24,3,25 55.7116 0.112929 1.09252 0.120612 6.28638
24,3,26 77.0962 0.383858 8.67729 0.269074 6.02124
24,3,27 71.1806 0.724139 9.57293 0.486727 2.32675
24,3,28 69.4213 0.435716 8.03638 0.311173 5.42159
24,3,29 71.3372 0.697792 7.45447 0.419087 1.84399
24,3,30 62.9282 0.525023 10.0157 0.332425 3.55349
24,3,31 55.5697 0.609008 5.85217 0.453599 1.85193
24,3,32 70.6695 0.503479 7.93854 0.343633 3.1468
24,3,33 74.1027 0.68079 6.47912 0.504702 2.53893
24,3,34 63.2753 0.64499 10.7438 0.46599 3.21959
24,3,35 55.8711 5.09133 1.16241 10.2892 2.18319
24,4,0 72.5684 0.431593 10.8746 0.25026 6.17181
24,4,1 72.6094 0.359116 9.98312 0.292032 16.5986
24,4,2 84.9611 0.344741 8.08599 0.292914 13.037
24,4,3 84.5767 0.323319 10.2427 0.262204 13.7356
24,4,4 83.5868 0.178455 12.7585 0.140245 31.3816
24,4,5 84.8878 0.343316 9.38261 0.275679 16.0811
24,4,6 76.4905 0.144941 11.2784 0.103742 12.5612
24,4,7 82.1992 0.337093 8.79736 0.274914 12.0743
24,4,8 88.4506 0.159414 11.4256 0.111037 22.0629
24,4,9 78.542 0.427338 10.0437 0.271784 3.89136
24,4,10 74.7524 0.141775 10.7383 0.0990316 18.2034
24,4,11 78.2587 0.401142 10.462 0.241448 2.26963
24,4,12 75.484 0.145007 10.5801 0.0975412 17.9424
24,4,13 83.9828 0.325708 9.59304 0.197233 8.94528
24,4,14 81.3312 0.160742 10.7892 0.10648 22.0914
24,4,15 80.3605 0.33771 8.76724 0.197587 6.38303
24,4,16 86.5773 0.168245 10.7767 0.11092 20.3947
24,4,17 73.917 0.381422 8.32316 0.232334 5.32024
24,4,18 86.8823 0.19511 10.2129 0.125401 38.2081
24,4,19 86.4796 0.389005 10.8265 0.233846 7.27855
24,4,20 86.6869 0.182301 9.99382 0.118228 14.5928
24,4,21 77.3217 0.413864 10.7569 0.263161 3.85309
24,4,22 86.7586 0.424156 9.79001 0.330342 5.53955
24,4,23 79.4885 0.448434 9.24062 0.275325 1.84514
24,4,24 70.5727 0.408121 8.62063 0.231585 2.81164
24,4,25 75.9729 0.545696 10.0902 0.374035 2.36148
24,4,26 85.8423 0.575376 9.94747 0.402667 4.33535
24,4,27 77.5396 0.60952 7.63601 0.429867 3.76839
24,4,28 82.7915 1.36714 6.66378 1.25513 8.11191
24,4,29 84.3112 0.693999 10.2728 0.467702 2.12186
24,4,30 82.6436 0.753028 10.4803 0.493044 1.84612
24,4,31 90.3411 0.498973 10.2497 0.366756 4.63874
24,4,32 87.8692 0.750331 9.82744 0.543361 2.40763
24,4,33 85.9943 0.553487 10.4401 0.344423 2.45699
24,4,34 78.5494 0.686521 8.6155 0.419066 1.78375
24,4,35 91.6273 0.56608 9.41997 0.397798 2.74103
24,5,0 76.1846 0.186374 9.78272 0.114496 10.256
24,5,1 65.1767 0.224953 10.4018 0.148325 14.439
24,5,2 67.9987 0.246454 10.6529 0.15799 12.8044
24,5,3 78.0381 0.237361 9.43031 0.147996 6.94656
24,5,4 65.6151 0.270507 9.42699 0.171173 9.32385
24,5,5 70.4778 0.301185 9.94667 0.190868 5.97124
24,5,6 74.5192 0.379943 11.6697 0.236253 7.53837
24,5,7 71.19 0.393075 10.6037 0.238469 9.11998
24,5,8 82.8706 0.421405 9.82975 0.259471 6.48536
24,5,9 73.706 0.645093 8.44697 0.429145 10.7314
24,5,10 78.353 0.45731 7.82725 0.272017 14.2667
24,5,11 84.3738 0.672133 8.03562 0.391851 20.872
24,5,12 80.8876 0.415889 10.2741 0.235675 11.9164
24,5,13 81.157 0.354589 10.1716 0.206864 6.83769
24,5,14 75.3904 0.295549 9.87362 0.178661 6.75752
24,5,15 84.6332 0.315324 9.57446 0.192794 19.406
24,5,16 87.2269 0.26585 10.5477 0.169963 11.1688
24,5,17 84.0452 0.205759 9.34666 0.107055 14.8227
24,5,18 81.0668 0.224074 10.7718 0.14974 19.5404
24,5,19 80.8059 0.218329 11.3283 0.145769 25.5515
24,5,20 85.6184 0.186873 10.9085 0.122425 21.427
24,5,21 92.9706 0.468426 9.89147 0.301738 4.0281
24,5,22 79.0067 0.432633 9.82035 0.245003 5.8929
24,5,23 88.8764 0.367081 9.84113 0.233513 8.03838
24,5,24 78.5631 0.382577 9.27932 0.200822 16.4015
24,5,25 89.9368 0.31457 9.54195 0.1628 16.5094
24,5,26 86.6745 0.317886 9.15932 0.225226 29.5992
24,5,27 87.9991 0.304876 9.35633 0.180749 27.3244
24,5,28 89.4576 0.243275 9.92206 0.154061 7.99822
24,5,29 82.2395 0.21612 9.31575 0.129021 9.26137
25,0,0 65.6306 1.87677 1.5107 12.0043 8.44362
25,0,1 77.9362 0.609278 8.34717 0.34037 2.16214
25,0,2 75.8639 1.07305 8.30658 0.949526 2.84793
25,0,3 85.9443 0.608396 9.59576 0.386774 2.64841
25,0,4 81.1682 0.819388 9.37037 0.592688 2.04587
25,0,5 77.5534 0.523715 9.87023 0.324068 6.98841
25,0,6 83.8668 0.788443 9.9647 0.574381 1.78972
25,0,7 65.5812 0.654593 9.23693 0.487459 2.42519
25,0,8 76.8724 0.63705 9.84961 0.427634 2.11854
25,0,9 79.7059 0.663696 10.7728 0.4088 2.51201
25,0,10 78.5835 0.561774 9.19616 0.363156 6.80917
25,0,11 66.3222 0.562945 10.0126 0.367169 4.47347
25,0,12 80.2271 0.467647 9.55661 0.289938 2.48121
25,0,13 67.9632 0.440686 9.3578 0.306556 3.80073
25,0,14 165.597 187.381 3.39626 7.03711 2.00001
25,0,15 81.323 0.404235 9.51413 0.262439 3.89539
25,0,16 87.401 0.258792 10.783 0.155833 15.1566
25,0,17 81.9309 0.419261 8.31447 0.280929 11.4018
25,0,18 78.1725 0.233292 10.7202 0.132681 18.9443
25,0,19 68.3862 0.419416 9.14829 0.227105 14.621
25,0,20 85.1998 0.191317 10.4307 0.123119 14.2281
25,0,21 75.5346 0.41463 10.6673 0.251113 6.22019
25,0,22 77.7808 0.214164 10.0912 0.123954 64.7187
25,0,23 84.2628 0.361182 10.0199 0.220551 6.52042
25,0,24 83.1625 0.192855 11.5316 0.116868 45.5114
25,0,25 89.0489 0.385474 10.5035 0.254646 5.41408
25,0,26 88.9384 0.203508 11.7072 0.135533 25.5119
25,0,27 78.0433 0.329296 10.1184 0.204962 6.14036
25,0,28 90.2915 0.179379 11.1205 0.120069 23.3686
25,0,29 82.8054 0.346957 10.326 0.211482 7.69295
25,0,30 76.6827 0.151579 11.6691 0.100686 32.1073
25,0,31 86.198 0.351682 10.2121 0.211091 11.7096
25,0,32 74.583 0.146383 11.1833 0.0949157 53.7464
25,0,33 88.813 0.370728 10.0266 0.231261 10.718
25,0,34 80.3065 0.327177 10.4802 0.203694 6.56244
25,0,35 84.9948 0.343521 10.5386 0.205066 21.2026
25,1,0 71.9427 0.312355 9.64294 0.205212 9.2726
25,1,1 73.5617 0.125285 9.24156 0.0871297 16.8749
25,1,2 69.2662 0.312594 9.11018 0.187203 8.2363
25,1,3 76.3148 0.163219 10.8911 0.113853 26.9747
25,1,4 69.6144 0.348471 10.3208 0.244671 14.0598
25,1,5 75.5907 0.153381 10.9691 0.107665 53.0999
25,1,6 68.6174 0.3277 9.10873 0.203979 8.84708
25,1,7 67.1887 0.157186 10.5169 0.108886 18.9959
25,1,8 65.21 0.331988 8.95683 0.215598 7.76171
25,1,9 62.2969 0.158868 9.51443 0.108828 20.4834
25,1,10 69.3867 0.379161 9.69926 0.220048 15.2706
25,1,11 67.4597 0.170403 9.43014 0.111008 17.1247
25,1,12 70.5755 0.382694 9.27646 0.237344 8.7025
25,1,13 62.3696 0.181919 9.54308 0.116445 13.4177
25,1,14 68.4529 0.387275 9.20199 0.250196 4.984
25,1,15 72.0328 0.192385 9.48262 0.124134 20.4951
25,1,16 57.7767 0.356455 8.7318 0.258468 5.22507
25,1,17 66.8217 0.23729 10.5216 0.161425 14.6814
25,1,18 68.7015 0.416866 8.24576 0.281937 4.88295
25,1,19 67.4294 0.225246 9.82436 0.156531 10.8988
25,1,20 70.5274 0.404619 8.57777 0.239424 3.64562
25,1,21 72.1119 0.269911 9.96935 0.178601 9.66432
25,1,22 67.6943 0.440764 8.88367 0.27829 3.10346
25,1,23 66.5884 0.297806 8.82723 0.196535 4.42288
25,1,24 66.5574 0.440054 8.90924 0.27893 6.38939
25,1,25 65.7242 0.456882 1.02074 8.96249 25.4686
25,1,26 65.9634 0.559739 10.7948 0.355151 6.955
25,1,27 66.437 0.0822155 1.18933 0.0555554 20.4404
25,1,28 65.2265 0.447707 8.10738 0.304419 1.68804
25,1,29 65.7213 0.372786 8.48882 0.23752 3.81406
25,1,30 55.7812 0.095374 1.2481 0.127337 4.74698
25,1,31 69.6477 0.41125 9.84635 0.261377 3.56972
25,1,32 69.418 0.618524 7.09041 0.43878 2.27586
25,1,33 70.3993 0.495203 9.10533 0.358797 2.39861
25,1,34 67.816 0.853131 5.90484 0.541475 1.95159
25,1,35 67.0702 0.620715 7.36586 0.392856 2.21109
25,2,0 47.8289 0.168639 10.6438 0.115877 17.6194
25,2,1 58.2081 0.154439 8.67836 0.112682 19.2433
25,2,2 58.6656 0.139418 8.48849 0.102997 12.7291
25,2,3 51.727 0.189898 11.2206 0.134501 15.9248
25,2,4 63.6817 0.158077 9.91997 0.109423 14.2716
25,2,5 61.8799 0.158192 10.3975 0.105968 22.7026
25,2,6 56.262 0.134848 10.331 0.098507 14.0355
25,2,7 55.5515 0.172677 12.0656 0.124974 25.4693
25,2,8 61.6826 0.209638 12.2513 0.146944 50.4261
25,2,9 64.0869 0.133874 9.54295 0.0991624 19.8595
25,2,10 64.878 0.187471 11.63 0.140885 26.3656
25,2,11 53.2785 0.219561 13.9562 0.178617 16.2277
25,2,12 57.1481 0.172116 15 0.0214521 26.3377
25,2,13 48.7867 0.178475 15 0.0107066 19.2914
25,2,14 59.3496 0.158951 11.2757 0.12627 17.8603
25,2,15 54.7151 0.130099 10.1116 0.0941868 17.5744
25,2,16 57.1325 0.118775 9.82481 0.0847421 15.1061
25,2,17 59.7104 0.113367 9.34187 0.0791997 13.9917
25,2,18 58.6163 0.239554 13.8126 0.18841 35.2302
25,2,19 62.9023 0.245527 12.6825 0.181365 47.7863
25,2,20 53.0166 0.188106 12.8316 0.141364 25.4998
25,2,21 56.8311 0.140286 10.1297 0.104107 20.1614
25,2,22 44.2998 0.149774 11.0416 0.120505 17.762
25,2,23 63.3544 0.159078 11.1352 0.125836 11.9606
25,2,24 42.4668 0.205715 12.5496 0.352619 19.4524
25,2,25 53.8533 0.198629 11.078 0.147198 23.0997
25,2,26 52.8078 0.178718 9.80256 0.130588 9.15561
25,2,27 54.8065 0.208814 10.0565 0.140316 13.4696
25,2,28 56.7822 0.234055 10.2346 0.156548 9.4043
25,2,29 54.9783 0.243249 9.41824 0.157512 6.7584
25,2,30 58.5837 0.27298 9.78913 0.175985 7.96183
25,2,31 55.577 0.272844 8.56949 0.180525 7.71145
25,2,32 53.7891 0.302455 8.87644 0.199952 3.50184
25,2,34 58.8498 0.457084 8.96318 0.27674 2.58207
25,2,35 58.0375 0.506852 7.68665 0.339575 2.21129
25,3,0 75.3878 0.18655 11.1046 0.114239 41.3121
25,3,1 77.9747 0.396588 9.68664 0.268857 3.81867
25,3,2 79.5688 0.205398 10.724 0.134554 21.0093
25,3,3 75.5534 0.37529 10.0237 0.235714 4.02564
25,3,4 76.1363 0.246445 10.9295 0.171825 19.4765
25,3,5 70.0337 0.405797 9.4834 0.27418 5.07257
25,3,6 76.1251 0.252576 10.7056 0.173272 21.8392
25,3,7 71.6999 0.395579 9.41527 0.210866 14.268
25,3,8 74.0913 0.250175 11.0378 0.166617 20.4616
25,3,9 74.9648 0.400015 8.80962 0.27843 6.6411
25,3,10 68.8048 0.256058 12.1935 0.193222 29.8536
25,3,11 60.6083 0.423892 9.76913 0.289573 3.94496
25,3,12 74.9072 0.265029 11.9478 0.170251 23.5921
25,3,13 71.387 0.463513 9.70369 0.290091 3.33737
25,3,14 70.2854 0.242916 9.26804 0.162649 40.6819
25,3,15 68.3397 0.487661 8.24588 0.363366 3.32945
25,3,16 73.566 0.259776 10.1032 0.17511 11.2878
25,3,17 49.5982 0.395611 7.28879 0.30541 3.3229
25,3,18 74.0257 0.267131 9.12353 0.166573 9.46665
25,3,19 66.2448 0.450674 6.69935 0.327101 2.09832
25,3,20 61.3244 0.304454 9.64968 0.206432 5.99802
25,3,21 70.15 0.752578 8.23233 0.473783 1.55137
25,3,22 62.6732 0.313548 8.6681 0.219519 3.28301
25,3,23 58.4326 0.596592 7.47071 0.400827 2.55708
25,3,24 56.0728 0.330424 8.31765 0.231857 1.73129
25,3,25 59.996 0.852767 8.53796 0.430945 4.75916
25,3,26 65.9718 0.361989 7.36836 0.255848 2.83511
25,3,27 316.25 0.710866 1.11304 9.97924 212.64
25,3,28 66.4671 0.45743 7.99956 0.289823 5.7845
25,3,29 70.6838 0.851375 9.26394 0.422733 2.90515
25,3,30 63.1786 0.269014 4.49859 0.180383 5.44322
25,3,31 69.9485 0.868723 8.35113 0.552412 2.40978
25,3,32 56.8671 0.616692 7.6535 0.478836 14.2707
25,3,34 317.933 2.7239 2.82273 3.65838 134.52
25,4,0 77.1077 0.414843 9.77052 0.263547 14.5394
25,4,1 81.4942 0.389067 9.1314 0.251715 7.16415
25,4,2 80.3505 0.426078 9.09311 0.277895 5.20414
25,4,3 81.0427 0.430909 8.98266 0.235809 13.8047
25,4,4 83.2059 0.151278 9.04848 0.101787 13.2269
25,4,5 81.2623 0.435767 8.6452 0.259464 9.37951
25,4,6 85.4052 0.14591 8.4095 0.095166 12.4045
25,4,7 76.3851 0.436444 9.6597 0.288684 4.06169
25,4,8 86.1239 0.165473 9.22487 0.107909 13.1835
25,4,9 85.7699 0.46137 9.52924 0.319369 5.18588
25,4,10 83.6746 0.193169 9.94609 0.124729 16.5295
25,4,11 74.6633 0.445687 9.63876 0.285287 5.19866
25,4,12 80.1537 0.176863 9.03709 0.105142 15.8107
25,4,13 86.1348 0.4787 10.2987 0.287297 4.49716
25,4,14 78.3075 0.201415 9.70441 0.121137 33.9065
25,4,15 82.0014 0.510902 10.491 0.337204 5.8401
25,4,16 74.9957 0.212504 9.19754 0.125644 43.9943
25,4,17 73.1195 0.45738 9.23135 0.264903 12.3382
25,4,18 83.9947 0.238165 9.32469 0.13191 33.9315
25,4,19 79.5165 0.47465 8.48305 0.276949 9.32706
25,4,20 85.9115 0.276945 10.7728 0.1521 20.0015
25,4,21 71.8445 0.465362 6.58749 0.401317 7.02026
25,4,23 85.4781 0.647649 8.4843 0.389502 5.42523
25,4,24 81.9115 0.567313 9.51374 0.357044 2.76366
25,4,25 81.2877 0.604663 9.61368 0.469198 1.75754
25,4,26 76.3864 0.613849 8.72956 0.379775 4.73157
25,4,27 84.8142 0.581119 8.60904 0.335073 6.72886
25,4,28 73.8886 0.697791 9.52019 0.439611 9.16662
25,4,29 77.2199 0.679951 10.0327 0.483757 2.49355
25,4,30 82.6466 0.758825 8.30526 0.436343 3.04932
25,4,31 85.8026 0.581173 8.25019 0.395851 2.7713
25,4,32 77.9363 0.859035 9.14373 0.452585 3.59644
25,4,33 80.5494 0.61529 7.30839 0.383224 2.30663
25,4,34 76.3184 0.983564 8.39893 0.562979 16.1771
25,4,35 80.0905 0.719785 7.39708 0.504288 1.13433
25,5,0 59.5482 0.301632 9.11287 0.179086 41.2546
25,5,1 59.0913 0.267949 9.50952 0.181461 6.44357
25,5,2 55.9015 0.290635 8.90688 0.18264 9.017
25,5,3 65.0444 0.343866 9.6737 0.216366 8.38991
25,5,4 53.6893 0.352709 10.0404 0.229706 13.8642
25,5,5 65.3438 0.35537 8.75779 0.227334 4.35102
25,5,6 61.932 0.424987 10.1708 0.268878 4.04976
25,5,7 53.4967 0.483633 10.04 0.300438 12.0804
25,5,8 58.3532 0.401208 7.63207 0.251633 1.88436
25,5,9 56.6537 0.0644832 1.12907 0.0425176 16.9435
25,5,10 60.1021 0.466138 8.72011 0.333935 2.36174
25,5,11 61.3294 0.399931 10.0157 0.308907 10.0346
25,5,12 57.8999 0.389813 10.0554 0.255971 4.27919
25,5,13 62.9217 0.370363 9.25792 0.209263 8.76679
25,5,14 60.8301 0.360698 9.67207 0.209774 9.52145
25,5,15 71.4591 0.296793 9.04562 0.188539 8.5752
25,5,16 64.756 0.245787 8.90137 0.143819 22.758
25,5,17 56.7649 0.348839 8.08085 0.222147 30.4798
25,5,18 59.9874 0.265862 9.62093 0.177489 16.5085
25,5,19 65.3724 0.242696 10.3937 0.159866 20.7035
25,5,20 66.6156 0.199097 9.49263 0.127906 23.294
25,5,21 70.071 0.380974 7.902 0.259222 1.19926
25,5,22 71.5445 0.382701 9.35012 0.230367 4.68744
25,5,23 62.1188 0.338267 9.05977 0.192307 4.51372
25,5,24 71.2532 0.330604 9.4373 0.243845 7.24319
25,5,25 69.6587 0.326691 9.17345 0.184678 15.2807
25,5,26 70.4595 0.259004 8.8275 0.152981 8.06846
25,5,27 71.8995 0.25553 9.06942 0.16008 11.8094
25,5,28 59.9017 0.249534 9.89843 0.165331 10.3017
25,5,29 66.8629 0.240596 9.62592 0.148909 15.2316
26,0,0 67.3261 0.794562 8.12551 0.667621 1.48407
26,0,1 81.5369 0.402399 5.48627 0.363958 2.96127
26,0,2 68.2405 0.860612 10.1366 0.518358 1.79001
26,0,3 72.2869 0.512768 9.21406 0.412611 4.00811
26,0,4 65.6713 0.883693 1.24548 2.51522 6.00611
26,0,5 66.4723 4.96375 1.48992 10.2765 15.2238
26,0,6 71.3677 0.673375 8.0135 0.462344 2.24764
26,0,7 73.8428 0.607661 7.38529 0.327241 3.56881
26,0,8 81.5232 0.632748 9.33115 0.471084 1.70483
26,0,9 74.0703 0.6069 8.59659 0.36569 3.36073
26,0,10 73.6955 0.674726 10.2913 0.358917 5.11892
26,0,11 74.4649 0.698717 10.6004 0.50693 3.83958
26,0,12 75.5692 0.541206 9.78339 0.323783 3.77485
26,0,13 73.9824 0.473385 9.4779 0.28928 2.90808
26,0,14 76.3108 0.445093 8.84001 0.26613 4.67041
26,0,15 75.4263 0.437544 8.75421 0.262794 3.31923
26,0,16 82.2869 0.20755 9.27179 0.12819 12.3283
26,0,17 71.5052 0.450038 9.91126 0.242918 5.13293
26,0,18 71.6445 0.181026 8.49105 0.107232 8.85745
26,0,19 68.5 0.431535 9.72575 0.251941 5.37319
26,0,20 79.7847 0.162793 8.21461 0.0896143 12.6773
26,0,21 70.6163 0.390793 9.32397 0.226996 4.6382
26,0,22 76.5385 0.172404 9.15571 0.110192 14.8544
26,0,23 73.6117 0.48402 7.40292 0.357159 9.63316
26,0,24 81.339 0.136212 7.95794 0.113582 17.7238
26,0,25 80.5854 0.397708 9.51215 0.238055 4.41736
26,0,26 76.6048 0.139481 8.34274 0.085729 9.49597
26,0,27 82.3755 0.422722 10.2005 0.277621 7.08085
26,0,28 68.3537 0.15796 9.43111 0.102081 14.3247
26,0,29 71.458 0.444182 10.492 0.283173 9.95251
26,0,30 79.9869 0.140012 8.27687 0.0900141 15.5619
26,0,31 78.5487 0.42509 10.4678 0.270056 4.31178
26,0,32 72.2307 0.137314 8.23092 0.0952096 10.597
26,0,33 75.2185 0.405415 9.23663 0.283091 5.79602
26,0,34 79.2312 0.374441 8.57999 0.190764 6.93145
26,0,35 69.1249 0.396782 9.31856 0.224929 4.54518
26,1,0 96.5654 0.618498 12.263 0.455495 5.09205
26,1,1 99.6214 0.217694 10.7892 0.148131 13.6055
26,1,2 82.7561 0.515636 11.1538 0.306099 10.1764
26,1,3 90.6436 0.213934 10.0844 0.124513 9.63355
26,1,5 84.1539 0.231553 9.93208 0.139961 8.58304
26,1,6 94.4849 0.607891 10.7295 0.427444 4.47346
26,1,7 90.1495 0.271261 10.4524 0.162997 10.1073
26,1,8 92.5993 0.541736 9.80044 0.304382 4.13907
26,1,9 82.8021 0.275623 10.0277 0.134015 20.9924
26,1,10 97.1874 0.594559 10.2557 0.376728 2.72362
26,1,11 94.6521 0.297383 10.9796 0.167288 14.6051
26,1,12 89.2565 0.694214 9.90478 0.34166 9.08986
26,1,13 94.6564 0.333377 10.8947 0.203728 10.4085
26,1,14 97.0595 0.786892 13.5573 0.528044 3.43439
26,1,15 85.0044 0.357377 9.71144 0.242008 4.88615
26,1,16 84.5278 0.726776 10.8717 0.396635 9.22806
26,1,17 82.3699 0.381218 9.38175 0.237571 2.47184
26,1,18 77.0034 0.779739 11.1793 0.466433 4.88554
26,1,19 95.6596 0.440365 9.57858 0.277502 3.46331
26,1,20 92.1909 0.858756 10.8575 0.497383 3.07502
26,1,21 99.7056 0.459307 10.9715 0.302614 4.96161
26,1,22 87.4398 0.218372 9.63598 0.0992936 11.7042
26,1,23 97.8114 0.51363 9.8287 0.363749 10.7728
26,1,24 99.0354 0.985585 10.9222 0.61692 2.69372
26,1,25 100.195 0.550149 9.72947 0.360152 4.7761
26,1,26 80.658 0.600605 4.85069 0.54679 4.33028
26,1,27 87.8044 0.607936 11.3528 0.427647 3.45234
26,1,28 92.2589 0.964895 11.0841 0.759242 4.21163
26,1,29 88.0436 0.667603 10.1902 0.380385 2.69767
26,1,30 93.4354 1.03675 10.0322 0.679348 2.41356
26,1,31 99.6788 0.78124 9.60838 0.608474 4.08087
26,1,32 85.149 0.855435 7.85664 0.747017 1.41911
26,1,33 94.8016 0.763609 11.4127 0.521575 5.84565
26,1,34 85.4005 1.53683 12.3692 1.32155 1.56035
26,1,35 99.301 0.936874 8.59747 0.738022 4.31917
26,2,0 63.7086 0.176401 12.0046 0.1303 9.01201
26,2,1 70.0208 0.147853 10.3992 0.101924 8.07761
26,2,2 65.8525 0.160247 11.7352 0.115955 8.67086
26,2,3 75.6865 0.175069 10.9492 0.120772 16.4557
26,2,4 77.9024 0.169592 10.8551 0.117937 23.3538
26,2,5 63.3072 0.198674 12.7766 0.137752 40.356
26,2,6 80.1104 0.167006 11.1395 0.116263 27.7835
26,2,7 66.8325 0.161799 11.592 0.119979 19.7618
26,2,8 76.058 0.160026 10.3784 0.116338 23.066
26,2,9 80.0439 0.267701 13.6726 0.189768 36.7949
26,2,10 64.0287 0.214968 12.5203 0.173891 33.6617
26,2,11 74.9789 0.205607 10.5588 0.164025 35.2013
26,2,12 75.6167 0.203342 11.3281 0.154832 34.2622
26,2,13 69.159 0.219866 13.5504 0.161015 26.8165
26,2,14 64.8971 0.179893 12.0066 0.124748 27.289
26,2,15 78.2582 0.173174 10.1606 0.117062 11.7372
26,2,16 74.3803 0.219308 10.9868 0.148712 17.1135
26,2,17 71.051 0.16707 9.43023 0.110206 8.64279
26,2,18 73.5341 0.190949 12.1747 0.13079 30.0182
26,2,19 66.0369 0.192842 11.8502 0.129031 30.8094
26,2,20 74.4605 0.203165 11.356 0.143118 28.5573
26,2,21 65.0683 0.209863 11.8356 0.130548 30.5284
26,2,22 57.6465 0.229309 12.6545 0.16266 17.5087
26,2,23 77.7047 0.222137 10.3066 0.148485 15.8915
26,2,24 66.3239 0.255108 11.4731 0.148917 14.0778
26,2,25 73.3593 0.306677 11.756 0.203096 15.2339
26,2,26 68.1468 0.307384 11.216 0.188943 11.2415
26,2,27 75.9351 0.322723 11.0246 0.191189 7.11597
26,2,28 60.4561 0.420884 11.8333 0.275743 9.55095
26,2,29 71.4566 0.473557 11.701 0.294276 8.28883
26,2,30 60.4465 0.465714 10.4648 0.311828 6.45884
26,2,31 64.7261 0.572144 10.584 0.39778 6.46022
26,2,32 61.8413 0.520781 10.0796 0.38723 3.77545
26,2,33 77.9388 0.53445 9.77496 0.35066 2.35848
26,2,34 65.82 0.661874 10.8622 0.465655 2.08141
26,2,35 66.274 0.75349 10.9918 0.46607 2.41389
26,3,0 76.2782 0.176738 10.3984 0.114644 17.7571
26,3,1 72.0751 0.343438 5.51639 0.305162 9.9052
26,3,2 72.1589 0.180494 10.3143 0.121599 14.1679
26,3,3 75.7549 0.410564 8.01535 0.235637 3.79307
26,3,4 80.6536 0.194371 10.3357 0.129618 14.1418
26,3,5 74.2881 0.391975 8.21333 0.226978 3.41312
26,3,6 79.7696 0.200665 9.35384 0.127308 10.1054
26,3,7 79.8663 0.406934 8.44718 0.263004 3.65799
26,3,8 66.6554 0.28305 10.2219 0.179732 31.8841
26,3,9 74.4482 0.447066 7.31292 0.302457 3.29661
26,3,10 67.1775 0.243168 9.86201 0.152088 11.8571
26,3,11 69.6329 0.496383 7.71929 0.347329 3.17983
26,3,12 77.7833 0.273164 10.0575 0.173017 7.44813
26,3,13 63.2461 0.55741 7.86785 0.335721 8.20062
26,3,14 73.0802 0.315481 10.1482 0.197714 9.6105
26,3,15 63.9747 0.472423 8.77893 0.351567 12.3675
26,3,16 71.3489 0.287118 9.16268 0.16823 4.15451
26,3,17 68.9802 0.568502 8.21793 0.37148 1.54124
26,3,18 69.2727 0.284547 8.47633 0.169578 4.29337
26,3,19 70.8188 0.599138 7.56642 0.413498 2.33971
26,3,20 76.1324 0.423332 10.2902 0.271535 6.52814
26,3,21 71.9451 0.58515 8.70316 0.407337 1.31355
26,3,22 72.2113 0.379743 9.0677 0.213815 2.8232
26,3,23 77.3063 0.65364 8.33946 0.454061 2.66903
26,3,24 79.4812 0.458624 9.65224 0.319691 4.54665
26,3,25 70.5859 0.594001 6.85173 0.38924 2.41866
26,3,26 64.4029 0.518204 9.20928 0.327895 4.94486
26,3,27 73.4856 0.835631 5.83415 0.632411 4.3178
26,3,28 66.8069 0.679766 7.66061 0.362563 9.00738
26,3,29 72.6435 0.617714 5.11764 0.495355 3.88541
26,3,30 78.0803 0.578715 8.98759 0.390798 3.45227
26,3,31 70.3905 0.699739 4.26512 0.532988 3.67961
26,3,32 74.4598 0.572397 9.02139 0.378092 2.15798
26,3,33 36.5753 1.86408 2.01588 2.41326 52.6329
26,3,34 60.4678 0.787779 7.31617 0.483355 1.38056
26,3,35 64.4627 1.43911 7.39675 1.09786 1.2457
26,4,0 79.1415 0.380015 8.55932 0.249776 7.96153
26,4,1 82.6916 0.343356 8.98256 0.197637 4.38026
26,4,2 79.5161 0.353242 9.28252 0.221568 4.84525
26,4,3 72.3922 0.377978 9.17314 0.232508 4.2183
26,4,4 81.2036 0.182833 12.2327 0.134778 29.0018
26,4,5 78.4644 0.326841 9.66229 0.22452 4.39875
26,4,6 84.9857 0.170845 11.9457 0.117482 19.4092
26,4,7 74.2075 0.331927 9.2079 0.230763 8.25977
26,4,8 81.1469 0.164791 11.0802 0.114556 20.337
26,4,9 72.4238 0.43489 8.1827 0.263277 5.10512
26,4,10 80.8756 0.146276 10.0308 0.099343 14.5103
26,4,11 67.1731 0.359928 9.5486 0.23141 4.12485
26,4,12 79.2306 0.173517 11.3509 0.121041 24.5144
26,4,13 78.5775 0.449851 9.98699 0.280951 3.6797
26,4,14 82.7472 0.166544 10.3738 0.109188 19.393
26,4,15 76.6735 0.349479 9.32 0.269766 7.60101
26,4,16 86.0577 0.174354 10.3935 0.110821 20.6323
26,4,17 78.5934 0.353437 7.53357 0.218155 7.40744
26,4,18 71.5289 0.182424 9.96253 0.119842 12.0503
26,4,19 67.3942 0.542223 10.5197 0.334719 2.73109
26,4,20 85.7175 0.202705 10.1581 0.131033 15.8307
26,4,21 64.7752 0.402311 9.36687 0.276991 12.2709
26,4,22 65.9433 0.0438456 1.01479 0.0176743 10.8406
26,4,23 75.8704 0.460529 8.22525 0.331417 6.03664
26,4,24 77.442 0.537975 8.93568 0.382073 6.57788
26,4,25 72.2002 0.574755 6.86655 0.502451 4.82135
26,4,26 73.6878 0.644643 6.99091 0.442334 6.55204
26,4,27 81.7799 0.613595 9.32866 0.395486 4.49575
26,4,28 72.0761 0.68678 9.78959 0.417039 2.36219
26,4,29 81.7934 0.71955 8.96543 0.541194 4.34851
26,4,30 62.2967 0.667969 7.83167 0.480762 2.79329
26,4,31 85.8659 0.522589 10.4125 0.354995 3.70303
26,4,32 70.1121 0.938518 9.99906 0.753485 1.06679
26,4,33 72.0004 0.546627 10.1233 0.303872 11.1925
26,4,34 317.866 2.80746 2.51677 3.554 103.04
26,4,35 85.9355 0.512073 8.88454 0.312081 3.30601
26,5,0 81.0962 0.2348 9.13576 0.142889 49.4736
26,5,1 75.7777 0.277317 10.6676 0.180543 10.9026
26,5,2 87.608 0.316152 11.8135 0.229476 27.8489
26,5,3 81.5217 0.298561 9.69045 0.176081 18.3379
26,5,4 87.4628 0.364189 9.64695 0.250314 25.7852
26,5,5 78.8673 0.400165 9.37642 0.324165 11.1708
26,5,6 86.4067 0.48634 8.86434 0.298449 27.076
26,5,7 89.7795 0.45962 9.19526 0.328452 7.12083
26,5,8 90.4521 0.592881 12.2663 0.382187 5.2125
26,5,9 85.7001 0.602278 9.98245 0.349372 10.0154
26,5,11 79.3656 0.557217 11.6055 0.368496 5.19222
26,5,12 90.5038 0.457522 10.4738 0.305189 4.66603
26,5,13 78.3674 0.503102 11.1072 0.2912 25.5204
26,5,14 89.3025 0.434234 10.1207 0.24162 27.6336
26,5,15 81.2624 0.372473 10.7293 0.211016 39.28
26,5,16 96.0305 0.343433 11.4719 0.210813 12.7564
26,5,17 94.8711 0.305889 12.1563 0.197491 10.8939
26,5,18 89.7029 0.288108 11.3899 0.161016 38.0416
26,5,19 81.739 0.26945 12.5435 0.177398 20.0036
26,5,20 93.7644 0.22446 11.6993 0.150349 21.0801
26,5,21 78.4726 0.531885 9.57488 0.331026 1.82816
26,5,22 88.1521 0.527018 10.916 0.366406 4.32503
26,5,23 78.2604 0.409279 9.35752 0.246155 4.6463
26,5,24 92.5149 0.41971 9.56818 0.295926 1.88984
26,5,25 99.7792 0.388225 10.0645 0.253035 6.31268
26,5,26 93.3578 0.331252 10.2888 0.187572 7.7217
26,5,27 82.44 0.323194 10.1082 0.201894 4.936
26,5,28 85.844 0.272677 9.94813 0.149305 6.6925
26,5,29 94.1399 0.247752 9.81865 0.151426 5.72801
27,0,0 72.2054 0.838919 8.24438 0.557649 1.70985
27,0,1 60.4122 0.549395 7.12554 0.322085 3.06266
27,0,2 61.4404 0.731411 8.41082 0.463643 2.31316
27,0,3 72.2097 0.561739 7.0578 0.621006 5.03106
27,0,4 65.8985 0.703654 8.67122 0.416107 2.0788
27,0,5 62.4513 0.497147 9.14943 0.300354 7.54302
27,0,6 60.7049 0.676337 6.98244 0.347627 4.2738
27,0,7 61.8855 0.487268 6.6783 0.42703 2.95703
27,0,8 61.0508 0.524649 7.95096 0.348018 3.19086
27,0,10 63.3357 0.52119 8.93286 0.35481 1.84359
27,0,11 57.1749 0.412305 8.12267 0.267765 2.42838
27,0,12 69.5315 0.409778 7.80233 0.272983 2.28004
27,0,13 60.1051 0.432758 9.67545 0.270779 2.33834
27,0,14 58.2021 0.473778 9.32971 0.32226 7.00918
27,0,15 53.0582 0.389236 8.46968 0.332605 5.16281
27,0,16 73.055 0.217858 9.17605 0.138755 10.4131
27,0,17 67.8075 0.398367 10.2378 0.247494 6.49731
27,0,18 64.6263 0.193979 9.05922 0.113192 12.2217
27,0,19 71.9498 0.396226 9.50884 0.244451 5.04555
27,0,20 65.5932 0.230853 9.14802 0.146146 35.3309
27,0,21 63.9881 0.328976 8.30328 0.203376 5.03453
27,0,22 70.5671 0.181347 9.14575 0.100169 55.3864
27,0,23 69.3979 0.341073 8.79314 0.207561 6.31679
27,0,24 71.4403 0.16269 8.4004 0.10418 46.0683
27,0,25 58.9794 0.286775 8.56968 0.172027 3.80189
27,0,26 75.3538 0.172726 10.0834 0.121923 19.7814
27,0,27 68.1807 0.331247 9.37518 0.195434 6.45932
27,0,28 72.8137 0.134479 9.01998 0.0849959 15.9476
27,0,29 68.405 0.371756 8.07137 0.190942 15.3016
27,0,30 72.6239 0.123294 8.56264 0.0853133 12.4738
27,0,31 66.7961 0.337508 9.87941 0.201477 8.50563
27,0,32 73.1627 0.128085 9.33351 0.0812864 19.001
27,0,33 62.0469 0.284315 8.05044 0.188582 11.2465
27,0,34 68.0523 0.327287 9.45744 0.203923 6.00919
27,0,35 66.8322 0.314652 8.95985 0.190571 5.7108
27,1,0 72.9961 0.306411 8.8632 0.21351 4.48279
27,1,1 74.4883 0.134732 9.03469 0.0907513 17.332
27,1,2 62.6133 0.323688 9.33881 0.242356 5.96058
27,1,3 70.9598 0.137736 8.86558 0.0937409 17.0424
27,1,4 58.4042 0.363101 9.89646 0.256842 15.0361
27,1,5 58.722 0.139997 8.87577 0.0882574 18.3396
27,1,6 72.2519 0.345376 8.67515 0.25237 6.09546
27,1,7 63.9481 0.181724 8.81616 0.138414 38.6279
27,1,8 59.4477 0.386847 9.39057 0.234885 7.96935
27,1,9 71.8778 0.162355 8.81156 0.106062 11.0806
27,1,10 68.1294 0.358676 8.35992 0.20596 7.86843
27,1,11 64.0365 0.176693 8.71664 0.115064 12.852
27,1,12 59.0856 0.358853 8.68155 0.236788 4.02771
27,1,13 73.2758 0.194181 9.30232 0.132842 8.05498
27,1,14 57.8539 0.231092 5.69047 0.228456 3.64443
27,1,15 73.9249 0.213812 8.2259 0.143055 15.2618
27,1,16 59.9594 0.415491 8.89716 0.24606 5.23217
27,1,17 61.6677 0.193621 5.83745 0.184322 19.782
27,1,18 68.1435 0.415846 9.1853 0.263752 3.52766
27,1,19 70.3442 0.207286 7.4552 0.147384 8.00596
27,1,20 55.2925 0.430407 9.32444 0.256821 6.99271
27,1,21 72.2919 0.283629 9.44791 0.19285 7.11186
27,1,22 57.6437 0.43268 9.01825 0.249402 6.0221
27,1,23 66.0214 0.258076 8.33722 0.149977 11.154
27,1,24 70.2206 0.613465 9.74158 0.479751 3.10962
27,1,25 73.1637 0.324147 9.03019 0.217992 3.21508
27,1,26 68.9278 0.579857 9.30374 0.465265 2.5942
27,1,27 66.0159 0.348916 8.02202 0.194763 6.00295
27,1,28 65.7368 0.551145 6.86424 0.383661 2.96188
27,1,29 72.7585 0.378952 8.13029 0.260717 3.94942
27,1,30 65.0822 0.599323 7.95519 0.563032 2.48528
27,1,31 55.1254 0.0494188 1.0045 0.0151539 8.47692
27,1,32 60.8065 0.619581 7.85773 0.426357 1.70863
27,1,33 65.5887 0.939061 1.38127 2.86063 5.64366
27,1,34 56.2253 0.639698 1.01054 10.0081 6.00434
27,1,35 56.2359 0.504543 6.89398 0.356764 1.30913
27,2,0 68.4251 0.197569 10.2964 0.138563 14.1024
27,2,1 69.9702 0.189763 10.1353 0.119371 14.3303
27,2,2 73.6468 0.202069 10.7616 0.134022 15.8007
27,2,3 78.2145 0.237791 11.5755 0.161281 12.0496
27,2,4 67.8264 0.245607 12.5586 0.165967 21.6277
27,2,5 67.5664 0.252024 12.8677 0.167934 31.7042
27,2,6 73.4788 0.190973 11.8491 0.132317 19.3303
27,2,7 77.2097 0.189121 11.543 0.130586 26.8127
27,2,8 68.8356 0.257131 13.8296 0.178497 42.278
27,2,9 69.6718 0.145241 10.248 0.100977 20.4983
27,2,10 69.1277 0.144834 10.4826 0.107807 14.701
27,2,11 66.3638 0.20479 13.0813 0.154027 24.0536
27,2,12 67.5105 0.231694 14.073 0.172693 23.7173
27,2,13 79.7152 0.255877 14.1996 0.202104 43.3395
27,2,14 77.1916 0.233797 13.9275 0.172481 38.4826
27,2,15 81.7802 0.187233 11.1175 0.138869 24.7358
27,2,16 78.4463 0.143104 9.81663 0.103219 23.8412
27,2,17 72.5849 0.154385 10.8867 0.107352 15.1902
27,2,18 74.0498 0.187963 11.7529 0.141843 34.4159
27,2,19 73.3514 0.208261 12.9749 0.151453 30.5638
27,2,20 59.2351 0.231219 12.5068 0.17722 39.3891
27,2,21 56.2583 0.226198 13.1458 0.184851 31.7204
27,2,22 67.9673 0.236332 12.2913 0.184031 33.0193
27,2,23 68.5185 0.217314 11.2473 0.173832 27.2
27,2,24 67.9978 0.224981 11.2526 0.157694 25.9838
27,2,25 55.2717 0.257376 11.6797 0.1952 18.7489
27,2,26 52.0891 0.286351 10.8128 0.23153 20.2568
27,2,27 76.5805 0.252937 10.4963 0.159959 11.4904
27,2,28 70.1018 0.317872 10.839 0.204789 16.322
27,2,29 65.153 0.326469 11.0423 0.20077 11.8641
27,2,30 57.0346 0.388588 9.89769 0.283949 13.1133
27,2,31 61.0293 0.355598 8.52282 0.252805 6.0772
27,2,32 66.1599 0.421329 9.558 0.260803 7.59958
27,2,33 72.8482 0.490303 9.87885 0.309252 6.2799
27,2,34 67.0303 0.537758 7.93949 0.355038 3.4696
27,2,35 66.3254 0.559264 8.29967 0.308383 5.503
27,3,0 63.9747 0.196939 9.6203 0.128572 22.1323
27,3,1 66.3711 0.318721 7.43136 0.178098 3.1021
27,3,2 62.245 0.162143 8.61035 0.113037 10.8964
27,3,3 65.7706 0.356382 8.1929 0.241795 3.21721
27,3,4 67.2336 0.195008 8.69114 0.123847 19.3208
27,3,5 60 0.326989 7.586 0.233948 3.36923
27,3,6 55.6808 0.234652 10.0517 0.159278 19.3371
27,3,7 61.5544 0.376344 8.32852 0.238375 3.22781
27,3,8 65.1266 0.184852 8.49921 0.115797 13.9861
27,3,9 54.5013 0.380142 8.0878 0.233346 3.10029
27,3,10 65.738 0.190176 7.90201 0.115672 8.87661
27,3,11 65.3107 0.474681 9.52427 0.345423 3.39938
27,3,12 55.0509 0.221273 8.51153 0.14013 8.13948
27,3,13 60.8606 0.448354 7.68922 0.277416 4.22056
27,3,14 55.0436 0.222141 7.16045 0.143967 17.2192
27,3,15 56.4149 0.578827 11.0996 0.397429 4.25704
27,3,16 63.3087 0.210265 7.29873 0.144815 7.08193
27,3,17 55.4705 0.429945 8.13583 0.302527 5.46657
27,3,18 53.6026 0.2422 7.56867 0.153225 6.0876
27,3,19 66.7626 0.451824 8.64839 0.292501 6.35531
27,3,20 54.982 0.29005 6.84986 0.224158 9.01479
27,3,21 49.0428 0.51059 6.95742 0.309676 4.39897
27,3,22 60.348 0.339383 7.60006 0.181165 23.2436
27,3,23 63.7747 0.49437 8.94903 0.322907 3.57209
27,3,24 60.0178 0.293341 7.02269 0.184549 6.2959
27,3,25 63.5086 0.593911 8.25274 0.372646 1.59817
27,3,26 60.2674 0.344125 7.44718 0.22433 3.04529
27,3,27 61.6338 0.569227 7.46326 0.381954 1.49525
27,3,28 58.9843 0.43627 7.08781 0.259774 7.26142
27,3,29 58.3215 0.598503 7.04753 0.428111 2.44914
27,3,30 56.0024 0.333598 5.69802 0.247141 1.99049
27,3,32 55.6731 0.753455 1.03533 11.1064 4.1965
27,3,33 63.9855 0.897142 7.59327 0.596717 1.92617
27,3,34 50.9453 0.437205 5.42062 0.297668 1.26952
27,4,0 71.9079 0.339643 8.91295 0.220341 3.85997
27,4,1 62.0059 0.466758 10.8 0.322246 6.46364
27,4,2 65.1152 0.39242 9.051 0.22506 13.2215
27,4,3 62.5368 0.435487 10.1419 0.280286 5.03875
27,4,4 74.686 0.231386 11.8407 0.140806 34.82
27,4,5 63.0748 0.391234 9.24752 0.288008 5.35769
27,4,6 60.6816 0.188721 10.1226 0.116728 32.0878
27,4,7 65.2423 0.442021 9.10747 0.298084 4.73718
27,4,8 61.6898 0.165672 9.09126 0.109193 13.2928
27,4,9 53.1778 0.448773 9.12868 0.283518 10.0588
27,4,10 61.4739 0.185197 9.08067 0.104233 18.1367
27,4,11 67.7852 0.405656 8.04404 0.220691 5.08788
27,4,12 70.8247 0.187146 9.00988 0.123066 12.4746
27,4,13 66.0982 0.491485 9.29624 0.299992 7.48614
27,4,14 64.5966 0.228374 9.56267 0.153886 28.0602
27,4,15 49.0809 0.390164 6.92234 0.275954 6.2544
27,4,16 69.6982 0.245277 9.46729 0.151903 13.6579
27,4,17 65.6431 0.474109 8.3269 0.311969 3.98505
27,4,18 71.9719 0.266405 9.65513 0.174971 10.8844
27,4,19 66.4469 0.457182 7.87044 0.32815 4.31897
27,4,20 64.6044 0.300854 11.3742 0.195364 16.0289
27,4,21 60.2969 0.506402 8.92625 0.346109 3.49735
27,4,22 60.7454 0.452848 7.28114 0.319577 3.81357
27,4,23 47.7682 0.406896 7.1524 0.357964 2.42366
27,4,24 65.1826 0.561777 8.16217 0.36321 2.65981
27,4,25 68.2004 0.688073 8.43295 0.554249 4.90531
27,4,26 63.2855 0.773055 10.6489 0.586152 2.76468
27,4,27 51.2221 0.388699 3.23362 0.214884 3.39247
27,4,28 56.1314 0.636968 5.32674 0.647572 53.5694
27,4,29 67.8423 0.730868 8.91427 0.482858 4.97815
27,4,30 62.7015 1.00361 10.2247 0.935732 4.73536
27,4,31 62.4545 0.571975 10.2328 0.382057 2.63797
27,4,32 69.4176 0.746996 8.38842 0.801755 4.54579
27,4,33 72.0624 0.576944 8.64749 0.394626 4.69668
27,4,34 75.2648 0.944985 8.91921 0.645245 4.77972
27,4,35 60.9892 0.774956 7.89674 0.476783 1.66405
27,5,0 73.134 0.331374 9.66751 0.175796 10.0331
27,5,1 62.6473 0.367578 10.5093 0.201089 14.9583
27,5,2 59.2886 0.368441 9.72635 0.222186 7.70867
27,5,3 64.373 0.409407 9.79841 0.266591 5.91986
27,5,4 60.4604 0.435039 10.2436 0.268431 6.20626
27,5,5 65.7528 0.467744 8.63415 0.273112 7.39105
27,5,6 58.8194 0.663714 11.5537 0.455853 9.12473
27,5,7 63.4925 0.598713 11.1981 0.524763 4.60081
27,5,8 74.4116 0.633465 11.0336 0.529581 8.25126
27,5,9 61.1056 0.508494 8.16979 0.378434 2.22977
27,5,10 73.3115 0.570747 9.68553 0.387941 5.32625
27,5,11 78.5262 0.507449 9.99254 0.34035 4.17579
27,5,12 68.1252 0.438185 9.06378 0.256186 5.61434
27,5,13 56.0597 0.456671 10.6688 0.315263 5.23398
27,5,14 66.1528 0.409888 11.4235 0.280442 4.72767
27,5,15 67.0491 0.401603 10.8094 0.270513 8.92169
27,5,16 70.6082 0.405791 10.711 0.247035 9.16939
27,5,17 76.0542 0.363019 10.6198 0.258196 8.97298
27,5,18 74.2374 0.335527 10.5417 0.233121 13.6961
27,5,19 76.2463 0.277365 11.1645 0.18491 22.1803
27,5,20 76.4806 0.261537 11.5234 0.168838 38.4659
27,5,21 74.3105 0.493116 9.60409 0.330666 3.09104
27,5,22 78.8285 0.472491 8.40044 0.313884 8.46706
27,5,23 76.7158 0.43619 10.4916 0.270553 3.40712
27,5,24 73.2319 0.372888 9.44403 0.235443 3.95131
27,5,26 79.6744 0.376785 9.82662 0.245832 12.7138
27,5,27 80.9364 0.330426 9.90047 0.188625 17.5124
27,5,28 78.0765 0.311373 8.59956 0.188698 28.1112
27,5,29 72.2503 0.275465 10.1462 0.162127 11.8682
28,0,0 153.798 1.50614 9.48008 1.06278 1.66551
28,0,1 170.217 1.57736 7.91147 1.01216 8.14478
28,0,2 170.102 2.3792 11.1072 1.0787 1.46665
28,0,3 170.891 1.49552 10.2327 1.17308 9.12625
28,0,4 165.55 1.06609 7.92286 1.09053 1.45748
28,0,5 167.29 1.3905 10.4687 0.848599 9.4543
28,0,6 157.82 1.97255 11.6133 0.993092 1.37449
28,0,8 165.356 2.41215 14.5799 0.789154 2.25967
28,0,9 147.684 1.08713 9.4556 0.863528 2.52506
28,0,10 158.528 0.971479 8.93806 0.774384 3.82474
28,0,11 171.668 1.19908 11.8008 1.21246 1.59697
28,0,12 167.57 1.46635 12.984 1.06326 2.19736
28,0,13 157.414 1.22307 13.1034 1.03733 3.86939
28,0,14 165.777 0.893192 15 13.0434 1.39717
28,0,15 148.292 1.27882 12.545 1.05181 4.36157
28,0,16 179.856 0.369079 15 0.049345 36.7628
28,0,18 172.659 0.504306 12.1222 0.300778 38.6095
28,0,20 184.517 0.487415 14.3417 0.327664 27.3472
28,0,22 171.598 0.33713 15 0.0365753 50.7231
28,0,24 176.311 0.280627 15 0.0522998 47.3752
28,0,27 165.478 0.983045 13.9787 0.799066 3.71922
28,0,28 180.635 0.357133 14.0929 0.252079 46.4059
28,0,29 171.04 0.913213 13.0529 0.796715 8.39674
28,0,30 182.49 0.391474 14.0674 0.283942 62.5633
28,0,33 175.909 0.63911 15 0.756608 8.73703
28,0,34 181.387 0.937084 13.8267 0.755821 5.18612
28,0,35 185.795 1.00737 13.2143 0.814977 6.26623
28,1,0 175.626 0.910492 10.1448 0.822615 8.48058
28,1,1 170.157 0.290121 15 0.0533401 49.7946
28,1,3 179.559 0.326999 15 0.0562135 51.5157
28,1,4 163.068 1.47873 12.2757 1.03612 12.5197
28,1,5 183.118 0.338404 15 0.061429 44.3096
28,1,6 167.643 0.93507 15 0.618726 7.85616
28,1,7 167.996 0.370281 15 0.0969065 39.5473
28,1,8 177.804 1.24524 15 0.8172 8.43566
28,1,9 186.88 0.574301 14.0838 0.471077 24.4039
28,1,10 175.397 1.0691 14.5881 0.824685 7.68075
28,1,11 181.865 0.72762 12.3108 0.493509 34.6263
28,1,13 185.029 0.517048 15 2.5063 28.8918
28,1,14 166.05 1.47683 12.5256 1.10057 6.42156
28,1,15 170.552 0.497489 15 0.24985 19.4457
28,1,16 158.954 1.24435 11.976 0.829035 8.35078
28,1,17 182.215 0.668419 13.9589 0.511847 18.948
28,1,18 149.553 0.951802 5.19769 1.18642 5.77635
28,1,20 159.515 0.956456 6.81192 0.872876 3.48804
28,1,21 183.323 0.625838 15 0.260664 20.4826
28,1,22 164.545 1.12234 7.62369 0.891061 3.08447
28,1,23 179.966 0.969345 12.7302 0.880467 20.7029
28,1,24 154.431 1.09826 8.11807 0.975036 4.45001
28,1,26 159.923 1.84999 10.7206 1.19088 2.70849
28,1,27 173.478 1.1118 12.6915 0.670146 12.7056
28,1,28 163.365 2.22065 12.0908 0.938058 3.57307
28,1,30 159.019 3.1071 12.1799 1.07846 3.60117
28,1,31 181.708 1.24609 11.4142 0.80824 10.783
28,1,32 163.666 1.44314 9.60884 0.973134 3.63374
28,1,33 187.045 2.3177 13.3868 1.44397 11.74
28,1,34 165.839 2.25049 1.05124 13.965 3.32126
28,1,35 181.312 1.95757 14.3405 1.23754 12.8579
28,2,0 179.243 0.331752 15 0.0104048 29.7975
28,2,1 160.862 0.297225 15 0.00771248 29.4409
28,2,2 185.402 0.32529 15 0.00781298 29.4637
28,2,3 192.415 0.341627 15 0.0261616 27.7576
28,2,4 176.165 0.348512 15 0.0174362 24.998
28,2,5 192.599 0.329945 15 0.0167767 44.674
28,2,7 181.973 0.395626 15 0.0186274 22.481
28,2,8 174.887 0.43868 15 0.0148744 32.0087
28,2,9 197.961 0.379797 15 0.0163484 39.175
28,2,10 180.504 0.42683 15 0.015132 41.1826
28,2,12 174.325 0.410073 15 0.013135 38.3872
28,2,13 187.716 0.343777 15 0.00938832 42.1467
28,2,14 168.374 0.346494 15 0.0131537 51.3724
28,2,15 169.361 0.26879 15 0.0305734 19.0138
28,2,16 181.237 0.327781 15 0.0738403 12.733
28,2,18 171.057 0.338006 15 0.00948494 35.8477
28,2,19 193.091 0.311781 15 0.0120827 38.1508
28,2,20 187.208 0.347811 15 0.0229576 26.7609
28,2,21 186.217 0.341468 15 0.0878153 19.0507
28,2,22 183.051 0.355138 15 0.0153092 24.5937
28,2,23 189.024 0.3793 15 0.027705 32.0836
28,2,24 174.859 0.424999 15 0.0574332 20.4269
28,2,25 177.534 0.466043 15 0.0611653 18.0064
28,2,27 166.296 0.499531 15 2.66504 14.5365
28,2,28 186.362 0.570459 15 0.0869009 16.2309
28,2,29 168.814 0.631332 15 0.109866 7.24031
28,2,30 186.508 0.649168 15 0.578462 7.23379
28,2,31 192.68 0.886502 15 1.17763 11.9587
28,2,32 185.04 0.841712 15 0.51548 5.66387
28,2,33 191.662 1.11498 14.8885 1.44083 5.29511
28,2,34 196.577 1.16062 13.9217 0.914592 10.2049
28,2,35 192.331 1.62502 13.369 0.997188 16.4202
28,3,0 218.939 0.356769 15 0.00929843 25.6661
28,3,1 217.021 1.53919 12.6842 0.919284 30.0884
28,3,2 215.923 0.430765 15 0.0124176 25.6246
28,3,4 210.184 0.415409 15 0.0187012 27.2718
28,3,5 195.014 0.836848 15 0.244552 16.4808
28,3,6 198.322 0.404177 15 0.0261805 31.0613
28,3,7 200.935 0.715231 15 0.157294 20.1174
28,3,8 211.24 0.400221 15 0.0400598 29.7639
28,3,9 188.767 0.742778 15 0.176593 41.7824
28,3,10 213.348 0.427074 15 0.042877 28.1072
28,3,11 213.094 1.21216 14.686 0.703006 23.964
28,3,13 213.678 1.09664 15 0.279785 21.9552
28,3,15 198.614 0.906937 15 0.168299 17.4134
28,3,16 200.363 0.754247 13.9939 0.50949 27.3612
28,3,17 202.55 1.10509 15 0.40432 11.8364
28,3,18 206.823 0.66698 15 0.106387 22.4929
28,3,19 186.84 1.2163 7.55001 1.2412 12.8634
28,3,20 194.166 0.723353 15 0.143254 20.8586
28,3,21 194.412 0.90296 7.56083 0.973415 19.3552
28,3,22 200.517 0.942477 11.5654 0.798542 49.5853
28,3,23 192.263 1.65271 15 0.280242 14.0022
28,3,24 218.783 0.744012 15 0.5593 28.2065
28,3,26 218.937 1.21156 12.1615 0.812637 32.1165
28,3,27 216.133 1.73808 15 0.606431 17.3268
28,3,28 208.312 1.07278 15 0.181998 18.3811
28,3,29 196.043 1.54118 13.1138 1.15957 8.786
28,3,30 197.697 1.06008 15 0.314473 12.059
28,3,32 186.875 1.09131 15 0.320607 11.2489
28,3,33 226.687 4.61332 14.0565 2.09043 15.9137
28,3,34 212.841 1.39903 15 0.393392 19.2796
28,3,35 216.657 2.26375 5.93769 4.10244 19.8917
28,4,0 175.195 0.599647 15 0.271963 29.6565
28,4,1 173.407 0.870115 13.5952 0.554798 17.2505
28,4,2 179.779 0.577639 15 0.392341 19.1097
28,4,3 172.699 0.915536 13.8033 0.528255 20.9489
28,4,4 175.212 0.243313 15 0.00937859 24.4928
28,4,5 157.136 0.510871 15 1.09833 48.3789
28,4,6 179.397 0.289729 15 0.00722817 43.7782
28,4,7 162.683 0.937119 13.7017 0.668301 20.4962
28,4,8 171.649 0.300196 15 0.00732787 52.3037
28,4,9 172.182 0.8568 10.6196 0.650998 30.1618
28,4,10 161.595 0.310547 15 0.0100877 59.2678
28,4,11 156.072 0.46864 7.8443 0.512997 25.5242
28,4,12 173.879 0.272645 15 0.0147097 46.3502
28,4,13 156.109 1.01397 13.6739 0.578985 19.79
28,4,14 164.04 0.307822 15 0.0109923 37.8149
28,4,18 173.397 0.302076 15 0.0259756 27.5464
28,4,19 155.021 1.69691 8.6352 1.15098 22.2515
28,4,20 180.656 0.322006 15 0.0383717 48.0344
28,4,21 154.763 0.736819 7.14611 0.733803 23.8161
28,4,22 156.917 0.519929 6.14905 0.55741 25.5706
28,4,24 161.933 1.04221 11.3152 0.518855 22.9065
28,4,25 173.746 1.79214 12.1821 1.06108 24.3506
28,4,26 184.911 1.40372 14.0045 0.896225 13.9526
28,4,27 181.549 1.52806 14.6129 1.08352 27.126
28,4,28 184.27 2.0836 13.9278 1.3229 20.2312
28,4,29 181.164 1.61771 13.7852 1.05998 13.4027
28,4,30 177.64 1.4281 9.53185 1.36302 20.5552
28,4,31 171.371 1.40087 14.3344 0.717227 13.555
28,4,33 166.906 1.29816 8.37548 1.09282 18.4667
28,4,34 172.313 1.88227 14.2399 1.11014 17.7521
28,4,35 171.78 1.29288 10.3706 1.12829 16.4831
28,5,0 179.462 0.350872 15 0.0342219 29.1253
28,5,1 184.231 0.479951 15 0.0303417 23.0792
28,5,2 191.011 0.436762 15 0.0751682 26.4364
28,5,3 188.948 0.524434 15 0.0429896 23.9468
28,5,4 192.009 0.756459 13.4495 0.46848 30.0269
28,5,5 185.871 0.773095 14.8376 0.489335 18.5762
28,5,6 195.956 0.785853 13.7629 0.533226 24.8645
28,5,7 181.7 0.706804 15 0.247147 20.6618
28,5,8 195.445 1.18422 14.2527 0.731073 18.6146
28,5,9 188.866 0.973571 14.203 0.71805 13.0026
28,5,10 203.096 1.06296 11.3812 0.761249 14.1741
28,5,11 196.395 0.772363 15 0.765395 12.9661
28,5,12 200.671 0.692635 15 0.211293 23.2603
28,5,13 187.184 0.676657 15 0.257918 20.0464
28,5,14 190.131 0.679699 15 0.080975 18.4361
28,5,15 184.381 0.595152 15 0.0788134 19.7175
28,5,16 193.455 0.552505 15 0.0615916 32.238
28,5,17 199.655 0.703629 13.7972 0.49057 34.02
28,5,18 205.79 0.431879 15 0.0676069 26.4058
28,5,19 194.41 0.420869 15 0.0519628 25.7618
28,5,20 199.306 0.388899 15 0.024907 46.0727
28,5,21 220.015 0.827294 15 0.94272 19.155
28,5,22 203.668 0.819775 15 0.212853 12.0382
28,5,23 195.187 0.954096 13.5371 0.593251 16.3713
28,5,24 197.417 0.803994 13.5924 0.592366 15.2112
28,5,25 218.25 0.783949 13.4307 0.481082 18
28,5,26 200.005 0.721248 13.9318 0.409046 19.3123
28,5,27 214.227 0.730298 13.5646 0.445807 40.6844
28,5,28 206.449 0.613366 14.8999 0.409562 26.1995
29,0,0 244.064 1.93784 15 0.597454 3.94117
29,0,1 235.248 1.32032 8.05076 1.3736 7.63281
29,0,2 228.714 2.25611 12.3531 1.38824 7.54033
29,0,3 226.248 0.160025 1.01254 0.0605028 23.5472
29,0,4 214.266 1.68775 15 0.418845 8.5726
29,0,5 218.462 1.12892 15 0.390175 7.42673
29,0,6 236.048 1.79473 13.1819 1.24194 5.08241
29,0,7 221.331 1.60261 14.3134 1.22992 9.46292
29,0,8 231.358 1.64192 11.7456 1.12539 10.4428
29,0,9 241.598 1.176 15 2.31614 9.45271
29,0,10 206.879 1.57189 1.07967 2.39399 22.0868
29,0,11 225.066 1.43416 14.1619 1.13535 10.7542
29,0,13 228.561 0.929974 15 0.309412 10.8118
29,0,14 221.676 0.897796 15 0.255376 10.4917
29,0,15 234.017 1.34767 13.5149 0.837676 16.0338
29,0,16 233.423 0.569887 15 0.10984 15.1813
29,0,17 237.602 1.17838 14.2214 0.699916 14.5679
29,0,18 240.985 0.53396 15 0.0696232 23.0482
29,0,19 219.335 0.84197 15 0.233618 13.1496
29,0,20 238.444 0.480042 15 0.041409 21.6145
29,0,21 239.591 0.842135 15 0.181172 12.3247
29,0,22 247.272 0.481886 15 0.0482131 25.4279
29,0,23 244.555 0.730938 15 0.469585 22.6164
29,0,24 236.752 0.481272 15 0.0284864 32.0346
29,0,25 231.342 0.890032 15 0.121249 16.9906
29,0,26 235.839 0.437444 15 0.0515812 23.7922
29,0,27 239.344 0.734547 15 0.55128 11.1469
29,0,28 237.084 0.414234 15 0.0284959 22.3714
29,0,29 243.553 0.726973 15 1.82107 19.2312
29,0,31 234.076 0.313157 1.07324 0.139485 52.5548
29,0,32 231.03 0.351869 8.95609 0.437195 80.6716
29,0,33 228.721 0.778645 9.18194 0.735406 37.582
29,0,34 250.727 1.04903 14.9103 0.916651 16.51
29,1,0 213.946 0.638247 15 0.714569 14.2984
29,1,4 226.631 0.727379 15 0.156526 19.2082
29,1,5 222.772 0.333202 15 0.0207251 43.6119
29,1,6 220.044 0.744327 15 0.107897 19.7886
29,1,7 205.672 0.304483 15 0.0265261 37.6542
29,1,8 210.63 0.830847 15 0.134617 11.2029
29,1,9 228.802 0.541619 15 0.0308793 23.988
29,1,11 235.31 0.423018 15 0.0716839 20.6864
29,1,12 210.151 0.841963 15 1.58287 15.1209
29,1,14 202.546 1.53203 14.7167 1.05296 13.3944
29,1,16 220.772 1.00287 15 0.189865 16.9317
29,1,17 221.55 0.491367 15 0.0562433 23.0748
29,1,18 200.976 1.00751 15 0.186546 13.0482
29,1,19 217.018 0.474412 15 0.170616 32.0001
29,1,20 206.627 1.03558 15 0.226666 7.68718
29,1,22 200.558 1.08341 15 0.240306 10.8382
29,1,23 224.062 0.812995 14.6384 0.562366 34.3427
29,1,24 197.631 1.76899 14.8409 2.22321 12.2097
29,1,25 232.303 0.699802 15 0.107841 30.8605
29,1,26 208.477 1.17262 15 0.67112 13.6114
29,1,27 201.516 0.695489 15 0.131316 24.6589
29,1,28 216.148 1.25706 15 0.371744 18.9036
29,1,29 210.488 0.757233 15 0.211432 16.5839
29,1,30 220.51 1.26434 15 0.442371 23.2953
29,1,31 221.155 0.790607 15 0.669416 24.7863
29,1,32 192.14 1.15252 7.17872 1.29136 8.9128
29,1,33 216.117 1.97169 11.3084 1.94867 14.4992
29,1,34 219.662 2.44316 13.6062 2.35983 16.9921
29,2,0 211.322 0.470128 15 0.0292386 13.7143
29,2,1 201.848 0.423455 15 0.0163814 21.3008
29,2,2 207.033 0.505727 15 0.0295768 22.9899
29,2,3 227.839 0.597133 15 0.0236237 24.6194
29,2,4 219.318 0.540121 15 0.0253865 24.9323
29,2,6 216.972 0.486604 15 0.020382 23.7857
29,2,7 222.288 0.452331 15 0.0195585 37.4708
29,2,8 221.478 0.467592 15 0.0176063 38.914
29,2,9 224.824 0.0750827 1.007 9.7794 88.5705
29,2,10 209.555 0.443346 15 0.0134819 30.5805
29,2,11 200.131 0.423461 15 0.0163169 24.0455
29,2,12 210.166 0.465463 15 0.0141805 29.1417
29,2,14 213.139 0.444956 15 0.0143155 31.2375
29,2,16 227.899 0.411468 15 0.0124233 27.1155
29,2,17 220.26 0.312961 15 0.00941476 26.0461
29,2,18 196.332 0.432865 15 0.0122669 49.7817
29,2,19 197.617 0.396001 15 0.00744076 64.2441
29,2,20 215.167 0.474597 15 0.0162726 24.7664
29,2,21 219.068 0.484248 15 0.0141484 25.0086
29,2,22 208.383 0.509185 15 0.0116969 28.5575
29,2,24 208.087 0.469585 15 0.0145064 26.0954
29,2,25 194.133 0.453837 15 0.0142098 21.5014
29,2,27 208.383 0.562046 15 0.0247539 20.5749
29,2,31 225.416 0.692655 15 0.0746066 20.3078
29,2,32 223.205 0.687083 15 0.129236 12.0234
29,2,33 211.179 0.789583 15 0.14222 12.1689
29,2,34 204.05 0.849652 9.11903 0.933548 48.0735
29,2,35 227.141 0.857307 15 0.904687 20.5614
29,3,0 197.646 0.336952 15 0.0311153 24.3621
29,3,1 206.414 0.824041 15 0.420319 14.8615
29,3,3 206.765 1.14992 13.8835 0.698132 16.2237
29,3,4 193.782 0.403593 15 0.0491281 25.2014
29,3,5 186.736 1.05903 14.6275 0.733146 10.6118
29,3,6 178.672 0.459699 15 0.131977 22.1596
29,3,8 181.274 0.438552 15 0.0639674 43.9576
29,3,9 202.465 0.82525 15 0.539444 13.7489
29,3,10 189.947 0.44656 15 0.0508508 33.6739
29,3,11 190.048 0.952073 15 0.315776 16.4268
29,3,12 190.45 0.480333 15 0.056734 31.2639
29,3,14 183.263 0.426117 15 0.165536 33.6654
29,3,15 196.361 1.32811 13.2818 1.29037 9.93828
29,3,16 199.213 0.632747 12.8936 0.372327 30.2156
29,3,17 184.099 1.32644 10.3442 0.882161 31.4995
29,3,18 193.835 0.540768 15 0.144667 22.35
29,3,20 174.392 0.650083 10.2436 0.62741 21.6005
29,3,21 214.17 0.96743 15 2.31117 15.0422
29,3,22 201.925 1.13158 12.9815 0.624022 22.9346
29,3,24 199.12 1.21806 12.0406 0.738802 18.5876
29,3,26 197.353 0.916823 15 0.267267 22.6342
29,3,27 213.117 2.01254 10.8228 1.90469 15.5565
29,3,28 186.121 1.37892 13.8323 0.803207 17.7304
29,3,29 214.192 1.59167 11.8835 1.35101 13.471
29,3,31 202.28 2.32061 14.3379 1.89691 12.4778
29,3,32 192.212 1.44884 6.53538 1.4186 24.616
29,3,33 205.177 2.71588 14.2072 1.42677 12.6682
29,3,34 184.08 1.1302 8.62131 0.899819 13.6243
29,3,35 183.167 1.65448 15 1.81755 11.002
29,4,0 226.825 0.927495 15 0.313152 23.4849
29,4,2 215.945 0.945326 15 0.242671 25.3531
29,4,3 210.087 1.0342 15 0.178285 20.424
29,4,4 222.871 0.569367 15 0.00948772 81.6022
29,4,5 221.59 1.71793 11.3295 1.41793 18.3007
29,4,6 228.752 0.445054 15 0.0317579 42.6641
29,4,7 203.814 0.975433 15 0.347743 22.1027
29,4,10 219.619 0.429113 15 0.055499 39.795
29,4,11 204.086 1.10122 15 0.220294 21.6897
29,4,12 212.794 0.406811 7.42728 0.448046 71.751
29,4,13 204.654 2.57387 7.93263 2.03272 34.5268
29,4,14 212.558 0.534813 15 0.0447848 29.0175
29,4,15 217.768 1.06076 15 0.189388 19.4749
29,4,18 222.437 0.581645 15 0.0529166 38.4886
29,4,19 230.793 1.52567 14.8909 2.24963 23.8131
29,4,21 227.042 2.13359 9.86565 1.5339 28.0663
29,4,22 215.196 1.148 15 1.189 13.9746
29,4,23 213.354 1.2144 15 1.58183 13.4848
29,4,24 227.26 1.48488 15 0.283706 22.1089
29,4,25 227.147 1.32723 15 0.927939 16.1332
29,4,26 222.923 1.55937 15 0.38739 17.821
29,4,27 219.571 1.72562 15 0.371969 15.5412
29,4,28 221.963 1.73049 15 1.28687 18.3063
29,4,29 249.061 1.84705 15 0.7765 20.5387
29,4,31 243.717 1.60987 13.8293 1.28046 25.6174
29,4,32 227.425 5.65905 15 0.792238 20.5306
29,4,34 231.761 2.54898 14.1475 2.53724 12.911
29,4,35 243.463 1.30979 15 1.00339 13.6028
29,5,0 206.669 0.910802 14.3814 0.55782 18.3437
29,5,1 217.977 0.913621 14.5603 0.817607 18.796
29,5,2 203.392 1.4159 14.9923 13.9786 13.4851
29,5,3 220.308 1.03274 14.1665 0.617373 14.5439
29,5,4 200.76 1.29003 14.2247 0.905368 10.9192
29,5,5 211.863 1.14572 13.5029 0.790096 12.2555
29,5,6 211.083 1.04814 15 0.146693 13.787
29,5,7 207.013 1.038 15 0.236966 8.37845
29,5,8 209.376 1.04792 15 0.376746 9.81796
29,5,9 229.12 0.935783 15 0.644461 13.5401
29,5,10 202.634 1.0141 15 0.284162 11.5598
29,5,11 217.249 1.35072 14.8849 1.76592 12.7621
29,5,13 217.129 0.78782 15 0.252215 12.6335
29,5,14 214.412 0.717673 15 9.81031 12.4487
29,5,15 200.096 0.66068 15 0.224462 17.0141
29,5,16 207.377 0.660103 15 0.117601 13.7445
29,5,17 221.789 0.61473 15 0.469569 18.84
29,5,18 204.111 0.596374 15 0.0852726 12.1651
29,5,19 211.435 0.677451 9.10632 0.575691 82.7319
29,5,20 198.082 0.484383 15 0.0491055 21.6973
29,5,21 215.177 0.94135 15 0.259374 9.88574
29,5,22 204.641 1.20942 13.9359 0.88616 16.9483
29,5,23 219.989 0.83361 15 0.991538 13.2989
29,5,24 225.284 0.815386 15 0.287325 13.809
29,5,25 225.922 1.08829 14.6774 0.660313 15.4501
29,5,26 224.917 0.726886 15 0.153221 14.7174
29,5,27 223.899 0.756438 15 0.0793386 26.986
29,5,28 208.688 0.624946 15 0.144014 11.4689
