channel/I:Ath/D:AthErr/D:sigma/D:sigmaErr/D:chi2ndf/D
0,0,0 224.245 2.89126 14.1534 1.2788 2.56878
0,0,1 189.364 1.3588 11.0069 1.09939 4.14824
0,0,2 161.648 1.47461 7.37479 1.45322 32.2233
0,0,3 184.54 3.89943 12.429 1.35948 3.7984
0,0,4 207.749 2.36794 12.5634 1.03554 2.15102
0,0,5 191.829 2.16518 8.65775 2.27266 6.38977
0,0,7 197.626 1.12053 15 0.283206 2.63623
0,0,8 175.546 2.23893 13.8395 1.05082 2.00228
0,0,9 183.278 2.31909 15 0.358916 2.93134
0,0,10 187.24 2.42051 12.5044 1.10253 2.54714
0,0,11 186.132 2.19179 15 0.854034 1.13917
0,0,12 197.643 1.69067 12.0145 1.03308 3.18387
0,0,13 176.137 6.26264 1.85392 12.7865 22.3371
0,0,14 182.992 1.66205 12.1384 0.786687 2.16726
0,0,15 186.245 1.13705 8.59037 0.804818 4.45767
0,0,17 346.233 0.29913 1.00263 11.8019 74.9048
0,0,19 195.928 3.61423 12.277 1.5338 3.97678
0,0,20 188.518 2.95539 8.74379 2.17917 8.18542
0,0,25 187.995 1.64674 8.91224 0.97598 3.78797
0,0,27 191.562 2.47604 11.0911 1.35777 3.73456
0,0,28 178.4 2.98636 14.9999 0.360842 7.86675
0,0,29 178.551 1.56984 10.7838 1.06633 2.57238
0,0,30 182.887 2.17441 8.84739 2.22586 9.06434
0,0,31 178.935 1.9047 10.5213 1.24823 3.1777
0,0,32 176.015 1.08033 5.24721 1.34512 8.27174
0,0,33 169.097 1.68269 8.98013 1.20065 4.67199
0,0,34 185.835 0.27758 1.00101 12.9605 4.03626
0,0,35 180.985 2.67397 12.0942 1.99202 3.76347
0,1,0 177.957 4.16744 15 8.76014 4.17205
0,1,1 189.754 0.739704 6.36544 1.14363 11.15
0,1,2 188.631 1.39211 6.60078 1.07976 5.05483
0,1,3 186.09 4.75883 2.02431 10.7426 11.2318
0,1,4 179.989 1.22157 6.84808 1.46239 5.59223
0,1,5 174.008 1.97098 8.02946 1.40976 6.87883
0,1,6 178.696 0.886472 6.6079 1.02757 7.06417
0,1,8 190.821 1.33612 6.0879 0.962992 5.61063
0,1,9 209.706 2.40313 15 0.564499 16.358
0,1,12 178.718 1.06848 6.5497 0.965755 5.40772
0,1,13 180.404 1.58161 15 2.21092 9.84166
0,1,14 190.52 1.0432 8.39283 0.807891 5.26101
0,1,15 175.345 3.17532 1.08863 12.7701 8.71583
0,1,16 194.67 1.14103 7.44896 0.80352 6.17881
0,1,17 193.281 5.27513 15 2.6193 9.05064
0,1,18 182.773 1.31885 8.73648 1.25855 4.2064
0,1,20 186.594 1.12373 6.7202 0.830298 5.50859
0,1,22 200.075 0.851961 6.20366 0.905705 8.88942
0,1,24 202.548 1.03424 8.83951 0.841954 9.72697
0,1,25 318.558 0.973368 1.94084 0.851961 52.4706
0,1,26 186.603 1.08058 8.67523 0.775656 4.57712
0,1,27 185.91 0.782916 1.0701 3.13779 10.471
0,1,28 199.665 1.41516 8.86625 0.887286 6.78156
0,1,30 188.874 1.02684 6.92862 1.46007 5.68481
0,1,32 188.303 0.97087 6.25903 0.890176 6.13016
0,1,33 180.791 1.7405 7.19485 1.36091 3.93224
0,1,35 173.208 4.10347 12.0813 1.92933 4.27866
0,2,0 160.053 3.68434 9.81174 3.28431 13.3554
0,2,1 162.659 0.951838 6.04856 0.702531 12.7018
0,2,3 185.276 2.60383 15 10.145 7.44527
0,2,4 169.763 1.83733 5.61651 1.06459 8.38127
0,2,5 177.957 2.83551 15 0.556373 9.97433
0,2,6 184.471 1.43304 6.79333 1.14874 13.3408
0,2,7 178.964 1.7988 5.8528 1.23335 13.459
0,2,8 175.78 5.75663 1.36468 11.9646 18.8718
0,2,9 165.389 2.27831 1.91802 12.897 31.4487
0,2,10 170.245 26.0908 1.00095 8.81508 37.5716
0,2,11 173.976 5.4344 1.24097 13.796 24.8802
0,2,12 192.403 0.630937 15 0.0404454 64.4475
0,2,13 180.292 1.03671 9.50118 1.17607 21.5905
0,2,14 160.762 10.3187 1.00044 8.63568 16.0318
0,2,15 165.774 5.17736 1.91234 13.5406 7.57592
0,2,16 185.887 0.305502 1.00227 11.5828 8.08562
0,2,17 187.142 2.99522 15 3.09249 10.8526
0,2,18 200.428 1.49819 15 0.312751 19.1213
0,2,19 173.913 2.04421 11.2526 1.84574 11.2786
0,2,20 178.475 1.49598 8.58015 1.33509 13.5943
0,2,21 185.887 3.49713 15 11.5678 13.8441
0,2,22 175.339 1.37863 8.57313 0.952688 10.4826
0,2,24 152.635 3.07236 6.62292 2.55206 8.25797
0,2,25 177.177 2.11081 8.37544 1.34502 8.72707
0,2,26 161.157 2.25215 7.35633 1.61422 9.61022
0,2,27 174.661 1.56221 4.51442 1.4063 8.68009
0,2,30 182.339 1.89245 5.5004 1.33749 8.06794
0,2,32 173.647 4.10655 12.7674 2.10907 5.39532
0,2,33 183.272 1.6972 7.831 1.4398 7.95309
0,2,34 170.514 1.71602 5.2442 1.57474 4.64249
0,2,35 183.559 1.6672 6.24823 1.31852 5.55553
0,3,4 222.454 1.94254 15 0.378629 11.3322
0,3,6 192.509 4.46875 14.4873 2.25863 12.1545
0,3,8 190.347 3.05022 5.12392 1.60001 16.0766
0,3,9 316.938 0.761963 1.61345 0.756152 39.5333
0,3,10 185.821 7.83152 1.98444 10.7738 11.1898
0,3,11 317.372 0.750709 1.71264 0.650315 43.5
0,3,13 209.367 2.38053 15 0.394784 5.63403
0,3,14 198.505 3.14537 6.46026 2.35936 19.1579
0,3,15 219.356 3.33892 15 1.05329 15.319
0,3,17 204.716 6.96301 14.9885 7.86223 4.98161
0,3,18 203.454 2.38726 6.8469 1.57955 13.1489
0,3,20 211.323 2.14504 6.75245 1.54685 17.1645
0,3,25 317.88 1.17169 1.72333 0.873237 22.3333
0,3,26 196.378 3.35293 1.56477 10.8495 15.3556
0,3,29 202.498 4.94656 15 2.43013 11.5959
0,3,30 186.382 1.40692 2.16661 2.03648 5.53191
0,3,31 318.043 1.07812 1.74229 0.777682 26.7333
0,3,32 211.725 4.74443 15 2.85361 9.89685
0,4,1 205.372 1.37286 5.80665 1.14658 12.7053
0,4,2 220.031 1.8099 8.65677 2.46884 24.0467
0,4,4 180.142 218.725 1.00001 7.70813 16.5414
0,4,6 210.5 2.86304 15 1.97911 20.5076
0,4,7 206.788 2.30894 15 1.06836 14.0676
0,4,8 194.963 4.71029 1.54131 9.17632 21.107
0,4,9 184.767 1.23428 5.28136 1.13433 20.0086
0,4,10 180.161 38.5447 1.04559 9.43491 20.7708
0,4,11 213.144 2.66482 12.9635 2.01661 18.5321
0,4,12 195.604 4.24207 1.63505 13.4346 26.4118
0,4,13 194.642 1.68235 6.65875 1.74749 16.5088
0,4,15 195.414 4.33214 14.6508 10.0042 14.0368
0,4,18 196.302 3.76682 12.9235 2.92696 14.4521
0,4,19 212.544 3.85552 13.0148 3.25322 24.6003
0,4,20 243.546 0.340426 1.78989 0.415082 32.1715
0,4,21 195.983 1.53103 1.01839 13.9885 14.0682
0,4,23 195.487 2.95464 15 2.77621 28.1455
0,4,27 217.25 4.21645 12.1332 1.99266 15.5597
0,4,28 189.217 4.43097 4.10764 3.05817 8.57645
0,4,30 319.912 24.7043 2.99057 1.77917 30.4667
0,4,32 319.704 0.383534 1.53413 0.127625 22
0,4,33 219.277 1.62224 6.60008 3.02708 14.4797
0,4,34 209.871 2.06961 7.13834 2.39657 14.5542
0,4,35 220.33 3.10452 4.49809 1.9574 30.8083
0,5,0 156.125 4.25996 14.6959 10.4193 29.0274
0,5,1 166.36 1.72518 1.58824 1.84606 13.2471
0,5,5 162.849 1.47368 6.71691 0.934993 10.9385
0,5,7 146.299 1.3119 6.36929 1.60836 8.38596
0,5,8 152.132 0.92583 4.61038 0.515144 8.89083
0,5,9 178.418 4.17252 13.3964 1.36221 22.7492
0,5,10 182.318 3.97492 13.6463 1.06105 7.41056
0,5,11 172.598 2.22286 8.15109 1.59067 4.85079
0,5,12 176.203 3.66358 10.9524 1.40418 5.55645
0,5,13 156.802 0.904361 6.24539 0.71091 6.65355
0,5,14 155.347 1.02434 6.28759 0.922929 5.99627
0,5,16 154.464 0.890007 6.31032 0.69289 6.83913
0,5,17 159.753 2.09399 11.8521 1.05458 7.27358
0,5,19 185.871 1.31444 8.59008 0.992051 13.5747
0,5,20 167.189 2.90875 12.545 1.44241 9.6295
0,5,21 183.153 1.16812 5.60268 0.955996 3.56463
0,5,24 169.443 1.35697 8.86901 1.34925 4.99234
0,5,25 156.002 1.96455 8.11168 1.56979 6.89698
0,5,26 182.535 1.26322 6.79257 1.10897 11.2694
0,5,27 175.209 0.875508 5.68569 0.826113 9.05808
0,5,28 168.278 4.55105 5.38988 1.99168 8.02718
0,5,29 184.39 1.49706 7.07848 1.19994 9.31412
1,0,0 230.89 5.16838 15 2.82978 4.23807
1,0,1 318.276 67.4405 1.57798 0.356553 21.9167
1,0,2 152.244 93.6559 14.9891 11.7785 3.53439
1,0,3 183.701 25.5622 2.53256 8.29148 4.09112
1,0,5 318.34 6.82555 1.72505 0.539771 34.1818
1,0,10 210.896 9.64039 15 2.00706 6.58108
1,0,15 196.542 7.0514 15 8.65284 5.44628
1,0,16 184.862 1.82543 4.43926 2.50356 8.75833
1,0,17 317.397 0.939101 1.69778 0.643967 44.1333
1,0,18 215.284 3.95286 12.8686 2.50828 11.7321
1,0,19 186.751 7.69266 15 2.33868 6.16308
1,0,20 200.431 2.04727 6.64098 1.39922 11.9913
1,0,21 195.84 5.3405 2.02121 12.4402 6.8218
1,0,22 194.258 1.80914 5.61983 1.44674 8.85926
1,0,23 317.505 0.750041 1.72335 0.630662 52.2667
1,0,24 199.795 2.05637 15 0.465166 11.0239
1,0,25 189.521 10.2239 15 10.3279 11.7333
1,0,27 264.596 2.56542 1.0012 8.62928 31.8817
1,0,28 212.919 0.987256 15 0.154277 15.37
1,0,30 186.093 1.88905 15 0.796628 19.9709
1,0,31 194.981 0.402872 1.00107 12.0145 9.15153
1,0,32 216.832 0.807795 15 0.0996215 21.065
1,0,33 185.596 3.31102 2.15789 12.411 9.41174
1,0,35 181.593 4.932 5.44012 2.23981 7.74698
1,1,0 317.922 2.4053 2.60415 1.32316 39.875
1,1,1 216.308 3.96409 1.19846 11.7593 17.9592
1,1,2 317.509 2.02054 2.04238 0.913344 47.4615
1,1,3 229.927 1.28116 15 0.798251 16.9219
1,1,4 318.232 17.4549 2.32905 0.6734 53.5
1,1,7 216.351 2.12155 1.21332 8.12092 18.3377
1,1,8 317.472 0.843673 1.64595 0.78 42.5625
1,1,9 206.883 5.52274 1.70826 11.8733 19.7454
1,1,10 206.108 3.25278 1.10429 13.297 9.65165
1,1,13 206.439 14.2723 1.44534 7.80158 11.0271
1,1,14 196.279 4.16086 1.16949 13.5868 5.42121
1,1,15 206.321 7.17118 1.83093 13.4327 11.9842
1,1,16 317.966 17.1432 1.73632 0.404705 39.9231
1,1,18 318.599 1.95631 2.09631 1.00552 35.6429
1,1,20 317.714 0.825763 1.58323 0.700397 33.4286
1,1,22 219.683 5.74631 15 0.834805 6.81547
1,1,25 227.177 1.63308 15 9.55258 10.4067
1,1,26 319.882 212.673 3.20936 0.891297 35.9999
1,1,27 227.342 2.60336 12.5598 1.59245 11.0312
1,1,30 318.158 288.105 1.85095 0.330917 23.7857
1,1,32 318.098 287.727 1.73833 0.397595 23.3333
1,1,35 318.271 232.114 1.89667 0.351613 30.6429
1,2,0 203.718 0.782742 15 0.403453 9.43756
1,2,1 172.595 2.31334 7.84421 1.75955 10.0312
1,2,3 187.986 3.67727 15 8.77323 8.87337
1,2,5 200.053 2.71392 8.87647 2.65604 10.1247
1,2,6 191.356 2.15571 15 2.08785 7.45134
1,2,7 189.425 2.44034 15 0.354942 7.75869
1,2,8 177.944 2.04313 14.6729 1.10533 28.5465
1,2,9 190.355 32.0283 1.00016 13.0572 19.6217
1,2,11 194.86 1.47279 15 0.495386 17.5063
1,2,12 196.766 1.40296 15 1.03537 20.8827
1,2,13 202.139 1.26836 15 0.152606 24.1275
1,2,15 199.649 2.22599 10.4054 1.41896 8.08386
1,2,16 209.907 2.7861 10.8379 1.78854 20.2354
1,2,17 187.511 2.32473 11.1825 2.57019 11.0708
1,2,18 196.687 1.78914 15 2.24468 16.1767
1,2,19 189.838 2.14022 12.4414 1.14226 10.7124
1,2,20 174.178 2.04863 13.7481 1.0964 16.5509
1,2,22 181.22 1.10442 14.9964 9.05743 12.8423
1,2,23 177.37 2.18995 10.5985 1.49256 12.7843
1,2,24 184.131 3.3224 15 9.60797 20.3583
1,2,25 201.277 1.73172 15 12.1615 28.6114
1,2,26 204.798 1.7344 15 0.699481 20.9348
1,2,27 203.008 4.52104 15 1.64773 18.5633
1,2,28 187.808 2.07667 13.5844 1.18606 12.8616
1,2,29 198.625 1.85709 15 0.222469 9.59919
1,2,30 190.745 4.78229 7.68301 2.48518 7.17717
1,2,32 177.161 19.2261 15 9.04054 12.0381
1,2,33 193.029 2.51644 15 1.53616 4.47595
1,2,34 180.571 7.77665 10.2724 3.07481 4.01829
1,2,35 204.928 3.27304 8.89872 3.08561 3.971
1,3,0 204.867 3.81849 2.06811 12.9596 19.4515
1,3,2 201.195 2.99572 8.28797 2.90478 13.4942
1,3,3 203.704 2.03365 4.88327 1.35666 7.70183
1,3,4 233.734 1.01228 15 0.542496 21.2452
1,3,6 206.068 1.85646 13.5772 1.70868 14.9179
1,3,8 215.724 1.31726 6.70539 1.39395 9.44378
1,3,10 198.827 3.58207 15 10.039 19.9228
1,3,12 229.001 1.19921 15 0.799271 18.7494
1,3,13 222.508 5.97151 7.23764 3.68252 10.9897
1,3,18 203.467 2.63494 12.247 2.39843 19.986
1,3,20 213.966 4.06119 14.3868 2.32634 12.5581
1,3,22 223.839 1.3363 5.67042 1.18104 11.8456
1,3,29 236.066 4.45903 15 2.73979 11.201
1,3,30 224.762 2.02346 5.75404 1.54963 8.47783
1,3,34 207.274 6.97325 1.6882 12.0924 7.17128
1,4,2 186.366 4.15126 1.01155 9.48261 8.9126
1,4,4 182.348 1.13119 5.04444 0.661532 18.3989
1,4,5 167.326 1.439 5.59832 3.02555 7.58167
1,4,7 186.66 13.7759 1.7441 8.86907 10.7385
1,4,8 165.281 1.64469 7.3906 1.53551 23.5641
1,4,9 165.595 2.82338 2.07543 1.55808 5.58044
1,4,11 164.654 3.6422 1.39002 7.02421 7.61425
1,4,12 185.229 3.1111 14.8152 10.7538 8.64472
1,4,13 174.073 0.0410902 12.7483 1.48487 7.67694
1,4,14 155.652 208.306 2.21165 7.37727 11.8336
1,4,16 203.153 2.47939 13.5563 1.01781 17.1295
1,4,18 206.481 2.68893 15 1.07287 14.0666
1,4,19 166.007 14.7275 1.36822 12.9377 8.31511
1,4,20 189.74 6.21102 15 1.38794 13.7885
1,4,21 315.789 0.640785 1.00206 9.18391 43.0667
1,4,22 197.079 3.23355 15 1.45486 11.4355
1,4,25 165.698 9.06821 1.05972 13.8589 4.46337
1,4,26 172.21 1.92419 5.20155 1.58364 6.54696
1,4,29 315.874 0.542603 1.0004 11.1418 20.3125
1,4,30 185.528 1.67261 1.21753 12.9246 10.3693
1,4,35 316.626 2.31039 1.02421 2.49636 32.4167
1,5,0 223.414 1.63622 15 0.435587 7.89173
1,5,3 195.958 3.23332 1.84207 9.35313 7.92652
1,5,4 196.429 6.50696 1.85693 13.5455 7.14768
1,5,5 186.174 9.39882 15 9.0442 3.789
1,5,7 317.4 0.807313 1.73582 0.714885 33.5714
1,5,8 317.119 1.58458 1.31881 0.481599 31.6154
1,5,9 316.969 0.475097 1.06525 0.759199 38.9375
1,5,10 317.189 2.01043 1.65272 0.856638 35.4167
1,5,11 215.658 5.59318 15 2.30582 6.95475
1,5,12 317.535 32.9506 1.43027 0.334245 37.9091
1,5,14 317.363 2.15745 1.72054 0.527066 50.4167
1,5,15 317.748 20.6384 1.95666 0.490572 50.9231
1,5,16 189.12 10.8438 15 11.6068 6.87605
1,5,18 204.81 3.97092 14.9999 0.000150843 9.57367
1,5,20 208.173 2.63262 15 9.39794 9.44497
1,5,22 190.933 24.8852 15 11.1225 6.68702
1,5,24 317.524 296.576 1.83704 0.30943 42.4615
1,5,26 193.681 2.71839 5.98203 2.33398 10.1883
1,5,27 317.739 7.90075 2.64578 1.17619 82.3636
1,5,28 179.214 23.2996 14.9999 12.5014 11.1243
1,5,29 216.449 2.91869 15 0.956186 5.11624
2,0,0 191.547 1.00868 15 0.0729184 2.36078
2,0,1 201.44 5.6728 15 1.17621 6.74383
2,0,3 209.126 3.23486 15 1.85015 5.72421
2,0,4 190.788 1.50729 15 11.9472 1.62193
2,0,5 195.9 2.72849 6.12929 2.02294 9.75327
2,0,6 376.861 1.09912 1.38976 0.787535 73.5455
2,0,8 358.601 1.36426 2.50221 1.31651 56.0556
2,0,9 186.162 1.74967 9.20587 1.04862 0.791167
2,0,10 187.931 2.33752 10.7116 1.08885 1.14576
2,0,11 188.528 3.05574 10.0365 1.4519 1.23859
2,0,12 195.253 5.3145 12.1308 1.44392 1.77209
2,0,13 194.508 2.26306 9.44802 0.994789 1.22647
2,0,14 179.66 1.66429 9.01463 1.52429 2.36502
2,0,15 186.918 2.25744 10.9735 1.38626 1.23156
2,0,16 184.875 0.700501 1.00125 13.3092 11.787
2,0,17 186.846 1.00275 7.16309 1.21797 2.13599
2,0,19 202.989 2.59215 15 0.802312 2.12383
2,0,21 185.318 3.26814 10.6084 1.21131 1.88188
2,0,22 160.514 221.23 1.00124 11.0667 20.5625
2,0,23 201.746 4.28395 13.6145 1.33431 2.34785
2,0,25 192.797 1.55527 9.41575 1.34875 2.75945
2,0,26 175.463 2.48559 1.06425 7.05175 18.6649
2,0,27 191.279 1.08635 7.5642 1.55361 3.80724
2,0,28 185.467 3.2228 1.71459 11.5246 16.3113
2,0,29 195.577 1.68082 8.69584 1.6883 4.60779
2,0,30 180.268 2.19549 14.6479 1.14787 17.8451
2,0,31 181.513 1.38054 7.97818 1.47903 3.1532
2,0,33 201.24 1.49462 7.78395 1.17992 5.37593
2,1,2 184.956 1.04633 5.28309 0.924976 4.96476
2,1,3 232.267 2.4398 15 0.241821 19.5421
2,1,4 203.402 1.17346 5.16364 0.849647 3.71614
2,1,5 217.738 1.97835 15 0.765311 14.2327
2,1,6 206.25 7.50493 1.92881 13.3396 5.41671
2,1,7 210.059 2.09515 4.70397 0.93497 19.2327
2,1,8 206.773 1.11636 7.08231 1.12857 7.77151
2,1,9 213.034 1.92166 5.47374 1.21124 17.4655
2,1,10 205.049 0.31579 1.47244 0.319472 6.47949
2,1,11 236.742 3.12006 15 0.250815 19.2853
2,1,14 215.584 1.41368 4.97302 1.36413 5.05142
2,1,16 327.372 2.0423 1.49307 0.63398 51.7333
2,1,17 219.449 3.49999 15 0.838567 10.2951
2,1,18 194.987 3.43207 8.3747 2.82188 5.20562
2,1,19 225.862 4.75252 1.4189 13.7146 13.3496
2,1,22 180.504 2.09834 8.36096 1.87921 3.88043
2,1,23 216.119 2.09853 14.8444 8.30063 9.80097
2,1,24 196.698 2.20414 8.55026 1.4475 2.74496
2,1,26 183.171 3.08748 11.4312 2.0471 2.65992
2,1,28 197.959 3.14877 9.33571 3.42056 3.41398
2,1,31 229.91 2.14241 15 1.03865 8.63062
2,1,32 198.267 3.01012 15 1.49208 2.2776
2,1,33 195.472 12.3783 5.99426 10.7751 7.07777
2,1,34 221.275 3.31478 14.0626 2.4105 4.99315
2,1,35 318.275 0.410043 1.18218 0.147954 28.375
2,2,0 137.937 0.727298 12.8536 0.469382 30.9883
2,2,1 149.111 0.70748 12.9324 0.469275 11.9095
2,2,2 132.924 0.576525 12.6456 0.389641 14.883
2,2,7 147.588 0.768702 13.0253 0.458861 13.5582
2,2,10 130.772 0.271718 15 0.0289189 33.7816
2,2,11 135.351 0.283352 15 0.122523 23.9253
2,2,12 150.31 0.440435 13.8667 0.32236 37.4163
2,2,13 143.644 0.435971 13.6389 0.290448 15.7487
2,2,14 134.468 0.444523 13.2816 0.286019 10.1703
2,2,15 135.67 0.979967 11.5402 0.515083 9.42072
2,2,17 146.318 1.06288 9.94912 0.670355 4.68124
2,2,23 140.777 1.59583 5.22491 0.69457 7.50265
2,2,29 135.38 0.69968 4.69607 0.602177 4.53567
2,2,30 153.137 1.45538 9.59609 1.01579 5.19642
2,2,31 134.543 1.13893 5.21314 0.908561 4.84814
2,2,32 151.659 1.1653 7.4194 1.00417 2.8054
2,2,33 157.457 1.73184 7.86755 0.93307 8.88117
2,2,35 143.149 1.86042 7.58801 1.4455 3.47728
2,3,0 159.472 1.0209 4.73921 0.643768 26.514
2,3,1 162.02 0.789182 5.26346 0.625399 11.9422
2,3,2 162.553 0.873051 14.9577 1.65309 28.5269
2,3,5 144.706 0.862722 6.9147 0.832243 19.3779
2,3,6 156.637 7.00278 1.82822 13.4122 19.7982
2,3,8 146.12 1.15223 1.53856 1.49347 24.2403
2,3,9 163.576 1.65442 12.3894 1.14512 9.63936
2,3,10 144.528 0.448338 5.65452 0.416667 23.0485
2,3,11 177.797 1.56138 8.04086 1.21684 10.1643
2,3,12 174.703 1.20543 13.8399 0.799101 23.2715
2,3,13 160.254 1.33891 7.75414 1.66758 9.12766
2,3,15 161.31 1.68636 15 1.1641 9.54458
2,3,17 146.178 0.41461 1.85387 0.467878 8.31115
2,3,18 153.645 1.79985 10.9695 1.68916 8.67078
2,3,19 147.849 3.17356 11.592 1.15654 7.15624
2,3,22 148.184 2.81256 1.57035 1.32997 17.6519
2,3,24 149.992 0.968094 4.52725 0.865513 9.76575
2,3,25 136.711 2.73095 1.22348 8.10456 9.23753
2,3,26 157.785 1.59252 15 9.00261 10.5114
2,3,28 157.599 3.55594 1.93358 2.41234 9.0065
2,3,29 145.735 0.796221 4.23958 0.963524 7.86155
2,3,31 137.174 8.00238 1.5854 10.3288 6.26392
2,3,33 171.922 1.43174 5.93082 1.19536 10.4645
2,3,34 172.324 1.38134 4.84393 0.750202 14.723
2,4,0 188.173 0.806993 7.38059 1.19788 11.8314
2,4,1 183.906 0.834947 5.78495 0.694618 11.8753
2,4,2 162.97 0.619792 4.53209 0.449113 18.1795
2,4,4 184.391 0.727244 15 0.167669 41.6562
2,4,5 146.156 1.17899 1.00199 7.12165 61.0083
2,4,6 189.277 0.69381 8.46547 0.635187 45.5998
2,4,7 154.637 0.510807 4.66886 0.481428 24.7459
2,4,8 179.037 0.630188 6.15849 0.913686 37.274
2,4,10 187.562 0.758223 8.33993 0.766919 33.1866
2,4,11 163.357 1.82269 4.73889 0.909566 18.7922
2,4,12 162.395 0.966036 6.67272 0.692763 36.5708
2,4,13 145.724 3.12759 1.81387 11.2367 26.7938
2,4,15 164.379 0.53451 5.12473 0.453156 23.2048
2,4,16 184.254 1.02499 6.82068 0.61874 43.7329
2,4,19 315.981 0.397337 1.05335 0.571628 121.696
2,4,21 157.109 1.74782 2.17945 1.73444 14.861
2,4,22 166.459 1.82666 1.2674 2.18363 16.7121
2,4,23 183.372 3.11848 14.3936 1.5827 14.3255
2,4,24 318.08 1.25086 2.57544 0.97387 80.8636
2,4,25 176.294 6.75528 1.45129 13.2833 7.75771
2,4,28 172.056 3.61369 14.5409 1.80209 11.8698
2,4,29 192.048 1.39086 5.94701 0.945361 11.5772
2,4,30 166.906 8.40722 1.74402 11.5457 23.2544
2,4,31 176.051 6.48079 1.99471 12.3324 6.93359
2,4,33 176.25 0.70573 1.56806 0.78694 5.78674
2,4,34 189.867 2.07096 4.62602 1.57974 8.18786
2,5,1 137.87 1.44162 12.4051 0.710409 25.798
2,5,2 119.803 0.887969 3.19959 0.585126 14.4531
2,5,5 117.636 8.82033 1.5808 9.79491 11.6442
2,5,9 126.142 5.48692 1.58962 12.5529 13.9695
2,5,10 137.158 2.73859 11.1428 0.938312 7.00931
2,5,11 133.311 1.44107 11.232 0.985805 9.28547
2,5,12 135.993 10.0816 1.26825 7.71142 13.352
2,5,13 138.743 1.22013 10.3788 0.8819 6.89315
2,5,15 136.114 4.48654 1.84321 10.6621 14.7938
2,5,16 123.602 0.54808 4.57335 0.39467 15.0917
2,5,18 125.935 0.473072 5.08495 0.500608 17.1487
2,5,19 124.455 0.728029 4.42807 0.468238 24.4362
2,5,20 116.443 2.56234 1.66299 2.87917 24.2401
2,5,22 125.791 1.8029 1.31369 10.9496 20.3247
2,5,25 143.324 0.685772 5.09056 0.551561 9.51143
2,5,28 145.559 0.810682 6.73432 0.793219 9.81026
2,5,29 131.453 82.5959 2.86932 7.59641 13.3706
3,0,0 165.069 1.68281 6.06437 1.32299 4.53821
3,0,1 318.104 2.18396 1.96727 0.916932 64.5909
3,0,2 156.519 1.43126 5.52291 1.20082 4.66424
3,0,3 171.178 1.90998 15 1.18305 6.51342
3,0,5 156.397 7.14697 1.83914 13.5512 5.81048
3,0,9 165.09 0.241812 1.00004 0.00142917 8.05488
3,0,12 318.336 2.88724 2.39819 1.20364 89.4444
3,0,13 146.504 9.49411 2.08823 13.4079 5.49638
3,0,14 159.218 1.57422 9.2772 1.75772 4.58559
3,0,15 155.531 3.09997 14.7286 1.13445 7.37777
3,0,16 159.401 1.07976 5.48989 0.920923 14.1915
3,0,17 156.579 1.18919 14.9997 0.000928214 7.6334
3,0,18 148.527 1.68274 4.97417 1.24107 13.019
3,0,19 163.117 1.16028 5.54301 0.722764 9.38894
3,0,20 154.259 0.971539 10.7325 0.865108 13.9739
3,0,22 175.448 0.738984 6.65704 0.601402 19.1899
3,0,24 165.288 0.192082 1.00041 13.289 19.8997
3,0,25 175.323 1.83257 12.6484 1.1833 11.5171
3,0,26 165.722 1.27358 1.43531 9.67511 24.5011
3,0,27 136.395 2.78647 1.13123 10.139 8.72197
3,0,28 152.652 0.775796 6.85169 0.472823 31.2109
3,0,30 169.31 0.802499 5.20153 0.541789 41.1371
3,0,35 145.75 1.97901 1.30874 11.7331 8.11543
3,1,0 155.195 2.17519 1.93085 8.14306 17.0596
3,1,1 164.094 0.577451 15 0.175534 45.154
3,1,3 165.391 1.35736 15 0.25759 45.4362
3,1,5 163.565 0.481812 15 0.0926523 65.251
3,1,6 145.489 9.96702 1.94493 7.50201 10.9062
3,1,7 161.581 0.857731 7.15953 0.508347 33.1092
3,1,9 170.306 1.91684 15 9.96952 30.1357
3,1,10 156.766 1.52403 1.36946 1.12909 12.4768
3,1,11 182.713 1.6899 12.8419 0.764103 29.2776
3,1,13 180.955 0.696477 15 1.97862 33.4166
3,1,14 146.147 5.25155 1.83169 11.4312 11.2552
3,1,16 177.492 1.63239 15 0.393736 16.4943
3,1,17 170.317 2.04669 11.6162 1.46164 22.2446
3,1,19 164.858 1.21688 14.189 0.682389 22.337
3,1,20 163.793 0.946065 4.95614 0.553303 14.6028
3,1,22 154.14 1.00951 4.55875 0.553549 11.4517
3,1,23 170.232 1.70007 12.2085 0.877587 18.3023
3,1,26 159.28 2.76597 2.79536 1.72154 14.0236
3,1,28 178.748 2.36166 15 0.000247581 13.7244
3,1,29 145.651 1.51365 1.17707 10.2559 11.6393
3,1,30 162.948 1.42631 8.33316 1.79955 5.40582
3,1,31 157.008 5.6964 1.72653 8.48214 16.0682
3,1,32 159.764 2.81494 9.95896 1.91532 7.51886
3,1,34 317.892 0.804412 1.60296 0.76439 49.1
3,1,35 143.476 0.804451 4.46986 0.517381 11.8254
3,2,1 145.112 0.649293 13.7641 0.425997 18.3586
3,2,4 153.241 1.54148 14.5458 0.834635 4.4003
3,2,5 164.704 1.39001 12.4183 0.761134 5.91367
3,2,6 180.906 0.830165 14.3391 0.455416 11.5474
3,2,7 173.889 1.21492 13.5907 0.545913 12.4175
3,2,10 155.877 0.422918 15 0.06234 22.5668
3,2,11 160.012 0.447876 15 0.0598503 35.748
3,2,12 170.227 0.49428 15 0.149793 46.7296
3,2,13 161.313 1.20028 14.215 0.546216 31.3598
3,2,14 152.002 0.951016 15 0.272145 22.0262
3,2,15 166.563 1.28171 13.3438 0.632512 15.1746
3,2,16 156.329 1.24422 13.6334 0.616418 8.57774
3,2,18 153.735 1.11977 14.7853 0.501542 17.8198
3,2,19 160.261 1.01398 14.3462 0.514555 16.2674
3,2,20 145.095 0.924657 15 1.07872 17.3882
3,2,21 157.429 1.31921 13.1228 0.672038 26.2753
3,2,22 154.829 0.747685 14.3049 0.457634 10.9087
3,2,23 156.523 0.750223 14.368 0.490468 12.0624
3,2,24 148.465 0.616967 13.924 0.485761 10.1585
3,2,25 136.072 0.442012 7.24102 0.479448 12.3207
3,2,27 137.22 0.461448 6.39779 0.590104 15.7072
3,2,29 158.877 1.8691 8.2811 0.945104 10.9322
3,2,31 162.298 1.44159 13.1662 0.913633 7.88251
3,2,32 162.467 1.37699 11.09 0.82581 6.60079
3,2,33 160.713 1.98281 10.8204 1.648 6.58301
3,2,34 150.587 1.449 8.09238 1.72663 5.79845
3,2,35 166.213 0.994174 6.22633 0.867804 6.20619
3,3,0 175.736 2.11501 1.87199 8.42978 36.6598
3,3,1 173.505 0.837875 5.94178 0.742086 13.1705
3,3,2 159.847 0.961116 6.59597 0.679951 34.2554
3,3,3 165.452 0.19509 1.00094 13.0394 11.5054
3,3,6 178.414 0.698596 4.37109 0.90654 34.0389
3,3,8 183.655 0.532745 5.83071 0.395691 36.0874
3,3,10 174.874 0.40161 6.37616 0.392274 23.2083
3,3,12 190.137 0.676606 8.21719 0.530843 39.0724
3,3,15 176.617 3.87388 1.94664 11.07 17.3782
3,3,17 169.854 1.42053 3.6002 0.981679 13.9335
3,3,19 175.629 3.0019 1.55071 13.7237 13.2897
3,3,20 174.504 0.617957 6.62018 0.61641 24.5459
3,3,21 173.302 1.99908 15 0.81757 12.5673
3,3,22 165.84 0.567925 5.58739 0.758311 20.5203
3,3,23 166.695 7.4215 1.84603 11.139 16.9512
3,3,25 178.467 3.24166 15 0.823661 11.8157
3,3,27 176.154 0.866878 5.59903 0.668517 11.1735
3,3,29 143.069 1.25401 4.38784 0.858191 15.2412
3,3,30 161.285 0.61551 6.9032 0.516613 15.5443
3,3,32 166.643 9.44513 1.76254 13.1581 15.9412
3,3,33 153.304 1.29362 5.33626 1.05286 9.8406
3,4,0 158.073 1.45078 11.193 1.4081 8.80393
3,4,1 166.283 6.87219 1.83952 12.8285 9.79626
3,4,2 135.7 4.2934 1.63984 13.65 16.3897
3,4,3 156.65 1.00935 15 0.000756862 13.3081
3,4,4 149.043 1.32176 5.14293 0.75044 28.9188
3,4,6 169.218 0.756076 7.60783 1.17101 32.6565
3,4,7 149.645 1.74435 15 2.10217 14.3139
3,4,10 148.548 1.93846 3.81504 1.30016 23.568
3,4,13 156.764 7.74603 1.57792 11.9244 12.2817
3,4,14 162.344 1.5051 5.706 0.757817 22.6054
3,4,17 138.599 5.47218 2.48445 3.31553 12.0311
3,4,18 155.153 1.09752 7.83291 1.37935 27.0768
3,4,21 146.386 2.25195 1.78974 2.41855 11.7558
3,4,23 318.496 0.829114 2.13191 0.891721 62.2273
3,4,24 172.967 4.05193 15 9.49313 13.1729
3,4,25 316.099 0.286418 1.0016 7.18014 70.1429
3,4,26 178.798 2.83976 9.54396 1.80904 10.9711
3,4,27 137.293 7.82084 2.0772 9.15257 12.6397
3,4,29 164.952 3.22727 15 9.65825 10.1679
3,4,30 161.953 5.11177 11.6608 2.08104 7.91077
3,4,31 165.657 0.463748 2.08923 0.556189 9.08012
3,4,34 166.504 11.4027 1.77201 10.3679 8.9051
3,4,35 166.371 2.05785 1.65338 2.21305 8.86775
3,5,0 137.059 6.29855 1.71135 12.0782 16.1109
3,5,2 140.116 1.50993 3.7996 0.888818 12.6364
3,5,4 142.483 1.04883 3.80084 0.534914 11.4204
3,5,5 152.022 1.38886 4.56569 0.722569 14.5475
3,5,7 162.041 3.06686 14.1424 1.36305 7.78381
3,5,8 141.379 2.21412 4.66114 1.1345 10.5739
3,5,9 318.5 2.01169 2.57625 1.22969 76
3,5,10 135.477 0.133599 1 0.0695915 19.9917
3,5,11 171.77 1.77733 14.9999 2.00084 8.86705
3,5,12 127.079 0.725593 1.38408 0.491683 16.2552
3,5,14 136.871 2.09234 1.22269 1.96261 11.734
3,5,16 136.484 5.31546 1.85025 12.7692 13.8873
3,5,17 133.748 1.86265 4.55693 2.05916 16.4548
3,5,21 168.494 5.10951 3.56476 3.62392 6.63124
3,5,23 317.556 0.870019 2.45855 1.02847 97.6667
3,5,25 156.015 3.42096 1.432 12.7345 9.15706
3,5,27 174.169 0.681514 5.62413 0.599988 13.4039
3,5,28 161.05 1.27433 5.52578 0.751021 12.1458
3,5,29 181.326 0.74573 6.48752 0.779224 21.8614
4,0,1 81.8622 1.20049 10.5891 0.862044 1.9881
4,0,2 68.969 1.01781 6.90568 0.854218 1.221
4,0,3 85.2602 0.776737 14.9981 0.00225225 1.92845
4,0,4 71.3022 1.50827 10.09 1.08357 1.17569
4,0,5 88.5627 0.860914 10.045 0.549096 2.02598
4,0,6 77.9016 1.2179 7.18214 0.840937 1.45718
4,0,7 82.8225 1.4167 10.5711 0.949826 2.33394
4,0,8 78.1402 1.07289 8.25439 0.814417 1.45814
4,0,9 77.0315 0.805227 7.08045 0.698842 2.36377
4,0,11 90.7978 1.03796 9.89987 0.643127 1.77602
4,0,13 319.708 21.3134 3.01569 0.733151 143.417
4,0,14 70.9194 0.803545 8.52706 0.563231 3.03279
4,0,16 84.9977 0.352021 8.44785 0.207935 5.85213
4,0,18 90.584 0.362292 8.27399 0.198042 12.2039
4,0,19 80.6148 0.769125 10.2606 0.572347 2.70722
4,0,20 93.0476 0.31772 9.27059 0.171145 8.87444
4,0,21 85.3313 0.772836 7.66333 0.452387 3.12445
4,0,22 88.2253 0.327836 8.73799 0.182365 8.28999
4,0,23 82.5828 0.652074 8.29795 0.490267 2.35327
4,0,24 85.1863 0.27842 7.54264 0.163405 10.4751
4,0,25 82.4108 0.692308 8.31231 0.435749 2.76072
4,0,26 79.3981 0.279486 9.03826 0.160552 14.1379
4,0,27 80.0016 0.788089 9.33933 0.44562 2.75728
4,0,28 83.7662 0.226814 8.44733 0.14089 13.9763
4,0,30 73.9062 0.210698 8.50779 0.130244 17.2134
4,0,31 75.3782 0.689813 9.15572 0.432731 3.27089
4,0,32 83.6939 0.219898 9.04327 0.129095 16.9498
4,0,35 89.5764 0.667367 9.36117 0.506303 2.44816
4,1,0 88.2096 0.831666 10.2452 0.572972 1.6619
4,1,1 84.0319 0.315883 9.9938 0.211532 8.55048
4,1,3 95.2862 0.335321 10.3399 0.203604 6.87589
4,1,4 98.5385 0.799942 8.77405 0.64354 2.83084
4,1,5 87.8094 0.362328 9.36194 0.236856 6.23065
4,1,6 315.92 0.257964 1.00016 11.7055 191.136
4,1,7 98.5207 0.385373 10.028 0.275671 6.3312
4,1,9 97.8549 0.454635 9.89498 0.307646 4.17379
4,1,10 92.2062 0.878571 10.292 0.55849 1.99721
4,1,11 81.741 0.404376 5.88285 0.356486 129.024
4,1,13 84.8204 0.555351 11.016 0.398443 3.67541
4,1,15 65.3257 0.110543 1.11507 0.128382 130.71
4,1,16 90.0733 1.208 10.8486 0.77928 2.24434
4,1,18 317.483 0.326355 1.32382 0.214264 131.32
4,1,19 101.294 0.70421 8.637 0.476545 3.15477
4,1,21 98.2782 0.902718 10.9716 0.569672 3.42372
4,1,22 101.608 1.36452 11.8255 0.823502 2.13735
4,1,23 99.863 0.92656 10.5151 0.794839 2.36937
4,1,24 96.3883 1.2492 9.3676 0.938204 0.947785
4,1,25 99.3554 0.780381 8.62546 0.547652 2.85164
4,1,26 319.61 1.5392 2.99864 1.485 79.4091
4,1,27 317.871 0.561568 1.74429 0.750642 193.524
4,1,29 317.547 0.528161 1.43638 0.603156 145.045
4,1,30 316.726 0.597912 1.15628 0.546074 62.625
4,1,32 133.106 11.2718 1.39286 12.7939 14.9809
4,1,33 86.2977 1.21777 9.96472 0.783747 2.08931
4,1,34 104.903 2.85998 13.0745 2.23836 2.21114
4,1,35 97.9727 1.63753 10.651 1.09549 1.1394
4,2,0 65.0561 0.191247 8.8103 0.135896 9.36899
4,2,1 64.8767 0.179989 8.93727 0.12965 9.10731
4,2,2 62.3116 0.166934 9.28599 0.119938 8.60488
4,2,3 64.2945 0.226011 8.02748 0.145233 8.57369
4,2,4 63.753 0.19184 8.31864 0.130794 9.59998
4,2,5 73.4291 0.160222 8.33496 0.108878 13.7572
4,2,6 59.6625 0.143298 9.16711 0.098823 24.2468
4,2,7 64.5677 0.137183 8.92634 0.0943513 24.7377
4,2,8 61.4832 0.153217 10.5554 0.109738 24.8024
4,2,9 73.2877 0.171364 10.5825 0.136615 18.0655
4,2,10 65.6183 0.215799 10.0407 0.177296 18.2733
4,2,11 67.3977 0.23005 10.6242 0.187126 15.1379
4,2,12 71.5598 0.194583 10.2566 0.152669 20.1067
4,2,13 59.1736 0.143526 10.3673 0.109545 19.2367
4,2,14 72.0026 0.135295 9.90377 0.0959937 27.6956
4,2,15 71.4899 0.218262 8.4226 0.151688 4.52922
4,2,16 63.7341 0.228243 8.50753 0.158975 5.6622
4,2,17 60.3617 0.237585 8.31741 0.168977 4.57145
4,2,18 61.2762 0.142475 9.53134 0.0929708 21.0884
4,2,19 73.1372 0.157862 8.44603 0.104907 16.6052
4,2,20 67.9698 0.180363 8.60988 0.113444 12.4819
4,2,21 71.1859 0.20671 8.46534 0.132429 7.53358
4,2,22 62.5658 0.234639 8.71472 0.159876 6.34896
4,2,23 61.5367 0.299223 8.6343 0.202036 5.81408
4,2,24 66.6697 0.306532 8.23954 0.217466 5.58619
4,2,26 65.4874 0.366127 8.00244 0.256016 3.62767
4,2,27 55.4462 0.415552 7.63348 0.27398 2.21639
4,2,28 70.4066 0.456113 8.00478 0.333636 2.3181
4,2,29 61.0395 0.458075 7.86801 0.36518 1.63294
4,2,30 61.5714 0.600152 7.93726 0.400975 2.691
4,2,31 71.4185 0.605161 7.32208 0.384847 2.41729
4,2,33 63.9011 0.883865 8.16157 0.524047 3.28562
4,2,34 68.4555 1.06029 8.95481 0.822163 1.64497
4,2,35 315.86 0.641033 1.00038 9.02155 154.76
4,3,0 67.032 0.236196 8.26381 0.171105 33.2456
4,3,1 318.129 0.690496 2.09613 0.923225 319.96
4,3,2 63.3743 0.260363 8.59058 0.175301 19.2693
4,3,3 68.5602 0.481491 6.65379 0.338267 4.13556
4,3,4 70.2676 0.278484 9.99792 0.165498 26.5104
4,3,5 59.1624 0.532463 7.39508 0.377082 4.52603
4,3,6 62.9588 0.305824 9.84174 0.193273 16.6373
4,3,7 318.154 0.639163 1.77836 0.783364 230.68
4,3,8 52.6054 0.214466 4.84975 0.173773 17.9228
4,3,11 68.5588 0.534518 6.02247 0.406789 3.09256
4,3,14 66.9659 0.244137 5.20819 0.214751 7.99967
4,3,15 316.703 0.287626 1.00766 12.5912 148.565
4,3,16 63.6717 0.396739 5.15083 0.320144 10.7408
4,3,17 63.73 0.727433 8.53407 0.495086 2.08364
4,3,18 67.4497 0.481322 6.07223 0.304575 6.81239
4,3,19 164.276 0.318781 1.27869 0.110291 93.3486
4,3,20 70.45 0.483127 5.15399 0.490575 9.40486
4,3,21 71.2017 0.939207 7.22502 0.721998 3.20304
4,3,22 55.3942 0.499505 5.32548 0.378725 6.68217
4,3,23 26.7551 2.43154 3.904 4.6945 48.6974
4,3,24 64.8251 0.738099 7.6313 0.381476 4.41936
4,3,25 319.086 298.711 1.77776 0.432267 50.7917
4,3,26 317.931 0.683612 1.81173 0.881556 219.56
4,3,28 69.4748 0.788388 7.33871 0.485378 3.51684
4,3,30 58.8096 0.666904 6.13415 0.461036 3.30994
4,3,31 76.4465 1.80346 8.17118 1.08523 3.43037
4,3,33 317.918 1.08339 1.60546 0.852912 45
4,3,34 318.07 0.440639 1.28389 0.236772 123.042
4,3,35 316.912 0.85511 1.05139 2.54007 52.96
4,4,1 72.4974 0.481959 5.69217 0.427013 4.9146
4,4,3 68.2754 0.514287 8.3755 0.45841 3.47679
4,4,4 65.2576 0.166554 10.011 0.125705 15.7747
4,4,6 69.2971 0.141294 8.11954 0.124669 21.963
4,4,7 70.5527 0.516385 8.7469 0.29416 4.74273
4,4,8 70.9365 0.173844 8.26179 0.174526 30.0089
4,4,9 69.5705 0.635808 8.74894 0.38498 3.53575
4,4,10 64.3725 0.174351 10.1277 0.117778 22.3789
4,4,12 77.1065 0.182276 9.1793 0.141988 13.8421
4,4,14 68.8591 0.225017 9.45287 0.150828 13.4498
4,4,16 74.0058 0.255913 8.13373 0.194005 11.5389
4,4,17 57.0438 0.82012 7.89841 0.582989 4.15592
4,4,18 66.7731 0.246252 9.15535 0.180036 5.61091
4,4,20 63.8236 0.32455 9.52767 0.267764 11.9423
4,4,22 316.632 0.421612 1.0186 9.52168 150.88
4,4,23 318.383 0.987909 1.48402 0.732963 154.84
4,4,27 56.9103 11.5596 1.64211 12.8947 59.3065
4,4,29 317.546 3.26339 1.48161 0.920349 92.0833
4,4,30 75.8136 0.818697 6.30982 0.64576 2.2598
4,4,31 73.964 0.953983 5.39452 0.748457 5.43092
4,4,32 74.7835 1.03928 8.3216 0.982478 2.51607
4,4,33 66.611 1.20856 7.05938 0.833848 3.58276
4,4,34 74.1367 0.745155 5.04598 0.539363 2.99817
4,4,35 65.3187 0.767046 6.04958 0.57916 2.20033
4,5,1 47.8532 0.397701 7.7606 0.294277 6.28303
4,5,2 36.3606 0.0672893 1.08167 0.061601 369.434
4,5,3 60.1639 0.370509 7.78073 0.323385 5.62231
4,5,5 52.0106 0.594579 8.05839 0.318342 4.27307
4,5,6 48.7489 0.713634 8.37011 0.516778 5.02538
4,5,8 62.8609 0.763586 7.6947 0.666801 2.76879
4,5,9 56.0869 0.956585 7.6711 0.717869 4.67232
4,5,10 68.3981 0.701314 7.66057 0.475384 2.68698
4,5,11 59.9597 0.518669 7.97784 0.484836 2.43611
4,5,13 62.7142 0.560108 8.21107 0.44313 4.3294
4,5,14 57.8851 0.46549 7.82934 0.295363 5.07552
4,5,15 66.3919 0.417629 6.78752 0.311769 4.98006
4,5,16 52.557 0.243743 5.07411 0.19435 7.1778
4,5,17 63.171 0.382819 8.316 0.276674 7.47688
4,5,18 56.8324 0.250105 8.66543 0.172263 8.0303
4,5,19 64.8641 0.243145 8.41763 0.167697 6.64232
4,5,21 56.2358 0.919492 6.35908 0.654454 3.88905
4,5,22 61.4694 0.613487 8.8804 0.876179 1.75036
4,5,23 60.3102 0.575907 8.87931 0.357722 3.31042
4,5,24 64.2782 0.390184 4.76242 0.310982 6.91982
4,5,25 59.2518 0.536942 6.14593 0.26425 5.0793
4,5,26 63.1297 0.470344 5.71911 0.427918 5.61699
4,5,27 61.0487 0.412191 7.6855 0.237961 6.13224
4,5,28 59.3398 0.427064 7.38114 0.24401 9.44392
4,5,29 56.7512 0.657382 6.67008 0.436202 12.1009
5,0,0 50.2625 0.8736 4.73439 0.725364 2.41076
5,0,1 315.151 273.328 1.42356 13.6722 79.2083
5,0,3 54.1402 0.632926 5.58511 0.513063 2.00472
5,0,4 52.807 0.886469 5.42155 0.773242 2.18174
5,0,5 57.8407 0.756501 8.34941 0.522698 2.77758
5,0,6 53.7641 0.698075 6.83332 0.543483 1.19954
5,0,7 60.3408 0.979325 6.89955 1.28081 2.68117
5,0,8 59.022 0.740042 7.80905 0.758577 2.67285
5,0,9 56.8093 0.747524 7.3415 0.624915 2.12195
5,0,10 55.355 0.751568 8.73324 0.828365 2.90154
5,0,11 58.651 0.592341 8.44206 0.439102 1.78492
5,0,12 56.8231 0.639662 9.41122 0.427403 1.4513
5,0,13 55.6305 0.619033 9.47689 0.437976 2.48862
5,0,14 66.4552 0.557318 8.72023 0.395575 2.64441
5,0,15 50.3474 0.470284 8.02837 0.458513 2.09154
5,0,16 65.5692 0.373704 6.09003 0.271524 11.1505
5,0,17 57.4255 0.646165 6.63063 0.449565 4.15314
5,0,18 67.8788 0.291717 7.75013 0.193527 12.3803
5,0,19 51.9751 0.388215 6.69117 0.239846 3.49161
5,0,20 62.6444 0.17302 5.258 0.147459 14.6177
5,0,21 54.6574 0.366767 7.51623 0.21801 3.76736
5,0,22 202.167 5.27078 4.99868 1.73842 9.49997
5,0,23 54.668 0.454688 7.30048 0.295041 3.85897
5,0,24 57.6162 0.173774 8.05995 0.116129 15.7608
5,0,25 66.6265 0.467309 7.99217 0.312166 3.54866
5,0,26 64.4283 0.219541 5.87174 0.179051 32.2632
5,0,27 67.2474 0.448761 8.34557 0.26239 3.75889
5,0,28 61.3356 0.154237 7.80828 0.156407 24.8331
5,0,29 67.3207 0.420987 8.41259 0.269343 2.44855
5,0,30 62.0214 0.11126 5.30362 0.0978909 31.4636
5,0,31 60.921 0.36864 6.68685 0.417105 3.96115
5,0,32 65.5397 0.220794 7.2923 0.174537 52.1878
5,0,33 54.9829 0.498806 8.11934 0.342274 4.57437
5,0,34 65.7564 0.56466 7.44584 0.363935 5.62491
5,0,35 58.4801 0.433749 7.63872 0.302569 3.43218
5,1,1 86.9138 0.19078 8.41732 0.15499 45.2572
5,1,3 85.7821 0.209607 7.74415 0.179275 42.1509
5,1,5 89.4118 0.259403 11.6127 0.187701 54.2758
5,1,6 74.5955 0.68308 10.206 0.45055 5.68582
5,1,7 72.4022 0.256908 11.6361 0.191571 27.1467
5,1,8 75.8337 0.914115 8.85762 0.577915 11.8358
5,1,9 77.9771 0.243792 7.9656 0.208643 15.7678
5,1,10 72.9043 0.680949 10.1371 0.446711 4.76535
5,1,12 81.8292 0.780496 11.4188 0.657438 6.4622
5,1,13 75.8813 0.352353 8.63184 0.24236 19.9548
5,1,14 71.3858 0.776912 10.9218 0.449522 3.85848
5,1,15 77.41 0.409515 11.6967 0.258707 23.7732
5,1,18 317.661 0.645789 1.94404 0.798305 252.36
5,1,19 79.1317 0.514475 11.9753 0.418725 12.1308
5,1,21 73.8813 0.518378 11.9088 0.434475 7.61544
5,1,22 317.085 0.559944 1.60846 0.769686 219.04
5,1,24 69.8252 0.848354 8.75912 0.591312 2.43504
5,1,26 70.3941 1.12079 10.5958 0.549333 4.81489
5,1,27 87.4695 0.598797 8.44701 0.699464 7.79215
5,1,29 89.1359 1.04064 9.46623 0.979833 8.09403
5,1,30 74.1941 1.20721 5.84839 1.26399 35.7342
5,1,32 78.3207 1.13017 9.53544 0.74383 2.95559
5,1,33 84.2222 0.975049 9.1227 0.925356 2.61146
5,1,34 318.228 1.08998 1.58164 0.739525 44.75
5,2,0 56.7373 0.197626 9.08549 0.15054 6.38077
5,2,1 58.0823 0.204644 9.58919 0.142198 6.03862
5,2,2 66.4678 0.213891 9.62919 0.153533 5.56536
5,2,3 65.4663 2.03223 10.2524 1.57444 0.888434
5,2,4 69.641 0.24449 10.3384 0.171723 6.01887
5,2,5 71.1959 0.213457 10.0533 0.153856 7.3632
5,2,6 56.5797 0.200304 10.3777 0.151837 7.96192
5,2,7 57.9908 0.195019 10.7109 0.148945 16.6336
5,2,8 58.2376 0.196096 10.9566 0.15008 11.5617
5,2,9 69.5391 0.205686 10.8173 0.168296 16.6949
5,2,10 58.1187 0.26294 12.6304 0.225241 9.5052
5,2,11 68.2909 0.259699 12.3299 0.223805 20.7304
5,2,13 77.036 0.370483 13.3803 0.335605 24.2483
5,2,15 69.2031 0.201472 12.8958 0.162892 6.94181
5,2,16 73.093 0.183986 11.2876 0.136332 9.45313
5,2,17 60.9959 0.174625 10.1054 0.117926 10.9698
5,2,18 72.5046 0.263703 12.6131 0.209163 26.6771
5,2,19 61.2532 0.22927 12.13 0.187241 15.583
5,2,20 70.3128 0.189901 11.1809 0.143861 18.6877
5,2,21 77.2014 0.192894 10.1089 0.151275 9.91115
5,2,22 63.479 0.217564 10.2252 0.168354 17.0786
5,2,23 56.2033 0.227197 10.3968 0.174441 7.95555
5,2,24 50.9967 0.230637 9.46056 0.193239 7.32676
5,2,25 69.6698 0.273251 10.2219 0.196083 8.43775
5,2,26 66.2135 0.303984 9.40166 0.230464 6.75897
5,2,27 71.7425 0.324639 9.29934 0.215695 3.73025
5,2,29 71.9294 0.436843 9.1936 0.288979 4.51839
5,2,32 73.4364 0.669264 9.69487 0.504882 3.63566
5,2,33 74.7647 0.68314 8.92872 0.496918 2.30773
5,2,34 316.15 0.442642 1.00142 13.018 138.8
5,2,35 318.044 20.8519 1.6365 7.39842 40.125
5,3,0 66.0356 0.199154 8.79414 0.153618 16.1646
5,3,1 58.3506 0.400357 6.91958 0.407727 9.84995
5,3,2 67.4312 0.182825 8.87919 0.155537 11.6625
5,3,3 57.871 0.675888 8.92865 0.467144 4.20756
5,3,4 70.9758 0.227829 9.45388 0.138165 18.1791
5,3,6 65.9788 0.260277 10.1419 0.180853 17.968
5,3,7 70.5243 0.676294 8.28782 0.722131 4.93719
5,3,8 53.4868 0.24959 8.23692 0.165667 11.4556
5,3,9 59.7422 0.628602 8.86786 0.378896 2.96717
5,3,11 68.354 0.609906 8.70069 0.357343 2.81071
5,3,12 62.2368 0.300298 9.20812 0.183647 3.73918
5,3,13 55.7994 0.615008 9.80889 0.487754 2.83249
5,3,14 64.1468 0.343772 7.92445 0.217951 8.01269
5,3,15 57.1643 0.543732 8.20711 0.439736 2.75842
5,3,16 51.2517 0.24892 4.4005 0.185263 14.2366
5,3,18 55.5406 0.429151 9.01027 0.280458 6.29116
5,3,19 72.7408 0.893608 10.3129 0.562356 3.07325
5,3,20 64.8247 0.432996 9.15857 0.271845 8.01403
5,3,21 68.4471 0.730456 7.76247 0.828218 3.78367
5,3,22 55.0955 0.504189 8.57959 0.320403 4.31214
5,3,23 67.192 0.699778 8.49696 0.45831 2.87636
5,3,26 68.7242 0.555172 8.38399 0.355737 5.30441
5,3,28 58.8574 0.603082 8.82736 0.455438 3.47173
5,3,29 61.7655 0.730449 4.73944 0.55946 2.6753
5,3,31 39.9799 3.79922 9.95076 5.63382 43.0234
5,3,32 318.495 0.719863 1.52305 0.553708 138.88
5,3,33 58.5283 0.97694 5.74332 1.3263 1.69764
5,3,34 317.535 289.097 1.48226 0.442657 85.375
5,3,35 64.1239 0.830137 6.44034 0.692692 2.76441
5,4,0 65.8787 3.17289 1.80243 12.8579 136.824
5,4,1 68.8427 0.620611 8.38077 0.421622 5.61719
5,4,2 78.6875 0.436925 7.31411 0.456991 4.22638
5,4,3 70.1561 0.553555 8.19418 0.340847 5.65882
5,4,4 81.1737 0.176776 7.59723 0.115362 19.5719
5,4,5 70.5429 0.458688 6.29654 0.428251 2.46352
5,4,6 81.3491 0.17797 7.26351 0.114718 19.0554
5,4,7 79.2654 0.673531 8.60179 0.377463 5.89058
5,4,8 78.9365 0.210019 7.38153 0.117087 28.238
5,4,10 79.5748 0.214075 7.8727 0.136351 22.8859
5,4,11 76.5035 0.841014 7.49304 0.53984 4.97828
5,4,12 75.3651 0.278951 7.63404 0.186192 18.7361
5,4,13 76.3052 0.790266 6.47624 0.561959 3.78775
5,4,14 72.6361 0.277762 9.66958 0.166464 15.0922
5,4,15 66.9223 0.760578 8.00669 0.532327 4.21832
5,4,16 80.9799 0.25921 7.33731 0.162321 9.56868
5,4,17 80.5322 0.77037 8.27501 0.469733 4.18579
5,4,18 76.9327 0.396043 7.76564 0.21968 14.6251
5,4,19 66.8629 0.855937 9.37598 0.536451 5.08506
5,4,21 70.575 0.89127 9.28861 0.572197 5.19681
5,4,22 80.5173 0.844352 8.41344 0.50733 4.73777
5,4,23 72.2212 0.662732 5.00747 0.53571 3.64278
5,4,24 79.991 0.780373 7.19191 0.623463 2.05137
5,4,25 70.9456 0.784016 6.6226 0.6011 1.77728
5,4,26 81.142 0.914335 7.78397 0.511603 3.2681
5,4,27 71.9458 0.916822 9.52817 0.651292 10.5576
5,4,28 71.1362 1.03545 8.69133 0.653177 3.03731
5,4,29 317.49 0.467797 1.25066 0.50032 116.13
5,4,30 68.4498 1.46034 7.26927 0.914368 3.26611
5,4,31 76.733 1.00918 10.2946 0.960982 2.6354
5,4,32 72.7535 2.23899 9.38113 2.63074 1.84319
5,4,33 317.081 27.2382 1.2079 0.679572 86.32
5,4,34 316.888 6.01948 1.19862 0.829316 38.72
5,4,35 70.0021 1.16928 7.16088 1.29475 1.30029
5,5,0 60.977 0.418403 8.15226 0.474451 9.74959
5,5,1 68.408 0.377865 7.90725 0.293707 4.58272
5,5,2 59.623 0.344548 6.83779 0.285939 1.95409
5,5,3 67.8154 0.588802 8.30148 0.399984 7.69208
5,5,4 68.1249 0.471324 9.03751 0.316414 7.47775
5,5,5 61.7804 0.62277 6.3725 0.667577 4.48842
5,5,6 63.1498 0.642076 7.85667 0.520638 2.84705
5,5,7 71.1367 0.910448 8.66323 0.816214 4.00026
5,5,8 62.0092 0.865054 9.35973 0.640669 2.4127
5,5,9 50.9169 18.1802 2.8582 8.01976 84.8631
5,5,10 64.2611 0.432554 4.36066 0.334952 4.79842
5,5,11 59.6368 0.594654 6.67206 0.374394 2.63492
5,5,12 75.8788 0.859661 9.58599 0.644575 6.8796
5,5,13 68.3981 0.657126 7.58884 0.403629 6.77022
5,5,14 58.8403 0.444505 7.65827 0.393142 3.48762
5,5,15 69.2966 0.41617 6.97481 0.332642 4.27083
5,5,16 68.2699 0.451383 7.92992 0.249096 11.6213
5,5,17 71.632 0.36557 5.47167 0.374966 10.3885
5,5,18 70.18 0.264514 6.56232 0.204147 5.2511
5,5,19 67.4998 0.392888 7.65824 0.256691 18.594
5,5,20 60.0903 0.248647 3.93751 0.19317 193.569
5,5,21 76.8067 1.30106 10.8475 1.3268 4.48288
5,5,22 71.523 0.769603 7.34563 0.958952 2.88272
5,5,23 62.9042 0.524703 6.83214 0.29122 4.53177
5,5,24 72.4187 0.746526 6.3303 0.702203 5.74692
5,5,25 63.0638 0.487097 8.35396 0.280645 6.14491
5,5,26 79.7115 0.518695 8.69552 0.332467 9.79299
5,5,27 71.2842 0.396489 7.86622 0.229774 9.38399
5,5,28 70.218 0.37911 7.59583 0.222649 9.31834
5,5,29 62.8505 0.243042 4.99817 0.197055 10.9365
6,0,0 82.2868 0.884033 6.64442 0.8577 1.1061
6,0,1 77.4202 0.97129 8.72643 0.764246 2.97289
6,0,2 69.5687 1.00922 7.91162 0.730356 1.42455
6,0,3 80.7532 0.670499 6.79092 0.358987 3.67739
6,0,4 71.996 0.722989 6.69707 0.685455 1.18376
6,0,5 94.6434 0.791727 9.52715 0.46083 4.30117
6,0,6 72.8024 1.27346 9.24658 0.815159 2.29951
6,0,7 83.2259 0.888682 7.33448 0.689242 3.02257
6,0,8 73.6732 1.11781 9.57731 0.825748 2.71878
6,0,9 85.0338 0.677977 7.99881 0.529608 1.71594
6,0,10 87.1664 0.81565 8.53612 0.485956 2.61282
6,0,11 84.8697 0.662248 7.88688 0.524931 1.78378
6,0,12 85.1559 0.899265 9.66041 0.581107 1.96026
6,0,15 85.0133 0.852715 10.2064 0.604552 3.95611
6,0,16 88.8536 0.256356 8.60777 0.171824 4.44427
6,0,19 84.7372 0.692716 8.94086 0.477645 3.77832
6,0,20 85.3835 0.287419 8.0333 0.174234 20.0704
6,0,21 74.7575 0.618681 9.42626 0.44177 3.99399
6,0,22 83.5319 0.216062 7.73721 0.146937 16.2896
6,0,23 89.7864 0.585856 9.12707 0.38002 4.04301
6,0,24 89.583 0.203922 8.56346 0.121054 27.6423
6,0,26 89.3464 0.199357 9.31263 0.129002 25.6239
6,0,28 93.2946 0.17811 8.07329 0.11129 19.674
6,0,29 91.9059 0.609111 9.52434 0.401104 4.47868
6,0,30 87.6591 0.189068 8.27396 0.121643 33.261
6,0,32 90.9524 0.184917 8.81452 0.117873 29.1517
6,0,33 89.2411 0.542381 9.09684 0.386814 2.79439
6,0,34 88.9799 0.59288 8.69086 0.315907 3.48798
6,0,35 85.896 0.626221 8.66426 0.393135 3.46526
6,1,0 79.2205 0.552435 9.14064 0.295638 4.80762
6,1,1 81.2815 0.213484 8.77887 0.125659 20.0228
6,1,2 83.5763 0.622473 8.56108 0.419339 4.27534
6,1,3 80.3299 0.206137 8.07116 0.125262 17.1661
6,1,4 74.7911 0.588897 8.47529 0.345497 3.97478
6,1,5 80.6669 0.26176 9.50885 0.157369 12.2865
6,1,6 81.9995 0.799061 10.8981 0.571652 4.1014
6,1,8 87.3326 0.749028 9.64071 0.485944 4.19241
6,1,10 81.5723 0.658191 8.12411 0.395048 3.88314
6,1,11 94.0675 0.384201 7.89326 0.250722 9.06358
6,1,13 83.1127 0.332381 7.16625 0.177086 9.55306
6,1,16 93.4082 0.926314 6.97968 0.590972 4.13124
6,1,17 87.962 0.507148 9.51979 0.294251 5.53504
6,1,18 81.219 0.77821 8.85762 0.553111 1.9604
6,1,19 91.9892 0.520455 9.04789 0.339781 5.42553
6,1,20 82.5752 0.918925 6.88519 0.563404 3.21239
6,1,21 92.0856 0.672725 10.1756 0.45357 4.63626
6,1,22 73.5474 1.04148 6.97717 0.729786 2.83372
6,1,24 316.62 0.273884 1.01701 2.97734 168.826
6,1,25 92.7255 0.551197 8.19233 0.35693 4.09079
6,1,27 91.0283 0.560941 6.32248 0.367455 2.9067
6,1,28 319.455 1.10077 2.99889 1.11911 111.708
6,1,29 86.7316 0.967629 11.8752 1.0783 2.00012
6,1,30 73.9053 1.33053 11.3517 1.02933 1.17856
6,1,31 93.5187 0.871292 10.3254 0.560431 3.28006
6,1,33 87.3848 1.20456 8.57637 0.938974 2.71468
6,1,34 87.141 1.85889 8.01756 1.2766 2.448
6,1,35 93.7785 1.15324 9.60571 0.708456 3.14035
6,2,0 67.7189 0.187533 10.5176 0.135374 16.2573
6,2,1 67.9285 0.185912 11.4162 0.146224 11.0705
6,2,2 70.2585 0.166956 11.2788 0.125427 9.58181
6,2,3 72.9324 0.193644 9.85709 0.130987 11.6797
6,2,4 81.5899 0.159398 9.42995 0.108135 9.43413
6,2,5 64.6492 0.156688 10.3344 0.110959 15.2132
6,2,6 71.1768 0.150858 10.8505 0.114882 18.1919
6,2,7 75.2143 0.172778 10.8344 0.135069 23.1311
6,2,10 59.3726 0.291412 12.2604 0.273443 10.5647
6,2,13 69.4661 0.227507 11.495 0.174277 20.6219
6,2,14 63.3294 0.202526 11.6477 0.162177 18.7475
6,2,15 76.5283 0.210936 10.4247 0.147812 9.46756
6,2,16 82.0914 0.221013 10.4361 0.162311 7.83503
6,2,17 82.5188 0.212875 10.0895 0.14335 6.24325
6,2,18 73.075 0.159512 10.525 0.122863 19.9479
6,2,19 72.4616 0.166819 10.616 0.123681 18.9844
6,2,20 70.6663 0.173375 9.88084 0.121559 15.2359
6,2,21 59.9427 0.194335 9.84745 0.132007 9.19599
6,2,22 65.0443 0.210596 9.77466 0.149928 7.01061
6,2,23 71.4476 0.255568 9.8197 0.178404 8.73165
6,2,24 58.0143 0.268752 9.438 0.181353 5.77061
6,2,25 77.8903 0.319319 9.63456 0.224759 4.16352
6,2,26 74.0211 0.337557 9.08599 0.234528 4.22968
6,2,27 71.7663 0.414741 9.95402 0.289564 3.14348
6,2,28 68.2914 0.46312 10.0845 0.329742 3.04601
6,2,30 70.9493 0.515909 9.57433 0.386108 2.04773
6,2,31 80.6083 0.565672 9.1908 0.38396 2.45723
6,2,33 82.2849 0.803566 10.1265 0.561572 3.5041
6,2,35 317.6 0.716521 2.15969 0.971657 257.739
6,3,0 69.4364 0.133769 7.43286 0.100418 15.6133
6,3,2 72.089 0.177905 9.11015 0.139926 17.5889
6,3,3 60.1508 0.386166 5.97787 0.301408 2.17967
6,3,4 60.7019 0.166999 7.15109 0.157805 17.2996
6,3,5 58.1946 0.416528 7.57736 0.322495 3.05694
6,3,6 68.3445 0.193314 7.07817 0.127352 12.8243
6,3,7 66.4367 0.629578 7.29124 0.40454 5.31484
6,3,8 68.5501 0.193703 8.39212 0.143364 11.6715
6,3,9 60.4739 0.558079 7.41245 0.38359 3.27218
6,3,11 65.9656 0.291019 1.25452 0.338284 3.70463
6,3,12 59.2661 0.249496 7.9552 0.213315 6.5194
6,3,15 59.1465 0.548222 7.66435 0.527145 3.51663
6,3,16 66.7192 0.295619 8.05237 0.178583 7.2133
6,3,18 63.1847 0.352998 7.39888 0.243734 3.00082
6,3,20 71.4226 0.395722 8.58403 0.27245 4.54901
6,3,23 66.3487 2.11051 1.13999 10.1162 3.09442
6,3,24 70.1675 0.405389 5.69398 0.405558 4.96
6,3,25 316.656 10.9943 1.05946 9.71905 82.2
6,3,26 64.7212 0.5211 8.4318 0.383113 2.13453
6,3,27 59.4881 0.67626 4.95708 0.720831 3.07171
6,3,28 68.4729 0.48636 7.35577 0.431747 2.7905
6,3,29 56.6553 0.635014 6.73307 0.544181 2.03476
6,3,30 56.0042 0.636436 6.80376 0.504459 2.96006
6,3,31 68.0771 0.758205 5.81863 0.635122 1.088
6,3,32 57.1426 5.92836 1.63818 8.65718 94.3833
6,3,33 68.8065 0.871779 5.28058 1.11955 1.26318
6,3,34 67.4532 0.528869 5.94444 0.446703 2.01677
6,3,35 316.421 250.107 4.67854 1.59762 48.7499
6,4,0 70.8348 0.409581 6.63412 0.311574 4.44411
6,4,2 78.0464 0.494043 7.36324 0.330264 3.94981
6,4,4 73.9632 0.154443 8.79454 0.109306 42.4959
6,4,6 69.3296 0.155349 9.16206 0.115062 39.6957
6,4,7 65.6344 0.50187 9.09967 0.382307 5.84173
6,4,8 79.0376 0.134242 8.01735 0.107682 29.1835
6,4,10 78.9734 0.141675 8.48237 0.106174 23.6813
6,4,12 76.7596 0.172104 8.54686 0.114603 42.8331
6,4,13 74.9957 0.609227 7.11359 0.444252 4.90743
6,4,14 71.4176 0.156129 7.89401 0.105332 18.8039
6,4,15 72.7313 0.574538 6.74528 0.534321 3.59541
6,4,16 79.7304 0.199495 8.71131 0.118749 35.5238
6,4,17 73.3226 0.460335 5.07845 0.333752 4.11678
6,4,18 70.7384 0.204109 8.15718 0.130065 19.5773
6,4,20 74.6707 0.231458 7.47248 0.138078 17.9132
6,4,21 75.5499 0.658082 7.16598 0.462932 2.60364
6,4,22 317.682 204.775 1.3115 0.203979 176.64
6,4,23 76.5 6.62414 1.8199 11.296 4.65329
6,4,24 63.3399 0.524218 4.91483 0.380532 3.59296
6,4,26 80.3516 0.936103 8.04186 0.510283 3.65293
6,4,27 78.6445 0.609662 5.48766 0.815968 2.88414
6,4,28 70.121 0.859188 7.9335 0.528407 2.59632
6,4,29 76.1313 1.93695 7.461 1.30234 3.53396
6,4,30 68.7648 0.767981 6.91998 0.526897 2.28796
6,4,31 317.298 0.516735 1.64219 0.698271 301.52
6,4,32 82.0938 1.32983 8.62626 0.695762 3.10434
6,4,33 80.0888 0.788184 9.02767 0.441534 5.06192
6,4,35 56.2669 0.00108222 1.7868 0.00152613 99.7338
6,5,0 61.1306 0.24955 8.64971 0.137441 29.132
6,5,2 65.4892 0.293191 9.10723 0.182306 12.5342
6,5,3 63.8854 0.441348 7.32169 0.275604 15.5058
6,5,4 62.5429 0.284221 4.85075 0.230371 18.0718
6,5,6 53.2384 0.25887 4.6785 0.198285 6.54225
6,5,7 66.4385 0.49773 10.472 0.363323 6.24338
6,5,8 72.043 0.547537 9.49072 0.422701 3.11272
6,5,9 68.6001 0.58413 8.56611 0.502539 3.45914
6,5,10 64.11 0.582559 10.1166 0.471135 2.9135
6,5,11 70.5704 0.54419 7.89689 0.540001 5.40167
6,5,12 75.0906 0.472452 10.0715 0.316224 3.59752
6,5,13 67.3908 0.440122 9.59441 0.305857 7.7096
6,5,14 64.5944 0.420476 8.69108 0.313975 7.1398
6,5,15 63.0537 0.352904 10.3061 0.250444 14.8452
6,5,16 71.671 0.30901 9.55179 0.18716 9.21405
6,5,17 67.1737 0.263285 8.79 0.165421 12.0991
6,5,18 63.1791 0.274538 9.58926 0.160661 20.9652
6,5,19 70.6808 0.214258 9.51036 0.151718 18.023
6,5,20 76.7427 0.160825 9.18954 0.130228 20.3251
6,5,21 62.0822 0.52542 6.88332 0.361119 3.90418
6,5,22 74.7008 0.549478 6.79292 0.422164 3.97361
6,5,23 78.2426 0.460858 7.78691 0.320794 3.35472
6,5,24 77.9209 0.399529 6.96119 0.285323 4.51093
6,5,25 66.0142 0.464493 8.19929 0.335822 7.25756
6,5,26 72.0721 0.40889 6.45817 0.347815 8.87363
6,5,27 65.9913 0.400434 8.17042 0.289278 11.1518
6,5,28 67.5734 0.303261 7.61094 0.210107 6.62272
6,5,29 62.7776 0.26101 6.75622 0.233071 11.1875
7,0,0 61.8204 0.995838 5.70896 0.889699 1.79125
7,0,1 78.6755 0.610002 6.92934 0.443608 3.09336
7,0,2 62.457 1.21047 9.47387 0.954507 2.57902
7,0,3 78.2842 0.873941 8.12332 0.517464 5.20633
7,0,4 233.856 0.856661 1.00005 13.6733 140.093
7,0,5 66.4319 0.781358 8.06901 0.485164 4.74019
7,0,6 72.2182 1.13143 6.42655 1.01665 3.66742
7,0,7 60.9917 0.813826 7.00862 0.760006 4.01864
7,0,8 65.6703 0.61264 7.94174 0.368914 2.84858
7,0,9 68.508 0.622028 8.38922 0.502239 2.25572
7,0,10 68.6232 0.507424 6.99808 0.478214 2.53483
7,0,11 57.0375 0.623034 7.95791 0.471875 2.80444
7,0,12 70.974 0.571364 7.47402 0.438788 3.5634
7,0,13 59.2862 0.523323 8.07538 0.397185 2.9859
7,0,14 69.6255 0.481989 8.72571 0.403066 4.20082
7,0,16 71.7185 0.257197 7.71562 0.2089 14.4299
7,0,17 37.1918 0.122328 1.06769 0.0453751 200.348
7,0,18 58.0609 0.224963 8.37535 0.144116 25.6441
7,0,19 57.6624 0.441127 8.76402 0.333924 3.74564
7,0,20 71.3469 0.201413 7.41465 0.187912 25.2741
7,0,21 66.7114 0.411392 9.08164 0.294345 3.16831
7,0,22 60.0386 0.172583 8.47358 0.114508 24.502
7,0,23 73.2869 0.482779 7.2831 0.455536 6.09045
7,0,24 69.4267 0.139226 7.62486 0.115916 21.7038
7,0,25 67.2129 0.37417 7.76085 0.26917 3.59921
7,0,26 71.9505 0.175321 8.17672 0.149792 48.0209
7,0,27 69.256 0.422159 9.4255 0.243202 8.13357
7,0,28 67.8636 0.132309 8.29761 0.101686 33.3754
7,0,29 66.6559 0.378274 8.5943 0.301384 4.63592
7,0,30 61.9197 0.117775 7.79116 0.0889184 38.1001
7,0,32 77.4275 0.149726 8.7408 0.108429 80.6191
7,0,33 59.3145 0.357657 7.8517 0.224623 5.6519
7,0,34 75.0735 0.342895 8.09946 0.274019 4.41065
7,0,35 74.7602 0.458851 7.54467 0.357595 9.44179
7,1,0 79.8902 0.377757 6.11878 0.508027 10.4993
7,1,1 69.7173 0.140595 10.1311 0.104109 64.3011
7,1,2 60.697 0.386136 7.33383 0.238227 9.97402
7,1,3 67.8417 0.136138 10.1115 0.0959651 58.1644
7,1,4 74.788 0.401512 9.69251 0.254876 11.3513
7,1,5 68.4005 0.171816 9.89706 0.112571 48.9114
7,1,7 70.2474 0.147421 7.65645 0.136246 33.6261
7,1,8 67.5009 0.503525 9.13789 0.325522 9.90066
7,1,9 67.3295 0.15953 9.18681 0.123778 14.9356
7,1,10 65.5574 0.466755 9.67967 0.313107 6.47407
7,1,12 72.6915 0.484992 9.72915 0.351473 3.55043
7,1,13 80.5874 0.218239 6.60361 0.231699 27.6005
7,1,14 57.0247 0.604593 9.91638 0.504872 8.30046
7,1,15 73.7343 0.23485 10.0506 0.139939 19.8745
7,1,17 64.3088 0.283975 10.1167 0.210249 15.9084
7,1,18 64.8333 0.563988 8.76148 0.34536 5.85588
7,1,19 82.7994 0.329997 8.89023 0.212335 15.3856
7,1,20 74.1215 0.534457 8.16063 0.330541 6.71604
7,1,21 80.9743 0.369082 9.35787 0.279575 14.4617
7,1,22 73.8669 0.574836 9.08543 0.373567 6.43774
7,1,23 70.9505 0.398728 9.55409 0.288008 10.4989
7,1,24 55.0138 0.794668 7.6569 0.537831 4.84764
7,1,25 63.0151 0.488901 9.42676 0.305975 2.70185
7,1,26 53.8778 0.295702 4.11678 0.207784 4.51274
7,1,27 69.3668 0.468426 8.53234 0.231002 9.40513
7,1,28 65.9165 0.957248 8.00065 0.539262 4.99223
7,1,29 318.667 250.85 1.81086 0.243979 240.44
7,1,30 67.1023 0.614951 4.56695 0.395184 4.57972
7,1,31 317.929 0.515662 1.31939 0.629708 237.56
7,1,32 318.232 1.54383 1.38886 0.478356 90.96
7,1,34 317.782 1.40263 1.50486 0.840133 94.48
7,1,35 318.271 0.887825 1.69351 0.705336 208.24
7,2,0 49.0401 0.158022 9.56746 0.113398 6.91443
7,2,1 60.8326 0.152819 9.56165 0.111116 7.95292
7,2,2 60.1221 0.167984 10.3129 0.13601 7.42324
7,2,3 60.0679 0.203141 10.1862 0.154306 4.34571
7,2,4 62.1033 0.183248 10.4919 0.143921 5.01944
7,2,5 55.5396 0.161203 10.166 0.124807 6.36732
7,2,6 50.6983 0.157768 10.2623 0.122597 8.4011
7,2,7 63.3742 0.15721 10.4623 0.125584 11.2214
7,2,8 59.0548 0.174393 10.7707 0.13573 11.549
7,2,9 52.9811 0.219422 11.9675 0.18142 7.58943
7,2,10 52.1242 0.237916 12.2336 0.220352 7.48133
7,2,13 59.8098 0.276394 15 0.0736812 18.1729
7,2,15 63.0595 0.112264 15 0.0332024 7.14975
7,2,16 57.1683 0.145159 11.2957 0.116477 10.1113
7,2,17 59.3961 0.139892 10.7608 0.099166 12.8944
7,2,18 59.3225 0.231592 11.6736 0.207322 12.089
7,2,19 53.2847 0.196936 10.8365 0.16215 14.323
7,2,20 61.2112 0.1782 11.0583 0.144499 17.6459
7,2,21 59.7169 0.159761 10.8824 0.126745 16.7419
7,2,22 61.2398 0.151334 10.6978 0.109145 21.072
7,2,23 61.8695 0.181234 10.9651 0.150193 13.0298
7,2,24 49.7091 0.179182 10.2284 0.154518 6.27612
7,2,25 62.5413 0.217452 10.195 0.172261 10.1737
7,2,26 46.2534 0.221958 10.411 0.171762 3.57625
7,2,27 60.78 0.26029 9.72116 0.190183 6.69467
7,2,28 57.4911 0.275875 8.88482 0.20428 3.59474
7,2,30 57.7086 0.403149 9.44991 0.266607 3.15798
7,2,31 60.1139 0.461997 8.89717 0.344572 2.21206
7,2,33 316.627 0.350858 1.00079 7.42217 272.92
7,3,0 67.7879 0.145227 8.09358 0.112941 23.8677
7,3,1 63.4838 0.42986 8.17643 0.354199 4.84219
7,3,2 70.9865 0.152038 7.28539 0.13581 25.8883
7,3,4 69.7613 0.186996 9.72461 0.140292 37.369
7,3,5 60.6893 0.449429 8.22394 0.465115 4.34505
7,3,6 62.1789 0.190156 9.77982 0.121853 11.5633
7,3,7 72.4146 0.638658 6.28197 0.655899 5.75884
7,3,8 58.0177 0.18524 9.17885 0.148564 10.2902
7,3,10 62.3663 0.253449 8.62696 0.200931 17.0941
7,3,11 68.5062 0.481311 6.28013 0.904555 4.60316
7,3,12 70.2409 0.241351 8.4312 0.219533 13.9858
7,3,13 58.6887 0.443637 6.82096 0.342381 2.19373
7,3,14 63.5776 0.267631 10.0357 0.174217 7.4512
7,3,15 72.3254 0.511646 8.48577 0.364705 2.53746
7,3,16 76.6637 0.29334 9.75129 0.234157 11.2207
7,3,18 60.9989 0.340968 6.85621 0.427965 9.46006
7,3,19 65.2227 0.673045 8.24864 0.474796 1.60081
7,3,20 66.1985 0.375794 8.39443 0.211961 9.47211
7,3,21 53.7546 0.989826 4.09048 0.806863 97.6859
7,3,22 70.9797 0.404232 9.94484 0.275162 7.15788
7,3,23 67.8836 0.719723 8.65068 0.507699 1.91478
7,3,24 69.9177 0.460267 8.99226 0.340614 6.55213
7,3,26 62.0494 0.707291 7.85059 0.618486 4.8546
7,3,28 71.7685 0.51074 9.29338 0.328738 5.3082
7,3,29 60.2576 0.719791 5.40968 0.736641 2.42054
7,3,30 55.3332 0.670305 8.50481 0.477248 2.00421
7,3,31 65.6633 1.3051 7.47199 0.953262 1.50331
7,3,32 319.476 4.09748 2.32846 1.05748 207.76
7,3,33 317.786 284.784 1.53142 0.449016 62.2
7,3,34 59.0883 0.822962 9.39183 0.724442 8.36512
7,3,35 317.354 251.398 1.38384 0.505848 40.5417
7,4,0 63.0645 0.506913 5.65854 0.457465 8.28754
7,4,1 76.2276 0.439594 10.1652 0.304828 3.94803
7,4,2 68.957 0.447089 9.47896 0.325055 7.35174
7,4,3 67.2493 0.374101 7.55952 0.327554 3.78534
7,4,4 79.8705 0.170165 10.0331 0.129957 49.8369
7,4,5 70.9785 0.432747 7.54775 0.278724 6.15498
7,4,6 76.7779 0.166423 8.47653 0.121586 42.927
7,4,7 67.6043 0.494432 9.67663 0.342966 4.69553
7,4,8 71.4511 0.171931 7.079 0.173549 38.8607
7,4,9 70.6703 0.508478 9.94592 0.392759 4.56213
7,4,10 68.4321 0.159957 8.41139 0.11951 19.3655
7,4,11 65.0256 0.489129 9.81655 0.344828 6.07223
7,4,12 78.7947 0.195617 10.4725 0.142102 34.602
7,4,13 60.5742 0.61378 11.5414 0.542249 21.1634
7,4,14 79.3968 0.225027 10.2232 0.159472 31.9674
7,4,15 63.8829 0.565995 9.90246 0.405787 19.2327
7,4,16 76.3774 0.213458 9.89877 0.133003 19.2658
7,4,17 75.5805 0.513601 10.2087 0.450765 4.869
7,4,18 77.0125 0.230275 9.22966 0.158691 10.6315
7,4,19 76.0628 0.532174 8.627 0.467413 3.89131
7,4,20 78.4405 0.249754 8.4676 0.206617 6.96702
7,4,21 77.7424 0.600466 10.65 0.458576 7.50015
7,4,22 61.9804 0.691574 10.651 0.442452 4.04444
7,4,23 67.177 0.542344 6.70101 0.438759 3.9027
7,4,24 68.6308 0.614025 8.49283 0.469143 2.17523
7,4,25 69.335 0.761775 10.1446 0.553648 3.46924
7,4,26 59.7084 0.740088 7.87761 0.664018 2.63514
7,4,27 75.605 0.74174 7.3519 0.470544 4.16258
7,4,28 69.3765 0.78722 7.42902 0.680447 2.13
7,4,29 77.3605 0.789519 6.90463 0.617458 2.84081
7,4,30 76.7035 0.862626 8.2353 0.81906 2.72357
7,4,31 79.1367 0.48015 6.18549 0.510422 3.37692
7,4,32 66.2269 0.733736 7.62494 0.636527 1.73245
7,4,33 71.3742 0.560621 5.17444 0.519829 3.86616
7,5,0 55.5734 0.302283 9.56722 0.197438 8.59594
7,5,1 67.5585 0.28148 8.75414 0.200221 10.1932
7,5,2 52.5336 0.389858 8.54091 0.31811 7.16677
7,5,3 64.0674 0.423034 9.12289 0.311076 6.21837
7,5,4 56.9552 0.504928 7.46109 0.324267 7.09717
7,5,5 66.415 0.413632 9.1815 0.312879 3.86959
7,5,6 57.9245 0.542647 7.88831 0.345292 7.28017
7,5,7 66.4997 0.461811 7.02738 0.337876 3.88416
7,5,8 62.7831 0.601045 9.56613 0.353727 3.22736
7,5,10 63.7399 0.575211 7.01202 0.430196 3.51444
7,5,11 61.7217 0.478597 8.18176 0.281481 4.42865
7,5,12 65.5609 0.590711 6.41105 0.435404 6.19797
7,5,13 61.5269 0.338932 6.04607 0.208395 5.31851
7,5,14 66.7986 0.409498 7.34483 0.268114 6.94035
7,5,15 59.9556 0.294137 7.53705 0.2138 3.45077
7,5,16 68.5328 0.273283 7.84216 0.199618 4.06176
7,5,17 61.6787 0.264024 6.52696 0.231083 9.43713
7,5,18 62.3061 0.210318 6.74027 0.146115 10.4263
7,5,19 64.7889 0.246754 7.09475 0.161146 19.5259
7,5,20 60.734 0.165221 7.09576 0.11741 10.7094
7,5,21 70.8809 0.475718 7.38823 0.290161 3.53395
7,5,22 59.1952 0.514018 7.927 0.324694 4.13853
7,5,23 70.6467 0.379355 6.68854 0.248068 4.5804
7,5,24 73.0988 0.495498 6.68563 0.38284 8.15448
7,5,26 63.6952 0.343102 8.90073 0.215384 6.84924
7,5,27 70.967 0.308273 8.01435 0.183009 13.2453
7,5,28 70.4686 0.236094 6.74922 0.164136 5.52551
7,5,29 66.7279 0.283561 7.75857 0.159075 15.6097
8,0,0 322.328 187.004 4.16417 1.21333 79.6663
8,0,1 105.541 0.791781 9.34807 0.514512 2.70331
8,0,2 102.248 1.10894 11.3094 0.886987 1.08397
8,0,4 117.15 0.562142 15 0.0947293 12.5817
8,0,6 104.576 0.941531 11.2717 0.696999 2.0539
8,0,7 98.4752 0.921777 9.89269 0.526382 2.78272
8,0,8 100.63 0.809155 10.7245 0.475626 4.32576
8,0,9 83.6909 0.826608 11.9731 0.488041 3.0599
8,0,10 91.3899 0.777628 11.2616 0.626676 2.2449
8,0,11 97.0623 0.784196 9.77428 0.463388 3.87028
8,0,12 100.332 0.69989 10.5347 0.380342 4.35753
8,0,13 102.651 0.686087 10.6547 0.418411 4.78003
8,0,16 90.5242 0.271522 10.1295 0.159392 11.838
8,0,18 90.2368 0.23679 9.75986 0.131258 26.1665
8,0,19 82.541 0.49009 9.76875 0.276294 5.15849
8,0,20 103.709 0.205487 8.95315 0.12184 31.342
8,0,22 102.751 0.191611 9.99323 0.106031 38.3878
8,0,24 87.5323 0.178114 10.7541 0.114752 23.035
8,0,25 107.147 0.56052 11.4356 0.379782 6.04518
8,0,26 96.5607 0.169331 10.7346 0.103566 31.7836
8,0,27 98.7042 0.532343 10.6264 0.327754 5.14466
8,0,28 100.432 0.178942 10.439 0.109416 38.8576
8,0,29 103.046 0.545159 11.3295 0.323417 5.13794
8,0,30 104.075 0.162485 10.4637 0.101605 38.201
8,0,32 103.4 0.172008 10.793 0.110213 33.0256
8,0,33 96.6516 0.480587 9.4138 0.288531 4.74067
8,0,35 89.3862 0.525269 11.0824 0.356982 3.13058
8,1,0 84.0097 0.515858 8.96603 0.342019 4.9779
8,1,1 99.9957 0.200406 9.55669 0.105888 51.1281
8,1,2 99.0931 0.48716 8.51865 0.274112 6.9496
8,1,3 86.182 0.248227 9.03941 0.13936 37.8077
8,1,4 90.0301 0.498473 8.17477 0.364565 4.04229
8,1,5 90.5344 0.247132 9.92344 0.133769 33.2753
8,1,6 89.0964 0.572505 9.77931 0.419097 4.13829
8,1,7 100.17 0.248467 9.18277 0.127485 31.0935
8,1,9 88.8282 0.286467 8.64337 0.175452 30.1068
8,1,11 102.639 0.400929 8.26906 0.307618 23.9999
8,1,12 95.4569 0.727017 8.20886 0.44522 4.80237
8,1,13 101.61 0.329402 8.09002 0.214621 10.3176
8,1,14 98.1356 0.677846 8.12896 0.432596 4.07868
8,1,15 87.4815 0.420513 8.66235 0.231941 15.1345
8,1,16 98.6509 0.796824 9.28252 0.613871 5.9224
8,1,17 98.3873 0.400373 7.78136 0.223762 11.2702
8,1,18 97.4121 0.776098 9.6123 0.454347 3.46149
8,1,19 19.9523 0.122108 15 10.1156 262.896
8,1,22 84.6686 0.776998 8.41179 0.668773 3.00071
8,1,24 316.704 0.248169 1.00663 10.3795 207
8,1,25 102.698 0.768947 8.68522 0.551024 6.14626
8,1,26 128.949 0.512791 15 0.0706971 20.2405
8,1,28 88.166 1.07953 7.46846 0.80553 2.64936
8,1,32 88.9442 1.01906 8.38163 0.797126 3.43938
8,1,34 320.29 231.741 3.25865 0.829848 81.1904
8,1,35 318.17 0.722111 1.82889 0.791853 143.174
8,2,0 55.6174 0.159733 11.4988 0.132916 8.90675
8,2,1 64.9185 0.165684 12.0725 0.127737 7.99028
8,2,2 69.1308 0.158617 11.9535 0.125325 10.7713
8,2,3 73.0439 0.164164 10.8289 0.126548 9.86156
8,2,4 69.6649 0.160479 11.3815 0.128213 12.8542
8,2,5 56.2357 0.147513 11.3601 0.111403 13.9984
8,2,6 64.3579 0.185831 12.3771 0.150921 14.8477
8,2,10 71.7546 0.389139 15 0.0717439 45.5415
8,2,11 65.0065 0.336321 15 0.10927 25.7158
8,2,13 63.1718 0.263809 12.0633 0.226465 11.7388
8,2,14 59.8927 0.211031 11.6159 0.182098 11.5847
8,2,15 65.0524 0.176998 11.3076 0.136699 11.8705
8,2,16 62.561 0.172869 10.829 0.118996 7.80611
8,2,17 69.8962 0.176248 10.446 0.12401 7.77682
8,2,18 64.4202 0.18589 11.3409 0.152259 18.9098
8,2,19 74.1464 0.164041 10.8504 0.128582 21.6659
8,2,20 58.2214 0.160822 11.0531 0.12006 17.9797
8,2,21 72.8294 0.170724 10.6384 0.118435 18.9502
8,2,22 72.581 0.180818 10.8309 0.129471 14.1296
8,2,23 60.8384 0.194204 10.4741 0.138894 9.21834
8,2,24 63.1346 0.221247 10.5911 0.166302 7.42189
8,2,25 70.9781 0.264424 10.9601 0.183064 4.81717
8,2,26 62.351 0.303071 11.0724 0.237794 4.57296
8,2,27 55.6629 0.325725 10.6681 0.241869 2.6949
8,2,28 62.8753 0.396829 10.3541 0.281268 6.1054
8,2,29 67.0324 0.41088 11.3384 0.289143 2.17853
8,2,30 51.2714 0.447853 10.5277 0.341603 2.49428
8,2,31 70.5116 0.4892 9.69509 0.39569 2.21856
8,2,32 73.0423 0.636341 9.53996 0.425834 3.82762
8,2,33 53.5299 0.554638 9.8329 0.355949 1.59157
8,2,34 63.8057 0.626287 10.0008 0.401944 1.49135
8,2,35 70.1409 0.66542 9.09843 0.556284 2.83911
8,3,0 57.9169 0.121442 9.61289 0.0900948 17.0838
8,3,1 65.8334 0.346213 8.28565 0.192211 6.29084
8,3,2 67.2189 0.127334 8.34773 0.0936427 23.9211
8,3,3 65.0636 0.438548 7.24254 0.308397 4.85876
8,3,4 63.0584 0.155233 8.01156 0.133349 30.7692
8,3,5 46.8214 2.53379 1.71363 2.15051 237.871
8,3,6 55.7622 0.140042 9.92577 0.0945934 19.4086
8,3,7 66.1813 0.47729 7.48803 0.327507 3.65549
8,3,8 54.5148 0.182433 9.54919 0.119967 13.1635
8,3,9 65.0184 0.767844 1.1507 10.7591 7.32233
8,3,10 52.1013 0.187265 8.38177 0.110332 30.0278
8,3,11 60.8095 0.400409 4.93304 0.344421 4.35211
8,3,12 66.8511 0.21105 8.62903 0.142274 5.68073
8,3,13 51.1142 0.344479 4.97561 0.273631 2.65892
8,3,15 51.08 0.474303 5.83999 0.473778 3.22321
8,3,16 65.5261 0.24634 9.21995 0.161243 8.78413
8,3,18 60.1172 0.326911 8.55527 0.184337 13.9634
8,3,19 51.038 0.447767 5.15913 0.400239 2.67328
8,3,20 53.4349 0.33931 8.80255 0.203777 8.06792
8,3,22 53.2007 0.407147 9.30242 0.277221 5.4318
8,3,23 51.5334 0.701138 7.50011 0.340707 4.08601
8,3,24 63.5295 0.402468 9.26633 0.241829 8.25681
8,3,25 60.3827 0.608872 6.99386 0.437844 2.25351
8,3,26 62.5767 0.456669 8.55422 0.279206 5.4923
8,3,27 58.0519 0.776704 6.61829 0.475438 3.05811
8,3,28 58.8678 0.499248 8.13534 0.326605 5.09445
8,3,29 55.024 0.724524 5.43934 0.512701 2.88731
8,3,30 60.0453 0.60035 8.1148 0.36984 6.72712
8,3,31 37.534 0.200182 1.06241 0.0519858 20.5873
8,3,32 56.3974 0.508879 9.22793 0.372845 2.57855
8,3,33 315.673 225.167 1.00002 13.106 81.44
8,3,34 64.4644 0.606583 8.77209 0.395239 2.27549
8,3,35 315.755 252.805 1.00013 13.9604 46.625
8,4,1 65.4932 0.032002 1.0023 0.0189175 10.8222
8,4,2 69.2539 0.288377 6.82036 0.243375 4.39202
8,4,4 71.3439 0.114605 7.98469 0.0894391 34.8005
8,4,5 59.3653 0.545383 9.81886 0.466329 7.55129
8,4,6 68.9881 0.136439 10.6161 0.111571 41.8479
8,4,7 316.487 0.386744 1.00275 0.498999 627.76
8,4,8 76.3528 0.127936 8.45669 0.0986543 59.3709
8,4,9 317.053 0.170261 1.01754 1.25513 615.36
8,4,10 70.8456 0.108011 7.86883 0.0960878 31.808
8,4,11 62.0964 0.376003 8.78779 0.214419 9.4013
8,4,12 75.4151 0.136876 9.01468 0.100468 42.3717
8,4,13 71.3169 0.421685 9.16835 0.291474 3.89672
8,4,14 61.7883 0.141295 9.78609 0.112658 28.6896
8,4,15 36.8581 0.183764 1.00003 1.97213 349.487
8,4,16 74.3046 0.146042 9.66589 0.101898 24.9521
8,4,18 62.3141 0.165473 9.44515 0.110426 18.4935
8,4,19 64.1296 0.547007 8.891 0.286884 3.35631
8,4,20 62.4903 0.16189 7.23326 0.13235 20.2767
8,4,22 69.665 0.546324 8.85979 0.323236 3.75663
8,4,23 59.7423 0.44679 7.2527 0.412584 3.07942
8,4,24 316.999 3.92575 1.23284 0.79329 170.56
8,4,26 41.6854 1.03659 2.92603 0.535673 168.233
8,4,27 316.672 0.825331 1.00001 11.8832 164.083
8,4,28 37.7702 15.8035 1.61732 13.2561 100.038
8,4,29 71.1538 0.624898 5.8008 0.630849 2.31004
8,4,31 68.7123 0.49204 7.72656 0.315889 5.43358
8,4,32 73.2714 0.842307 7.22825 0.531214 3.20728
8,4,33 68.8612 0.555658 8.95819 0.346424 19.2777
8,4,34 316.632 46.8352 1 13.6694 86.68
8,4,35 70.4481 0.494629 5.40392 0.309502 4.29398
8,5,0 48.3159 0.235746 8.32673 0.1543 40.255
8,5,3 50.8368 0.182257 5.85948 0.13941 12.5851
8,5,4 53.0252 0.197244 4.75844 0.154057 24.5317
8,5,5 52.7645 0.223974 4.91687 0.179169 16.8391
8,5,6 50.4629 0.226648 5.01042 0.221899 7.5898
8,5,8 55.3524 0.461711 10.0478 0.483385 4.44178
8,5,9 58.272 0.446063 8.72148 0.300275 3.22806
8,5,10 54.1103 0.394439 8.84558 0.235447 8.71286
8,5,11 60.3022 0.401343 8.75205 0.257897 6.07639
8,5,12 54.5977 0.311206 8.67562 0.191754 8.95959
8,5,13 58.3416 0.298672 8.4659 0.211503 5.81529
8,5,14 51.6851 0.310017 8.77047 0.186247 14.5084
8,5,15 54.5975 0.225601 8.26961 0.136667 15.1906
8,5,16 63.5464 0.219847 8.75625 0.13571 10.1008
8,5,17 52.3985 0.16825 7.41399 0.0944743 23.0439
8,5,18 62.0389 0.17059 8.29528 0.100637 35.9157
8,5,19 55.5707 4.2265 8.75757 1.71119 0.771597
8,5,20 62.5089 0.142179 9.08218 0.0872953 64.9388
8,5,22 58.1882 0.398061 7.60533 0.279941 3.25685
8,5,23 64.1794 0.360611 8.97352 0.228414 6.37755
8,5,24 54.2881 0.372772 9.56136 0.247733 5.41884
8,5,26 53.7101 0.327763 9.1867 0.222733 9.36634
8,5,27 315.545 0.482393 1.00253 1.2665 1068.08
8,5,28 62.8429 0.246116 8.51367 0.187732 11.9425
8,5,29 64.5629 0.248567 7.4977 0.178895 18.8734
9,0,0 49.1592 0.830039 5.87033 0.440652 2.21405
9,0,1 58.8435 0.587185 8.45256 0.40235 2.52517
9,0,2 60.7394 0.773598 9.02676 0.461691 2.83093
9,0,3 62.2491 0.510593 9.17576 0.304773 6.86161
9,0,4 317.737 0.291284 1.1354 0.24017 221.52
9,0,5 58.244 0.549582 8.50978 0.320609 6.20812
9,0,6 62.0318 0.58068 7.36143 0.305593 4.43277
9,0,8 55.1698 0.730199 5.6636 0.551391 5.43934
9,0,10 57.3128 0.715218 7.95404 0.490738 8.66429
9,0,11 55.9894 0.578319 7.29179 0.342136 5.96097
9,0,12 55.2203 1.10427 6.37084 0.835107 8.74192
9,0,13 59.4339 0.335098 4.71181 0.364106 5.98551
9,0,14 53.7345 0.228122 4.56367 0.170779 8.90893
9,0,16 63.3344 0.179034 8.34727 0.107556 34.2108
9,0,17 51.0174 0.279079 5.5249 0.137882 5.91857
9,0,18 57.4247 0.16599 8.82519 0.111528 25.7049
9,0,19 56.3496 0.461124 7.50677 0.286048 13.4666
9,0,20 54.4975 0.139305 7.70895 0.0887222 36.9324
9,0,21 50.0373 0.347534 8.66163 0.211508 10.5348
9,0,22 53.9965 0.141032 7.86586 0.0908089 41.8024
9,0,24 68.4969 0.147941 9.76995 0.0997324 35.6446
9,0,25 62.2937 0.253349 5.3179 0.216564 11.9089
9,0,26 59.2327 0.124965 8.11704 0.0869165 68.8408
9,0,28 61.1852 0.133531 10.3076 0.088753 57.518
9,0,29 56.7934 0.354165 7.39174 0.236557 16.1217
9,0,30 65.2592 0.125244 8.92796 0.0813068 80.755
9,0,31 62.0768 0.291792 6.53667 0.235554 13.901
9,0,32 67.2258 0.124363 9.63329 0.0852643 80.6047
9,0,33 58.9877 0.321577 8.7551 0.207977 14.7626
9,0,34 60.4984 0.254663 7.10007 0.155535 15.3512
9,0,35 69.8258 0.314508 8.85119 0.178994 11.4109
9,1,0 64.0894 0.297332 9.60106 0.198538 14.3744
9,1,1 61.5802 0.134735 11.1311 0.0947739 53.4529
9,1,2 69.9267 0.344738 9.51147 0.212399 10.7338
9,1,3 72.8735 0.146004 11.1823 0.102788 66.6315
9,1,4 67.619 0.34238 8.71884 0.20032 9.92011
9,1,5 61.875 0.134402 10.3739 0.0885752 42.4827
9,1,6 60.7247 0.338711 8.93616 0.210924 15.9718
9,1,7 65.5571 0.124883 9.68633 0.0912669 25.0445
9,1,9 70.9424 0.156792 9.77718 0.0975412 61.0586
9,1,10 61.6213 0.322337 6.72588 0.218288 7.03357
9,1,11 75.9166 0.156127 9.6937 0.098614 37.3737
9,1,12 63.4556 0.533707 7.34412 0.421141 10.6885
9,1,13 62.0788 0.185611 10.2418 0.118094 29.5857
9,1,14 62.1939 0.263804 4.52936 0.18745 15.4383
9,1,15 59.0545 0.204169 8.67133 0.116496 43.2649
9,1,16 58.4374 0.339678 6.50236 0.239455 6.2376
9,1,17 57.668 0.240577 9.14184 0.147263 22.7206
9,1,18 59.3557 0.452051 7.13638 0.262407 9.43355
9,1,19 63.2669 0.247365 10.3107 0.157357 14.9881
9,1,21 53.5952 1.30813 15 0.0155371 42.3343
9,1,22 63.9849 0.376196 4.84462 0.297879 7.74038
9,1,24 56.2777 4.90697 1.8159 13.0624 5.30558
9,1,25 67.9827 0.408138 8.43089 0.22595 22.2305
9,1,26 318.379 0.718706 2.47332 1.06066 357.96
9,1,27 64.3409 0.376775 9.93417 0.220611 10.5881
9,1,28 60.6134 0.393744 3.67277 0.257931 4.28551
9,1,29 78.9602 0.3387 7.44404 0.354409 7.28665
9,1,30 38.0144 3.53316 1.54695 1.68073 134.581
9,1,31 316.466 0.224221 1.00019 10.2059 522.56
9,1,32 45.9917 4.2251 1.84577 10.9965 112.102
9,1,33 66.4107 0.598328 7.69429 0.288182 7.86839
9,1,34 53.2289 0.359735 4.15009 0.238245 2.06283
9,1,35 320.151 2.84205 3.13163 1.36596 233.72
9,2,0 65.5596 0.186502 13.1433 0.153418 8.76586
9,2,1 64.6552 0.173772 12.394 0.13542 8.30557
9,2,2 49.0605 0.179603 12.1037 0.149476 5.13312
9,2,3 65.353 0.216153 13.7625 0.175841 4.5994
9,2,4 62.898 0.198908 13.0621 0.162171 7.55026
9,2,5 52.9637 0.191145 12.7691 0.156899 5.61362
9,2,6 56.0712 0.192004 13.0048 0.15827 7.10898
9,2,7 61.5294 0.205207 12.9397 0.170134 11.1615
9,2,10 69.0441 0.230559 15 0.29595 23.7733
9,2,12 50.0304 0.299385 15 0.0450251 13.5991
9,2,14 69.2441 0.336595 13.6291 0.425981 57.2166
9,2,15 67.0175 0.148286 15 0.00316966 39.4378
9,2,16 65.7263 0.116553 15 0.215474 8.68476
9,2,17 56.726 0.162908 13.655 0.128285 7.01316
9,2,18 65.3773 0.299342 12.6807 0.332262 36.3376
9,2,19 69.0427 0.250934 12.0057 0.236109 32.9441
9,2,20 61.8649 0.243588 12.8091 0.21514 12.4026
9,2,22 63.5091 0.187764 12.2887 0.169736 22.8871
9,2,23 66.6075 0.182556 12.6277 0.142828 19.2129
9,2,24 48.6842 0.171656 11.1946 0.184064 5.38798
9,2,25 65.5736 0.172715 10.7658 0.167662 11.7749
9,2,26 57.3593 0.234364 12.0956 0.181458 7.01695
9,2,27 69.1803 0.262057 10.6074 0.216792 11.3436
9,2,28 67.2431 0.312369 10.1387 0.258352 10.7072
9,2,29 58.3056 0.265338 9.95658 0.247213 4.7023
9,2,31 67.0167 0.37779 9.56979 0.317025 5.43109
9,2,33 46.3186 5.9998 1.79174 11.5031 228.088
9,2,34 319.689 4.48147 2.76552 0.878116 269.32
9,2,35 64.2547 0.522224 6.82537 0.460138 2.94363
9,3,0 61.0352 0.115298 6.92595 0.0849984 44.9288
9,3,1 45.409 0.425875 5.52335 0.311437 11.167
9,3,2 59.9292 0.113987 5.85194 0.140671 63.7014
9,3,3 57.2562 0.294345 5.93925 0.203767 6.42056
9,3,4 46.9218 0.151946 8.01956 0.109584 45.7109
9,3,5 55.7912 0.252852 5.55241 0.206916 4.89642
9,3,6 61.687 0.144279 5.53711 0.138965 55.4363
9,3,7 59.484 0.281671 5.29721 0.219562 5.86334
9,3,8 55.1924 0.173691 6.95751 0.14796 39.4519
9,3,9 59.1161 0.316751 4.37444 0.329253 5.38744
9,3,10 59.955 0.146921 4.80859 0.14908 46.6026
9,3,11 56.2571 0.278786 6.25861 0.219338 4.67647
9,3,13 49.0166 0.296698 5.4986 0.310741 5.78102
9,3,14 56.632 0.154469 6.39429 0.128843 11.7796
9,3,15 56.4781 0.236691 5.13379 0.251872 5.38215
9,3,17 55.5979 0.249017 5.11133 0.216653 5.94771
9,3,19 317.915 0.374572 1.16765 0.182193 275.32
9,3,20 43.6857 0.232576 5.13894 0.180993 16.0977
9,3,22 55.9818 0.235139 5.30801 0.178694 8.51348
9,3,23 37.8308 11.6577 1.56101 11.3637 155.167
9,3,24 47.0728 0.251304 1.0087 0.424689 146.986
9,3,25 46.3123 5.33703 1.79414 13.2845 2.82795
9,3,27 318.172 4.17348 1.40076 0.633764 131
9,3,30 36.4315 4.26291 1.79708 8.70352 275.051
9,3,32 54.8659 0.281392 6.03559 0.229964 7.10558
9,3,33 46.2417 1.75453 1.0367 12.3979 2.09016
9,3,35 56.1068 0.376402 4.44478 0.451224 2.55061
9,4,0 63.581 0.366375 9.2987 0.237874 12.4026
9,4,1 57.3879 0.337151 9.45806 0.248661 7.01661
9,4,2 63.6865 0.402802 7.57035 0.299745 10.67
9,4,3 57.4109 0.431653 9.28334 0.270381 8.32331
9,4,4 69.4378 0.151616 9.78347 0.0922708 77.1912
9,4,5 59.3074 0.355741 7.05876 0.217606 10.7751
9,4,6 52.9301 0.119127 7.81268 0.0808895 43.3886
9,4,7 67.1672 0.461193 8.16685 0.267326 13.3167
9,4,8 70.5469 0.15047 9.67298 0.100139 38.7618
9,4,9 56.3294 0.456458 8.52373 0.286337 8.89231
9,4,10 63.5728 0.139871 9.7743 0.0844291 51.7194
9,4,11 67.5544 0.450766 7.79997 0.269224 13.9423
9,4,12 70.0604 0.157705 9.50083 0.0927867 32.5499
9,4,13 52.0158 0.382712 8.26299 0.357786 15.3828
9,4,14 64.7714 0.159232 8.91997 0.0993988 36.7539
9,4,16 64.533 0.18035 8.10497 0.112338 27.9719
9,4,17 57.6468 0.407989 6.45174 0.2855 4.97531
9,4,18 65.8378 0.194558 9.58385 0.12529 27.4819
9,4,19 60.7501 0.453277 8.41788 0.269557 8.78254
9,4,20 66.6399 0.225281 9.3901 0.155304 13.6895
9,4,21 60.2832 0.386862 6.41836 0.343972 5.15487
9,4,22 62.9754 0.499875 9.51778 0.338757 5.18377
9,4,23 60.8314 0.544866 8.08435 0.337963 6.35892
9,4,24 62.2867 0.388629 4.67563 0.298421 8.90502
9,4,25 67.6125 0.585607 8.93769 0.357348 2.57157
9,4,26 61.641 0.859037 10.761 0.508169 3.19131
9,4,29 66.9222 0.730269 9.98663 0.507818 3.25205
9,4,30 68.7288 1.05867 12.2522 0.804823 3.38384
9,4,31 74.1518 0.582175 9.42724 0.424741 3.39925
9,4,34 67.6862 1.04684 9.07539 0.898446 2.54903
9,4,35 318.421 7.97222 1.49346 0.36341 178.16
9,5,0 57.6364 0.206606 6.05943 0.135549 13.6658
9,5,1 48.7624 0.293896 7.88021 0.195928 21.0974
9,5,2 57.6261 0.205398 5.72495 0.172208 6.9131
9,5,3 54.6509 0.394973 6.05449 0.304835 13.7438
9,5,4 48.311 0.32162 6.90649 0.211303 9.1622
9,5,5 57.3563 0.637047 7.44219 0.379612 17.2615
9,5,6 48.3813 0.279117 4.85928 0.18221 3.66727
9,5,7 50.7178 0.247208 3.77323 0.168296 7.78377
9,5,8 49.8043 0.336049 5.54488 0.349853 4.37124
9,5,10 50.5383 0.414247 7.22498 0.234393 6.35409
9,5,11 53.1763 0.346032 6.84618 0.229772 5.8718
9,5,12 53.1553 0.308858 6.7665 0.21657 5.51111
9,5,14 59.9557 0.325125 7.69047 0.189943 14.163
9,5,15 54.9227 0.25747 9.06566 0.163801 9.1393
9,5,16 61.6471 0.216602 5.55915 0.193843 16.9762
9,5,18 47.7632 0.220438 7.69123 0.160145 21.5374
9,5,19 56.0369 0.299865 7.47281 0.201997 57.9847
9,5,20 62.5489 0.14746 7.7404 0.0949133 29.1698
9,5,21 63.3725 0.441108 9.0525 0.310191 2.52113
9,5,22 56.6219 0.398905 9.31562 0.28504 2.81356
9,5,23 55.4429 0.340851 8.60185 0.215394 5.50016
9,5,24 53.2629 0.288258 7.59952 0.182985 7.13113
9,5,25 56.4992 0.286611 10.0531 0.193753 12.0483
9,5,26 63.2428 0.24837 8.23956 0.14156 19.324
9,5,27 56.5495 0.244362 9.04035 0.16447 6.52556
9,5,28 57.1825 0.211807 8.7008 0.149708 12.8435
9,5,29 68.8178 0.192802 9.08846 0.133789 24.4398
10,0,0 78.9959 1.08023 8.47058 0.756218 2.66436
10,0,1 72.7086 0.46101 7.51999 0.299821 2.83735
10,0,2 78.8485 0.722527 8.06114 0.546128 1.41746
10,0,3 79.4248 0.49843 8.08742 0.313021 5.18236
10,0,5 81.6077 0.436467 8.14437 0.263163 5.61566
10,0,8 79.7634 0.600154 8.18135 0.399959 3.06483
10,0,9 79.6773 0.515869 7.90218 0.354435 2.3518
10,0,10 68.6621 0.594554 8.98862 0.326313 4.31826
10,0,11 76.9022 0.498245 9.17365 0.343161 2.41218
10,0,12 72.6582 0.496379 8.01745 0.335307 3.53869
10,0,14 76.6476 0.432882 8.55574 0.268391 4.04768
10,0,15 75.3435 0.43493 7.02469 0.245037 7.01806
10,0,16 75.9229 0.179562 8.54345 0.106834 14.4166
10,0,17 74.3235 0.471824 8.36603 0.311236 7.1397
10,0,18 71.4465 0.147464 7.55185 0.0816735 27.5951
10,0,19 68.9509 0.355981 8.95099 0.22976 2.68813
10,0,20 66.8938 0.165836 7.59123 0.10192 40.0713
10,0,22 64.371 0.13198 6.52625 0.0956688 36.9864
10,0,23 66.2203 0.399762 9.19092 0.283552 4.63599
10,0,24 77.2523 0.15017 7.84293 0.0964709 50.8253
10,0,26 78.3251 0.137706 8.03377 0.0838893 55.7
10,0,27 76.4116 0.39969 7.7661 0.278413 6.82831
10,0,28 73.2335 0.103308 6.88475 0.0687135 30.4947
10,0,30 79.4929 0.11083 7.85495 0.077225 30.8041
10,0,31 78.6942 0.345425 8.60186 0.256686 6.48781
10,0,32 81.4762 0.0973291 6.87172 0.074469 29.0036
10,0,33 74.7967 0.331745 7.55207 0.193199 6.28578
10,0,34 70.5976 0.33761 8.6637 0.222853 4.19252
10,0,35 81.7307 0.319342 7.53746 0.199767 5.23809
10,1,0 93.0669 0.374614 7.72955 0.234142 6.87167
10,1,1 77.7938 0.174917 8.37253 0.103173 63.6611
10,1,2 90.993 0.407091 8.07755 0.272409 6.33428
10,1,3 91.4388 0.166644 9.05642 0.0948174 52.4612
10,1,4 72.7504 0.490376 7.79833 0.378978 9.23838
10,1,5 91.8162 0.172011 8.05363 0.1075 33.4987
10,1,6 91.6068 0.485301 8.87246 0.291856 6.93086
10,1,7 92.6665 0.21844 7.03302 0.163411 33.4813
10,1,8 82.8071 0.479618 8.00668 0.286684 5.61503
10,1,9 89.0726 0.207373 8.05719 0.112799 28.1254
10,1,10 80.428 0.512249 9.3201 0.363519 5.51229
10,1,11 81.1477 0.234245 8.61807 0.140502 24.0824
10,1,12 86.7968 0.522147 8.53173 0.346455 5.87865
10,1,13 91.5139 0.2486 8.25712 0.138599 22.2846
10,1,14 89.9708 0.552446 7.92791 0.331026 5.85894
10,1,15 90.5985 0.264274 7.44739 0.160713 13.5696
10,1,18 89.8323 0.520431 7.83221 0.42957 3.31006
10,1,19 94.0755 0.556328 7.37119 0.342915 17.5385
10,1,20 71.8044 0.553135 7.1653 0.369219 3.96532
10,1,21 84.7444 0.489381 7.39726 0.297383 11.4031
10,1,22 89.6231 0.695183 7.51711 0.499794 5.82293
10,1,23 86.7143 0.464339 8.33979 0.292821 7.56492
10,1,24 94.4434 0.938814 11.1599 0.717372 4.42729
10,1,25 87.8087 0.512503 8.20152 0.29463 9.07383
10,1,26 72.8278 0.774378 8.17432 0.517956 2.50782
10,1,27 91.1208 0.520179 8.38911 0.307771 9.67969
10,1,28 61.6099 0.937854 3.22862 0.523179 72.9111
10,1,29 85.965 0.59708 8.45609 0.345954 5.09684
10,1,30 89.5057 0.841497 8.55327 0.56551 2.58753
10,1,31 92.4784 0.637884 9.49318 0.393206 6.76148
10,1,32 79.2346 0.944428 7.70177 0.631298 1.98102
10,1,33 83.9672 0.871043 8.28917 0.895825 3.36637
10,1,35 89.2667 0.694023 8.58083 0.462245 6.6441
10,2,0 51.2564 0.132492 10.5125 0.110189 13.2561
10,2,1 51.2344 0.141276 10.4782 0.131278 18.4488
10,2,2 44.5963 0.937212 11.7509 0.751994 0.836381
10,2,3 48.5798 0.139227 10.4381 0.110729 7.86838
10,2,4 54.7323 0.1484 10.9714 0.118812 12.985
10,2,5 60.0849 0.167107 11.5482 0.139515 18.2373
10,2,6 61.0284 0.163951 10.6098 0.142604 12.2349
10,2,9 58.4514 0.48125 12.5172 0.434548 21.6406
10,2,10 59.2605 0.369723 15 0.0938271 25.5353
10,2,11 58.6526 0.347019 15 0.0581887 38.0101
10,2,12 55.7985 0.37534 12.6944 0.304288 14.9181
10,2,13 55.4252 0.240859 11.6316 0.204244 9.86353
10,2,14 49.4555 0.213296 11.0821 0.194627 13.364
10,2,15 50.9403 0.133002 10.1917 0.103353 6.75799
10,2,16 57.6124 0.143947 10.4828 0.104058 9.78482
10,2,17 51.1039 0.146799 10.1161 0.102901 9.75164
10,2,18 48.4042 0.171197 10.5231 0.140798 12.9123
10,2,19 52.3354 0.131117 10.3787 0.104097 23.7754
10,2,20 59.4326 0.122281 9.85274 0.0919582 20.7831
10,2,21 55.2982 0.142072 9.99824 0.107564 20.7745
10,2,22 57.6988 0.143229 9.79899 0.105064 15.5602
10,2,23 50.4402 0.165046 9.95449 0.12109 11.6539
10,2,25 54.2241 0.229438 9.2031 0.170033 8.90908
10,2,26 53.5072 0.231314 8.86595 0.172029 6.69061
10,2,27 52.13 0.262268 9.36954 0.188491 6.3404
10,2,28 57.6174 0.297956 9.2523 0.230286 6.76529
10,2,29 53.2002 0.34594 9.85825 0.256649 4.08065
10,2,30 44.6425 0.370622 9.46448 0.270985 3.44289
10,2,31 62.0765 0.419851 10.0452 0.323451 2.66958
10,2,32 54.7332 0.408686 7.86872 0.354051 3.63819
10,2,33 54.3893 0.506283 9.14621 0.412357 2.23011
10,3,0 71.601 0.146274 10.2915 0.0977456 49.9937
10,3,2 66.495 0.151019 8.77064 0.104514 66.0842
10,3,3 74.1857 0.318032 7.97501 0.249245 5.36635
10,3,4 70.6248 0.127244 7.85509 0.108275 30.3719
10,3,5 316.95 0.577008 2.11102 1.14972 908.52
10,3,6 67.1249 0.16533 8.47114 0.11653 34.8212
10,3,7 66.5925 0.355158 7.04223 0.253357 5.86079
10,3,8 77.5078 0.161496 7.59204 0.116981 29.3677
10,3,10 68.3073 0.211194 8.84292 0.126501 22.5104
10,3,11 67.6389 0.30392 7.35984 0.249835 3.0126
10,3,12 64.2602 0.20587 9.60379 0.146682 9.73735
10,3,13 63.2852 0.481837 7.57615 0.40595 5.90782
10,3,14 68.031 0.194692 8.03252 0.151746 7.97824
10,3,15 318.197 0.5137 1.67083 0.651818 342.16
10,3,18 67.7586 0.266325 9.22305 0.199298 7.08233
10,3,19 73.0024 0.376357 4.58942 0.274313 7.36481
10,3,20 75.3197 0.354545 8.23983 0.25841 9.38268
10,3,22 63.2028 0.345214 9.88348 0.253346 4.69967
10,3,23 59.4983 0.451069 6.78385 0.373821 2.26728
10,3,24 73.8838 0.356068 9.42843 0.210699 7.21301
10,3,25 76.5601 0.529062 5.86075 0.380034 2.41998
10,3,26 76.7744 0.410823 9.70944 0.283087 8.58294
10,3,27 70.345 0.533778 4.30216 0.424727 4.79472
10,3,31 73.9459 0.64927 5.41495 0.51788 3.23563
10,3,32 68.1787 0.452682 7.71474 0.375381 2.49421
10,3,33 317.554 0.802344 1.45209 0.608538 100.72
10,3,35 317.607 1.40501 1.40519 1.14635 66.0435
10,4,0 72.2228 0.352277 8.69658 0.235133 4.94457
10,4,3 75.4621 0.36976 10.4675 0.284635 8.65164
10,4,4 71.3079 0.13262 9.42662 0.106542 25.6392
10,4,6 71.2442 0.116476 8.52533 0.0922377 41.2776
10,4,7 68.2447 0.345127 9.59493 0.300185 8.00041
10,4,8 65.1811 0.136016 9.16946 0.100168 59.2845
10,4,10 74.8115 0.148657 8.8802 0.111179 73.5381
10,4,11 76.207 0.317512 8.5116 0.251226 4.66775
10,4,12 79.3083 0.110363 7.69299 0.0787128 47.5567
10,4,14 79.5407 0.119391 7.95905 0.0814756 45.5467
10,4,15 62.6479 0.371492 7.38324 0.265683 1.8837
10,4,16 69.5321 0.117304 8.23556 0.0820704 31.5005
10,4,18 80.9692 0.134902 8.01652 0.0783814 44.0548
10,4,19 65.639 0.0378859 1.00009 0.00944555 6.83297
10,4,20 70.7562 0.144508 8.23515 0.0930383 26.3664
10,4,21 71.9175 0.49595 8.57891 0.327753 4.83723
10,4,22 315.936 0.312903 1.00178 7.21511 388.76
10,4,24 68.1576 0.421197 8.50425 0.280199 1.73948
10,4,25 70.8538 0.431802 7.72427 0.330328 3.39211
10,4,26 62.3696 0.476271 7.36275 0.284096 2.29882
10,4,27 76.4113 0.624629 7.94727 0.403574 2.25583
10,4,28 74.2592 0.587387 8.82304 0.404142 2.70859
10,4,29 73.4782 0.667535 8.32329 0.536337 2.90433
10,4,30 76.6388 0.920496 6.99476 0.630726 4.26282
10,4,31 72.6105 0.41707 6.23774 0.336812 6.97914
10,5,0 65.9725 0.225487 7.95803 0.151547 87.6356
10,5,1 69.8652 0.166163 6.77832 0.108671 39.3936
10,5,2 57.0407 0.281931 7.5771 0.184484 58.7605
10,5,3 72.4324 0.265297 7.65274 0.164672 23.7275
10,5,4 68.7455 0.195346 5.96913 0.162862 27.3036
10,5,5 60.5825 0.278822 6.40863 0.209507 24.7767
10,5,6 63.7737 0.25466 5.18812 0.205774 21.4005
10,5,7 58.6376 0.265757 5.83042 0.229376 15.4855
10,5,8 63.7633 0.252716 4.73235 0.19709 14.4292
10,5,9 77.0585 0.621217 8.13079 0.322532 11.4829
10,5,10 60.6811 0.402826 7.602 0.270606 8.28831
10,5,12 66.8173 0.497288 6.74165 0.335174 20.0473
10,5,13 77.2216 0.342049 9.35336 0.194352 18.1095
10,5,14 69.2518 0.324888 10.7452 0.235142 23.9502
10,5,15 72.8465 0.272208 10.6696 0.15024 34.0085
10,5,16 64.3019 0.240295 10.8564 0.145928 41.4685
10,5,17 73.8135 0.203875 10.6089 0.122609 59.467
10,5,18 75.3621 0.201417 9.16368 0.122253 46.6541
10,5,19 77.3862 0.203569 10.176 0.11697 71.7446
10,5,20 64.4777 0.168599 9.64592 0.108203 69.1901
10,5,21 68.6744 0.468215 10.7954 0.309371 10.1822
10,5,22 79.0889 0.401635 10.0978 0.32932 10.0906
10,5,23 81.214 0.3691 10.5399 0.24855 8.0667
10,5,24 79.9679 0.475323 6.30581 0.688141 20.6378
10,5,26 83.3897 0.261263 9.21025 0.19537 19.8024
10,5,27 79.0333 0.246389 9.78474 0.195611 22.1169
10,5,28 84.2167 0.269333 9.07466 0.223375 37.8886
10,5,29 76.5187 0.215116 8.3105 0.171041 28.6933
11,0,1 64.046 0.511771 9.26741 0.325261 2.85031
11,0,3 63.2187 0.373051 7.64843 0.211642 4.097
11,0,4 55.2025 0.547927 8.02545 0.295481 2.47683
11,0,5 59.8417 0.374643 8.32181 0.318478 5.59219
11,0,7 53.3283 0.511074 8.33422 0.293985 3.47406
11,0,8 63.8335 0.414976 7.8039 0.23229 4.18101
11,0,9 58.6244 0.376653 8.04711 0.264397 2.82635
11,0,10 63.9521 0.334636 7.23175 0.197315 3.69565
11,0,11 62.3847 0.364008 7.49896 0.199598 6.62489
11,0,12 62.4835 0.352373 7.99249 0.210593 5.48358
11,0,13 60.2438 0.356117 7.74534 0.202001 8.13958
11,0,14 63.0352 0.302791 7.82367 0.165794 8.72246
11,0,15 63.2845 0.270924 7.55801 0.153016 7.80238
11,0,16 61.7241 0.158419 8.83084 0.1006 28.0857
11,0,17 58.8889 0.282378 8.1367 0.258454 4.15806
11,0,18 61.2232 0.160174 8.62882 0.136065 22.2145
11,0,19 56.9423 0.275345 8.18123 0.190472 6.50138
11,0,20 58.2421 0.124079 9.03329 0.0926818 15.707
11,0,21 51.9047 0.24971 7.30601 0.148899 8.66235
11,0,22 62.5077 0.145891 8.7668 0.125171 33.8719
11,0,24 65.2165 0.114517 9.3508 0.0778152 23.1317
11,0,25 65.7882 0.218104 8.09371 0.130287 8.11788
11,0,26 64.8737 0.111695 9.72743 0.0758696 37.324
11,0,27 57.5643 0.228022 7.88318 0.140775 8.63708
11,0,28 63.1052 0.123905 8.9464 0.104478 59.7399
11,0,30 64.0141 0.122163 9.16559 0.0820897 67.0977
11,0,31 57.9094 0.207743 8.54823 0.143405 4.66628
11,0,32 62.4097 0.132741 9.72899 0.117916 56.6533
11,0,33 60.6842 0.233434 7.96593 0.189307 7.84866
11,0,34 66.9152 0.217939 8.13282 0.133237 11.5843
11,0,35 68.4487 0.215974 8.33836 0.1791 5.22997
11,1,0 73.9913 0.30221 8.90277 0.230651 13.7276
11,1,1 69.4637 0.136621 10.0265 0.124812 48.9003
11,1,2 59.7941 0.308527 9.74505 0.226687 10.76
11,1,3 74.2691 0.137064 11.0907 0.0984644 50.2582
11,1,4 64.9097 0.263493 8.58919 0.168969 11.5395
11,1,5 71.5313 0.13603 10.9373 0.0897814 75.4007
11,1,6 63.7641 0.276029 9.496 0.185616 11.23
11,1,7 72.6581 0.143843 10.3515 0.10566 63.5591
11,1,8 54.5141 0.356966 8.22041 0.225256 12.9181
11,1,9 71.1078 0.144451 10.2675 0.0942548 38.1757
11,1,10 72.186 0.294508 7.90698 0.169554 14.2713
11,1,11 69.8404 0.171125 9.97055 0.103872 38.7358
11,1,12 60.6448 0.3554 9.19227 0.227094 9.64163
11,1,13 71.2269 0.166171 9.97012 0.109402 26.489
11,1,14 72.107 0.330082 8.11845 0.202668 10.79
11,1,15 71.4701 0.188986 9.77238 0.136149 27.4869
11,1,16 59.4052 0.34816 7.7574 0.226897 10.7468
11,1,17 56.2825 0.203432 9.31484 0.129668 26.1321
11,1,18 68.3196 0.441256 8.80696 0.25891 7.70146
11,1,19 75.3128 0.222802 10.4475 0.143886 18.4216
11,1,20 62.7333 0.344487 5.08 0.282155 11.2147
11,1,21 72.6388 0.251717 9.69938 0.153298 25.1815
11,1,22 67.6391 0.490763 9.01051 0.288782 6.7663
11,1,23 70.3613 0.291443 9.35627 0.175329 10.6606
11,1,24 57.3575 0.525905 9.61195 0.372451 4.27658
11,1,25 59.1312 0.327691 10.1192 0.217684 9.65531
11,1,26 72.4459 0.531852 9.66222 0.284891 5.92571
11,1,28 60.083 0.392036 5.04099 0.297399 5.47144
11,1,30 47.2384 5.35731 1.2216 11.6078 12.4936
11,1,31 318.628 1.53934 1.98423 0.690953 386.2
11,1,32 44.6067 0.926845 4.65102 1.01129 116.719
11,1,33 318.648 195.09 1.59225 0.235532 268.72
11,1,34 318.546 186.379 1.36805 0.299869 116.25
11,2,0 44.2373 0.130607 10.3509 0.108226 5.44085
11,2,1 50.6801 0.140816 11.0256 0.117687 9.74235
11,2,2 50.3915 0.158745 11.5117 0.134954 10.3598
11,2,3 61.3624 0.171988 12.1672 0.139162 7.95983
11,2,4 61.7905 0.163364 12.5005 0.136142 12.6304
11,2,5 56.9116 0.160637 12.0466 0.135444 10.5529
11,2,6 55.7481 0.192448 12.2705 0.165792 15.0991
11,2,7 40.9228 0.171331 11.0264 0.161758 7.56335
11,2,8 52.0189 0.22887 12.3162 0.225736 16.4271
11,2,11 55.4099 0.334414 15 0.129766 26.9573
11,2,12 44.6959 0.323941 15 0.137629 13.4022
11,2,13 49.1088 0.286076 15 0.0533944 16.7323
11,2,15 52.4376 0.117833 15 0.00889393 7.78467
11,2,16 46.9607 0.154737 12.4063 0.133325 6.98729
11,2,17 55.4645 0.134825 12.0366 0.108697 10.735
11,2,18 56.3488 0.26569 10.315 0.325509 33.0047
11,2,19 56.7283 0.230191 11.8212 0.207213 17.4036
11,2,20 53.0362 0.205411 11.4309 0.199697 17.943
11,2,21 46.0061 0.152894 10.6528 0.157926 10.3649
11,2,22 52.7667 0.154794 10.6037 0.152699 23.2667
11,2,23 45.4666 0.140948 10.7561 0.122164 11.7025
11,2,24 55.5747 0.146263 10.4109 0.128595 22.8247
11,2,26 56.3522 0.183529 10.5236 0.154845 21.9365
11,2,27 53.6738 0.193267 9.9791 0.162329 12.9541
11,2,28 57.7109 0.184438 8.62435 0.172005 10.5053
11,2,29 60.4046 0.266625 10.4272 0.209961 11.3504
11,2,30 45.2404 0.231978 8.81903 0.207966 3.59553
11,2,31 53.9606 0.293264 8.90362 0.268765 6.95916
11,2,33 317.513 5.53747 1.44702 0.261566 488.2
11,2,34 29.1668 0.926788 4.99017 0.961542 272.666
11,2,35 50.5474 0.477412 5.48078 0.492642 2.93783
11,3,0 57.2708 0.120743 9.67342 0.0886548 15.5194
11,3,1 59.5665 0.298923 8.12918 0.252346 4.6076
11,3,2 58.8897 0.119835 9.29983 0.0948973 16.7064
11,3,4 69.4038 0.112433 8.02204 0.0897461 21.7755
11,3,5 62.0993 0.315184 5.47151 0.283408 7.17445
11,3,6 58.545 0.128107 8.92567 0.0916073 16.5748
11,3,7 58.112 0.342593 7.84932 0.211164 3.55824
11,3,8 65.7706 0.145949 9.85914 0.0971905 35.5023
11,3,9 58.2843 0.358233 8.02861 0.266078 3.63113
11,3,10 55.0859 0.168907 10.1985 0.119646 13.0322
11,3,11 63.5816 0.419117 8.5027 0.361459 6.95451
11,3,12 58.7097 0.165056 9.63628 0.118807 13.7472
11,3,13 55.0632 0.423228 9.86863 0.314598 4.29643
11,3,14 52.4746 0.173968 8.47981 0.102955 36.5392
11,3,15 64.4488 0.408715 9.00811 0.27766 4.58994
11,3,16 49.1198 0.229781 8.15011 0.148705 25.4386
11,3,17 60.162 0.457182 8.41599 0.326198 5.52841
11,3,18 61.7497 0.227485 8.85066 0.133582 24.0054
11,3,20 50.5875 0.293608 8.82655 0.202984 9.75434
11,3,21 61.1085 0.543255 8.68713 0.413745 4.42874
11,3,24 51.5088 0.230605 5.73182 0.202071 7.94411
11,3,25 46.1674 0.271259 1.00133 8.90156 134.273
11,3,26 62.6212 0.31172 7.71637 0.172705 8.17481
11,3,27 67.3713 0.623883 8.5893 0.35755 2.53931
11,3,28 317.633 0.423806 1.47593 0.606545 670.64
11,3,31 65.8136 0.685348 1.08884 2.08143 3.40977
11,3,33 63.5834 0.747135 7.62644 0.435207 2.09295
11,3,34 46.0978 2.61815 1.8595 7.65678 170.261
11,3,35 68.5649 0.684262 8.01597 0.859681 4.20202
11,4,1 69.9452 0.294962 7.92331 0.273458 6.20868
11,4,3 57.8421 0.415652 9.78197 0.338744 29.5458
11,4,4 77.4147 0.121163 8.01699 0.0912049 60.44
11,4,5 67.2815 0.322067 9.9707 0.22994 6.5437
11,4,6 69.1217 0.149921 11.0316 0.112631 55.1212
11,4,7 66.8194 0.357971 9.70029 0.274036 4.47685
11,4,8 66.7459 0.125922 10.4914 0.0895347 40.4113
11,4,9 72.8457 0.380466 9.90231 0.29086 9.67789
11,4,10 75.7097 0.138196 8.57448 0.114908 52.3703
11,4,12 74.3036 0.138776 10.1818 0.0939802 25.8215
11,4,13 65.9193 0.420325 9.0419 0.262779 8.98185
11,4,14 75.0256 0.18176 9.26083 0.14996 39.793
11,4,16 64.0184 0.182247 10.929 0.117136 28.3233
11,4,18 71.039 0.195093 10.0256 0.128016 25.0579
11,4,20 66.1345 0.205265 10.3636 0.142603 22.6166
11,4,21 73.1748 0.466362 10.1701 0.326567 5.993
11,4,22 71.0575 0.492729 9.40967 0.257613 5.9258
11,4,23 59.0106 0.404482 8.4309 0.255638 4.21808
11,4,25 64.1452 0.681424 9.35824 0.588256 5.28726
11,4,26 66.3057 0.503415 9.28965 0.354843 2.20557
11,4,27 69.2833 0.588106 9.54662 0.481937 4.20486
11,4,28 66.952 0.598339 10.236 0.447912 4.15576
11,4,30 70.3361 0.732827 8.1528 0.857332 3.51729
11,4,31 71.1022 0.38736 6.49097 0.270654 4.03141
11,4,32 64.6816 0.633069 5.22327 0.494712 3.4016
11,4,33 72.7059 0.70932 6.9111 0.633471 5.15482
11,4,34 70.3067 0.836895 5.60977 1.08155 3.40077
11,4,35 70.3688 0.502276 6.48784 0.599695 4.29623
11,5,0 60.6238 0.20055 7.14032 0.113532 33.6577
11,5,1 56.524 0.251521 8.68673 0.160533 16.2167
11,5,2 53.0136 0.222553 7.27865 0.157456 13.9367
11,5,4 52.83 0.256753 7.42082 0.15769 11.7934
11,5,5 50.3839 0.26553 6.68309 0.18848 8.25683
11,5,6 64.7125 0.292475 5.23763 0.233043 12.2121
11,5,7 57.6143 0.441066 6.9809 0.278282 14.5863
11,5,8 61.1472 0.371397 7.47399 0.229531 6.86634
11,5,10 55.5034 0.371838 7.59838 0.209413 7.45884
11,5,11 59.0525 0.348624 8.22315 0.189665 5.03656
11,5,12 55.2275 0.328678 9.18625 0.206672 13.0506
11,5,13 71.813 0.316632 9.39466 0.170903 15.2055
11,5,15 64.0237 0.248292 8.18266 0.160503 15.3764
11,5,16 69.3672 0.248027 8.70012 0.143607 35.9483
11,5,17 67.0003 0.253642 8.33575 0.177899 38.3885
11,5,18 68.9771 0.209352 9.27546 0.127887 56.5189
11,5,19 63.8485 0.170389 7.90853 0.10822 31.6637
11,5,20 63.5283 0.168361 10.5177 0.12279 21.8504
11,5,21 75.0796 0.447915 9.16685 0.319461 8.37802
11,5,22 71.0461 0.418335 9.00486 0.36811 12.3823
11,5,23 69.3582 0.281839 8.0302 0.267838 5.40089
11,5,24 63.3549 0.348836 9.29995 0.266112 11.0822
11,5,25 76.2519 0.27295 8.55067 0.223633 12.1536
11,5,26 66.4667 0.246989 9.10703 0.188921 8.73407
11,5,27 69.4881 0.232155 9.31172 0.187651 16.8412
11,5,28 60.099 0.193296 8.07203 0.178038 15.6644
11,5,29 73.3917 0.18913 10.1534 0.125697 27.1606
12,0,0 114.535 0.988883 11.0067 0.608582 2.54114
12,0,1 101.3 0.678384 10.4768 0.376272 4.77578
12,0,2 105.099 0.975259 11.7662 0.568309 3.27067
12,0,3 103.026 0.59811 11.5006 0.434265 5.0476
12,0,4 106.886 1.09766 13.0982 0.820457 2.29681
12,0,7 96.8196 0.850235 12.0781 0.486182 2.21609
12,0,8 105.999 0.746744 10.4355 0.499125 3.02592
12,0,9 94.9865 0.851266 11.4282 0.599838 3.75046
12,0,10 102.445 0.683195 11.5576 0.363992 6.23054
12,0,11 96.3725 0.750102 12.0195 0.53387 3.8891
12,0,12 89.5213 0.60104 10.2789 0.369853 4.18938
12,0,13 109.375 0.539851 9.50375 0.323152 7.24832
12,0,14 100.332 0.507364 9.61036 0.364334 4.57446
12,0,15 110.624 0.528453 10.9562 0.315318 7.61825
12,0,16 112.33 0.207871 10.6052 0.115798 34.3306
12,0,17 86.659 0.508437 9.84434 0.303079 8.23088
12,0,18 105.446 0.215631 12.3448 0.133807 23.8087
12,0,19 100.895 0.442831 10.4262 0.292591 5.52376
12,0,20 104.16 0.186609 11.3467 0.110628 50.3001
12,0,21 94.8606 0.47456 11.307 0.295738 6.06094
12,0,22 90.9141 0.175024 10.7458 0.0988193 56.1539
12,0,23 98.3779 0.465251 11.1921 0.252195 7.78001
12,0,24 92.589 0.173997 11.4973 0.106416 49.8315
12,0,25 89.8323 0.449459 10.9407 0.264975 8.60734
12,0,26 103.451 0.185174 10.4553 0.12128 52.0505
12,0,27 100.324 0.434427 10.8945 0.269097 7.70805
12,0,28 106.948 0.201924 11.8779 0.136493 42.481
12,0,29 102.927 0.485117 12.6665 0.333273 9.43412
12,0,30 114.419 0.207818 12.1113 0.138264 66.7596
12,0,31 100.865 0.471074 13.1811 0.342468 3.96591
12,0,32 88.7745 0.195461 12.2149 0.130911 46.14
12,0,33 93.8406 0.458481 11.51 0.291727 11.3872
12,0,34 110.019 0.478608 10.732 0.272613 9.63395
12,0,35 96.7302 0.472162 11.2376 0.246007 7.80929
12,1,0 90.5158 0.391694 9.22838 0.216595 9.74372
12,1,1 98.8247 0.188061 10.5638 0.122906 38.4832
12,1,2 97.6789 0.442688 8.59686 0.239813 10.7463
12,1,3 84.0976 0.171955 8.28475 0.111178 45.0687
12,1,4 97.8316 0.46712 9.3693 0.281226 9.39144
12,1,5 81.697 0.166244 9.32774 0.0997321 46.9837
12,1,6 81.7977 0.390433 7.73615 0.238452 5.86125
12,1,7 97.4494 0.223407 8.71484 0.127309 51.3777
12,1,8 92.5943 0.445424 8.43828 0.289071 5.61997
12,1,9 93.0032 0.225315 7.83559 0.149692 28.1026
12,1,11 97.4783 0.24742 8.80681 0.152353 33.8411
12,1,13 93.0996 0.27777 7.36278 0.191512 23.6618
12,1,15 91.0851 0.235903 7.77033 0.149456 14.4226
12,1,17 95.5805 0.324158 8.21746 0.172062 16.6699
12,1,18 91.1679 0.573878 7.89758 0.404762 5.23727
12,1,19 90.235 0.331628 8.32204 0.212961 15.1945
12,1,20 317.437 0.653109 2.04515 0.984674 383.652
12,1,21 97.1804 0.453038 8.97158 0.240877 13.1994
12,1,22 79.9928 0.585114 8.3718 0.436445 3.01232
12,1,23 89.166 0.454982 8.31898 0.220989 14.7431
12,1,24 75.5322 0.230736 1.51923 0.559378 7.32666
12,1,25 79.9989 0.463307 8.27152 0.247314 10.0693
12,1,26 90.7667 0.627404 6.58246 0.406664 2.76815
12,1,27 91.5133 0.462796 7.02054 0.324087 5.65378
12,1,28 90.62 0.815414 9.74364 0.587769 1.74047
12,1,29 93.7372 0.513924 7.83954 0.2876 7.3145
12,1,30 77.7315 1.01647 8.68617 0.758429 4.03419
12,1,31 93.8372 0.588531 8.73166 0.34783 5.1082
12,1,33 83.3837 0.602199 8.25423 0.339294 5.73007
12,2,0 48.1498 0.18022 12.9879 0.213519 6.11813
12,2,1 64.3355 0.165944 13.3075 0.138123 9.91059
12,2,2 66.9452 0.188644 14.4111 0.158292 7.37142
12,2,3 66.1644 0.196942 13.9419 0.153917 11.995
12,2,4 67.6352 0.204694 14.8219 0.160014 14.0911
12,2,5 58.0405 0.204324 14.627 0.174126 8.11747
12,2,10 62.3825 0.355581 15 0.021897 31.1271
12,2,11 71.4689 0.316846 15 0.0298328 39.438
12,2,12 60.2029 0.278748 15 0.0331163 13.7669
12,2,13 65.6638 0.223941 15 0.284183 11.2753
12,2,15 71.5816 0.182511 14.7206 0.142063 6.63474
12,2,16 71.1501 0.153699 15 0.0345914 10.9002
12,2,17 72.3445 0.191914 14.0382 0.13074 10.6601
12,2,19 78.5267 0.202245 12.8771 0.157218 20.5138
12,2,20 68.6697 0.223394 14.0161 0.174322 23.9316
12,2,21 72.4788 0.210747 13.7676 0.16245 16.8126
12,2,22 67.9153 0.21444 13.2744 0.16701 13.3996
12,2,23 78.8453 0.218177 13.0391 0.169 9.80422
12,2,24 18.0402 27.0267 1.73827 11.4294 0.88505
12,2,26 223.419 4.9022 4.9989 1.34636 -1
12,2,27 56.6107 0.314491 13.2108 0.236434 3.05088
12,2,28 68.4116 0.346847 12.9266 0.265428 4.18687
12,2,29 66.7024 0.404344 12.5486 0.285924 4.27297
12,2,30 69.7876 0.424322 13.7074 0.334558 2.88721
12,2,31 73.1357 0.504754 13.4275 0.397234 2.29079
12,2,32 71.693 0.554453 12.9853 0.415108 3.00099
12,2,33 59.2821 0.545191 12.0202 0.397616 2.1627
12,2,34 71.5477 0.63598 12.7992 0.482138 2.11593
12,2,35 77.5531 0.679886 12.5833 0.497923 1.78781
12,3,0 71.3775 0.143106 9.94308 0.125264 35.5911
12,3,2 75.9416 0.142228 8.79175 0.109854 56.6151
12,3,4 73.0807 0.141502 8.64584 0.120598 39.6165
12,3,5 56.3687 2.23515 1.6176 2.50894 547.884
12,3,6 59.7185 0.135579 9.4674 0.0947733 32.5666
12,3,8 69.1934 0.165348 9.5285 0.110151 32.0356
12,3,9 70.5716 0.413769 8.95884 0.230909 6.2051
12,3,10 65.0182 0.161401 9.31292 0.10434 28.8739
12,3,11 65.451 0.306301 9.00109 0.195902 10.1828
12,3,12 69.1291 0.196637 8.85989 0.114795 31.2592
12,3,13 62.7734 0.332917 8.84058 0.194234 9.2273
12,3,14 70.4181 0.218842 9.22564 0.136522 15.4297
12,3,15 65.8555 0.451554 7.07932 0.288422 5.90807
12,3,16 66.3189 0.215234 9.04626 0.141425 20.198
12,3,18 65.6475 0.249048 9.34271 0.172933 8.16216
12,3,19 69.0104 0.367713 5.878 0.315455 2.54866
12,3,20 73.6317 0.275453 9.32842 0.20033 8.0485
12,3,21 70.3816 0.408533 4.95183 0.385891 4.85062
12,3,22 73.219 0.332175 8.777 0.252312 8.92038
12,3,23 316.653 16.0136 1.10096 0.475653 161.44
12,3,24 67.2229 0.317803 8.43682 0.192569 13.5801
12,3,25 61.067 0.482831 4.8402 0.398277 2.92975
12,3,26 70.7025 0.367966 8.9284 0.277771 3.81826
12,3,27 317.002 245.472 1.00227 10.3565 208.96
12,3,28 64.2755 0.345762 7.37341 0.218405 6.75497
12,3,29 65.7489 0.962234 8.92902 0.65002 4.23273
12,3,30 63.6959 0.534492 8.7395 0.371451 6.78581
12,3,31 69.8361 0.562421 4.63968 0.545953 3.38963
12,3,34 68.2742 0.460564 8.24766 0.320707 2.40563
12,3,35 67.4526 20.5041 1.50318 11.0943 2.5385
12,4,1 80.0341 0.287771 8.0444 0.209744 7.25703
12,4,3 78.5187 0.354968 10.057 0.27778 8.41642
12,4,4 81.5771 0.153724 10.6441 0.113014 45.6051
12,4,5 79.4312 0.38283 10.5392 0.319156 17.3636
12,4,6 77.9372 0.141201 9.80731 0.105103 70.6721
12,4,7 79.4083 0.389749 11.5565 0.294452 14.3869
12,4,8 78.7029 0.126022 9.18703 0.094535 63.7342
12,4,9 78.6751 0.325437 8.62464 0.246457 6.20138
12,4,10 75.9238 0.139801 9.46938 0.0992661 58.7541
12,4,11 76.8534 0.348774 9.07909 0.237422 5.31084
12,4,12 79.3166 0.14043 10.3019 0.0995755 55.3426
12,4,14 79.834 0.119769 8.76742 0.0903796 47.0731
12,4,15 72.8583 0.443853 8.02507 0.294035 2.52826
12,4,16 80.451 0.123407 8.60675 0.0871165 46.5784
12,4,18 72.8202 0.137073 8.99732 0.0925676 39.7221
12,4,19 64.676 0.372511 8.41668 0.245647 7.47436
12,4,20 71.3539 0.154859 9.92815 0.102688 39.8344
12,4,23 68.5127 0.392065 7.83718 0.268679 4.30276
12,4,24 65.6101 0.473256 7.45718 0.258789 7.2134
12,4,25 56.5706 4.60306 1.74348 11.8678 231.838
12,4,26 71.4516 0.448138 6.91301 0.310036 3.01287
12,4,27 65.0032 0.612035 6.76868 0.472835 3.773
12,4,28 69.0638 0.626213 6.28161 0.499044 1.28379
12,4,29 81.2222 0.709505 9.35066 0.462417 3.18437
12,4,30 66.3654 0.675603 7.82077 0.418918 4.27634
12,4,31 72.8446 0.429196 9.99514 0.260023 6.06594
12,4,32 70.1409 0.827224 7.08378 0.476323 2.07237
12,4,34 317.448 206.119 1.27724 0.34108 163.12
12,4,35 69.3541 0.496978 8.94629 0.280803 5.09118
12,5,3 65.1736 0.206451 8.37781 0.128527 30.846
12,5,4 60.2843 0.166636 5.08388 0.165721 30.4185
12,5,5 51.5208 0.197439 6.30472 0.138783 14.0721
12,5,7 53.3186 0.281424 9.60916 0.182709 16.2856
12,5,8 58.4746 0.382281 8.0103 0.206519 23.8269
12,5,9 53.5243 0.339024 7.41657 0.21407 7.06812
12,5,10 58.7923 0.342058 8.66496 0.201488 7.02001
12,5,11 65.5205 0.270438 8.68555 0.161922 15.8644
12,5,12 60.8981 0.314941 9.29606 0.1888 12.566
12,5,13 60.2242 0.247346 8.96161 0.179534 17.2159
12,5,14 60.723 0.248691 9.50526 0.14334 20.5028
12,5,15 67.9139 0.200062 8.7928 0.13209 17.8689
12,5,16 64.9362 0.187658 7.8464 0.114561 32.6713
12,5,17 69.6424 0.180215 9.17162 0.102514 34.9933
12,5,18 57.183 0.15234 9.23951 0.105319 36.0228
12,5,19 64.3111 0.154605 9.86255 0.11883 37.7179
12,5,21 70.4355 0.372652 8.84314 0.187116 10.5071
12,5,23 65.6522 0.336047 9.04784 0.266961 12.665
12,5,25 70.8358 0.263709 8.94044 0.217604 18.5709
12,5,26 64.2758 0.258054 9.27831 0.203928 17.1644
12,5,27 76.8211 0.211891 7.87866 0.165283 21.0941
12,5,28 59.9259 0.151464 7.6193 0.122335 15.4114
12,5,29 64.3629 0.190534 9.83212 0.139255 27.5356
13,0,0 55.9889 0.818189 6.11413 0.582483 2.87358
13,0,1 46.2831 1.97169 1.88074 2.64794 201.187
13,0,2 63.0184 0.542685 6.38901 0.482605 2.07104
13,0,4 52.1883 0.485353 6.26959 0.433833 2.45718
13,0,5 52.9622 0.31795 6.73581 0.187294 3.87007
13,0,6 62.649 0.401099 5.85443 0.32065 2.48612
13,0,9 61.07 0.360296 6.36759 0.208119 3.39486
13,0,10 61.362 0.372591 7.48222 0.211942 6.08358
13,0,11 61.6557 0.402625 8.29959 0.346903 4.19069
13,0,12 51.9611 0.333382 7.33836 0.272748 3.56089
13,0,13 52.6736 0.343382 7.64777 0.271029 5.41915
13,0,14 59.0371 0.263771 6.77975 0.18904 1.65611
13,0,15 57.6376 0.251537 8.02613 0.155186 3.25332
13,0,16 60.2696 0.143463 7.7638 0.111446 11.3946
13,0,17 60.6406 0.240905 7.51364 0.184132 3.44131
13,0,18 68.3696 0.158553 8.05022 0.112293 27.0113
13,0,20 66.332 0.137056 6.76918 0.097076 52.6479
13,0,22 63.0838 0.11059 7.75492 0.0784692 31.1932
13,0,24 67.3741 0.173139 8.10576 0.125137 59.8035
13,0,25 53.5822 0.222771 7.15492 0.168378 9.7295
13,0,26 57.6358 0.128359 8.43115 0.0901922 83.7695
13,0,27 62.7875 0.22632 7.26515 0.186919 9.464
13,0,28 69.3125 0.133731 8.42903 0.0937095 65.645
13,0,29 52.5968 0.233282 8.48706 0.147009 9.75564
13,0,30 58.6583 0.137133 8.68443 0.0992964 70.5925
13,0,31 62.2833 0.20036 7.1648 0.137063 7.85573
13,0,32 66.0521 0.163839 8.47057 0.133344 57.1131
13,0,33 61.3593 0.21925 7.7359 0.127802 11.6985
13,0,34 65.5599 0.277214 6.58807 0.195545 20.2422
13,0,35 64.7415 0.235188 7.13669 0.166249 12.0375
13,1,0 63.4929 0.262613 8.44893 0.189407 14.894
13,1,1 73.4761 0.120762 10.139 0.0907148 51.8295
13,1,2 68.6875 0.241224 9.00988 0.16802 7.07304
13,1,3 73.1342 0.144001 10.3172 0.110264 53.7673
13,1,5 72.9949 0.142152 9.71029 0.108282 44.3462
13,1,6 67.8295 0.21019 7.95627 0.131859 7.69714
13,1,7 59.9716 0.120821 9.72556 0.0815884 44.6298
13,1,8 67.1562 0.246635 8.63463 0.17555 7.38162
13,1,9 67.2948 0.121398 7.85992 0.0857265 42.2415
13,1,10 67.1003 0.246962 7.69041 0.15031 8.36073
13,1,11 60.0077 0.128375 9.1947 0.0894239 31.407
13,1,12 65.1893 0.289903 8.02525 0.211686 6.78495
13,1,13 68.3852 0.130733 9.04881 0.0930069 23.8548
13,1,14 55.8021 0.269847 8.10279 0.189774 6.97692
13,1,15 64.2817 0.155481 9.39929 0.103913 20.1016
13,1,16 64.204 0.303315 8.73342 0.189414 8.37578
13,1,17 70.7029 0.144753 7.87053 0.127184 18.2442
13,1,18 63.3373 0.37416 9.41399 0.230206 5.22597
13,1,19 67.8817 0.169658 9.28802 0.116782 11.7362
13,1,20 57.2063 0.347552 8.82583 0.224397 4.37249
13,1,21 57.7154 0.196051 9.2386 0.133037 12.9929
13,1,22 67.7422 0.328812 8.42583 0.211497 5.41311
13,1,23 66.4567 0.211988 8.69109 0.141134 14.0596
13,1,24 61.717 0.339586 6.85388 0.214485 4.23009
13,1,25 65.6672 0.259587 7.85806 0.162984 10.1261
13,1,26 67.5642 0.373958 8.30674 0.291624 3.41033
13,1,27 54.0961 0.306616 3.89943 0.286127 658.362
13,1,28 58.6738 0.408245 8.08588 0.318522 3.22592
13,1,29 66.2031 0.257655 7.72513 0.14259 12.6986
13,1,30 64.6322 0.548286 8.37791 0.339589 2.07761
13,1,31 47.7024 2.19599 1.71577 1.35216 431.276
13,1,32 40.9005 0.224728 15 0.00234457 144.397
13,1,34 316.959 0.62515 1.00001 10.4306 198.96
13,1,35 57.1498 0.385269 8.43891 0.269518 3.11274
13,2,0 52.9075 0.149181 12.3775 0.12231 8.0817
13,2,1 61.5624 0.15556 12.844 0.120391 11.2528
13,2,2 48.0606 0.145233 11.8714 0.117331 8.80959
13,2,3 46.5776 0.171985 11.7783 0.138835 5.01695
13,2,4 59.9334 0.204953 14.0875 0.175191 11.9281
13,2,5 60.5293 0.200177 13.5801 0.17183 16.5408
13,2,6 66.9875 0.183867 12.8807 0.1625 12.846
13,2,7 66.1158 0.220211 14.3982 0.191037 18.8131
13,2,8 56.6196 0.24555 14.2582 0.225709 8.0726
13,2,10 59.1758 0.349723 14.6846 0.334828 13.2405
13,2,11 64.8394 0.348511 15 0.020585 43.7741
13,2,12 49.3027 0.319242 15 0.0227421 15.8295
13,2,13 64.5038 0.333475 15 0.112105 42.7278
13,2,14 53.815 0.243511 15 0.0819647 12.9024
13,2,15 60.5867 0.131081 15 0.00578996 15.7643
13,2,16 60.6127 0.167535 14.7402 0.138792 12.3016
13,2,17 55.8908 0.16469 13.4788 0.136135 6.15742
13,2,18 65.8421 0.239696 15 0.0630358 33.3715
13,2,19 55.6161 0.247251 12.6878 0.22566 15.2732
13,2,20 60.0989 0.26699 12.8766 0.270013 40.4504
13,2,21 59.5068 0.223354 13.4564 0.202803 28.4679
13,2,22 61.6206 0.207834 14.3632 0.186678 30.3163
13,2,23 57.9956 0.16866 13.059 0.147423 8.36697
13,2,24 53.8099 0.166992 12.7437 0.154434 8.08691
13,2,25 63.9029 0.188583 13.1658 0.148755 20.6299
13,2,26 49.6195 0.185727 11.7873 0.143173 6.77511
13,2,27 49.5262 0.193001 11.112 0.152161 8.0139
13,2,28 62.9448 0.247155 12.0274 0.190634 12.6122
13,2,29 46.0796 0.276846 10.586 0.20648 1.17925
13,2,31 52.6374 0.337843 11.2883 0.251517 1.76508
13,2,33 66.0139 0.570023 10.6111 0.397974 4.11285
13,2,34 35.9076 0.169241 1.00121 1.05316 199.692
13,2,35 63.831 0.580877 10.6734 0.488236 3.87189
13,3,0 61.8882 0.115485 7.7689 0.0727811 74.4932
13,3,1 52.3514 0.252031 6.91251 0.148654 11.0982
13,3,2 52.5778 0.187134 7.50754 0.168872 81.9403
13,3,4 56.2279 0.154027 8.78194 0.10645 55.3941
13,3,5 50.5507 0.221327 6.17793 0.161211 5.14356
13,3,6 59.2954 0.129013 7.25954 0.0945089 42.3959
13,3,7 58.6053 0.260772 6.10201 0.16836 7.78124
13,3,8 60.9485 0.11829 6.35661 0.109752 50.3035
13,3,9 58.7142 0.227819 6.09671 0.27848 9.81906
13,3,10 50.7298 0.122456 7.15759 0.0894497 26.8888
13,3,11 46.0248 0.288301 5.79965 0.210278 6.48869
13,3,12 55.6259 0.133502 8.21283 0.119779 19.1095
13,3,13 317.815 0.546242 2.17847 0.96944 785.583
13,3,14 47.273 0.159372 7.59675 0.130302 14.8833
13,3,15 58.9757 0.260498 5.0501 0.266801 5.03745
13,3,16 58.6573 0.145499 6.72136 0.116453 17.731
13,3,18 48.4185 0.174574 6.97634 0.130741 14.2464
13,3,20 48.6465 0.157911 5.92424 0.21419 15.9497
13,3,21 47.2541 1.17054 1.58815 0.81271 308.887
13,3,22 47.9345 0.175643 6.65561 0.158403 9.7242
13,3,23 57.3737 0.473136 5.51217 0.294182 4.95062
13,3,24 42.6266 0.207101 6.06493 0.19847 7.51058
13,3,25 56.3118 4.41402 1.794 12.4915 3.21728
13,3,26 57.4483 0.185354 5.6936 0.202609 8.83562
13,3,27 58.2411 0.384757 5.4501 0.317984 2.79388
13,3,28 318.357 0.914003 1.8424 0.779205 579.88
13,3,31 55.6568 0.78143 1.03799 10.5597 4.83535
13,3,32 53.2485 0.248464 5.7358 0.180973 7.71466
13,3,33 46.9619 0.332245 5.24318 0.440112 3.07424
13,3,35 317.96 3.84009 1.33489 0.55062 160.68
13,4,0 64.0828 0.334118 8.37785 0.20921 12.5241
13,4,1 63.602 0.317548 10.5393 0.202086 14.3881
13,4,2 62.7302 0.290197 7.96025 0.197544 10.4135
13,4,3 56.0496 0.3716 8.36144 0.231116 17.0133
13,4,6 62.3788 0.162662 10.3875 0.116684 57.6464
13,4,8 60.325 0.161575 11.2682 0.110483 37.4799
13,4,9 51.2191 0.31806 7.34386 0.236288 11.1381
13,4,10 60.9255 0.158425 10.53 0.101277 60.2197
13,4,11 71.0036 0.322216 7.40371 0.202395 10.9928
13,4,12 70.6788 0.149332 9.94598 0.0899551 77.4235
13,4,13 60.0198 0.326288 7.52332 0.247017 8.46425
13,4,14 66.8509 0.184137 9.61856 0.117564 36.4497
13,4,15 61.3465 0.415955 6.03713 0.484108 13.1016
13,4,16 72.9501 0.177638 9.2818 0.112142 57.2342
13,4,17 59.4684 0.329543 7.10352 0.244617 6.82503
13,4,18 73.3761 0.211384 11.3568 0.14239 30.8039
13,4,19 65.0665 0.433831 6.28023 0.355461 9.44383
13,4,20 70.0242 0.213229 10.1201 0.134375 20.7188
13,4,21 60.9673 0.437614 9.92259 0.262473 9.33297
13,4,24 58.3315 0.532879 9.19315 0.33545 9.01948
13,4,27 66.5958 0.571645 8.9362 0.323729 5.30286
13,4,30 69.5883 0.731972 9.6848 0.43243 3.72138
13,4,31 68.1436 0.435997 9.66542 0.286715 5.21784
13,4,33 67.1658 0.519483 10.1885 0.321825 4.95636
13,4,34 316.217 0.479474 1.00187 11.1445 137.625
13,4,35 319.366 202.322 2.82133 0.41036 141.52
13,5,0 66.5875 0.196677 9.42506 0.138936 18.5453
13,5,1 59.9227 0.243356 9.06971 0.145824 17.1382
13,5,2 61.7304 0.268069 9.99634 0.164709 14.6803
13,5,3 59.289 0.233826 8.5446 0.171773 13.2242
13,5,4 58.6084 0.331639 9.64486 0.220318 12.2347
13,5,5 63.9798 0.288738 9.4006 0.174203 13.1908
13,5,6 61.4933 0.38901 9.22947 0.264796 9.19593
13,5,7 66.8488 0.330126 8.92559 0.220621 5.10957
13,5,8 71.1825 0.473142 5.95388 0.550252 10.5119
13,5,9 316.907 0.227156 1.0135 8.59659 361.32
13,5,10 65.6441 0.526927 7.59981 0.326798 10.6111
13,5,11 63.2582 0.332555 6.55958 0.258986 8.19795
13,5,12 65.6641 0.293925 8.44692 0.219797 7.00241
13,5,13 61.8499 0.238242 5.99925 0.221888 10.4453
13,5,14 69.849 0.201697 6.74983 0.183141 7.12354
13,5,15 57.9212 0.213971 9.60016 0.155885 12.322
13,5,16 67.1224 0.207356 9.46905 0.15309 16.2754
13,5,18 61.7298 0.213503 9.24588 0.191556 25.3999
13,5,19 67.5629 0.188805 8.34639 0.126795 44.4987
13,5,20 74.8083 0.188097 8.85114 0.157498 42.0602
13,5,21 68.4975 0.396897 7.57649 0.243047 7.57678
13,5,22 70.97 0.298764 5.71865 0.323223 9.8132
13,5,24 78.4516 0.235605 7.78863 0.195539 7.04126
13,5,25 64.2881 0.334449 7.48313 0.244914 20.755
13,5,26 69.645 0.237909 7.49361 0.13485 20.7539
13,5,27 60.863 0.186751 7.16968 0.137412 11.826
13,5,28 67.4098 0.196399 8.43786 0.133355 27.0093
13,5,29 74.3628 0.240083 7.41052 0.181039 32.3931
14,0,0 82.8539 0.758349 8.93346 0.49495 2.34102
14,0,3 75.0063 0.441659 8.744 0.243746 6.14607
14,0,4 71.7872 0.722635 10.2167 0.445137 2.57694
14,0,6 76.5034 0.658541 10.7573 0.461641 1.86866
14,0,7 77.3145 0.575953 9.74325 0.374904 1.721
14,0,8 70.6176 0.649015 10.566 0.518704 3.12057
14,0,9 82.2161 0.523319 9.49222 0.363198 3.6549
14,0,10 82.8968 0.516496 9.82276 0.309046 5.06921
14,0,11 80.8935 0.461538 9.26535 0.300068 3.39059
14,0,12 81 0.510473 9.99741 0.284526 6.3081
14,0,14 80.96 0.380497 8.58342 0.234551 4.59969
14,0,15 83.4465 0.373825 8.36776 0.258185 6.54368
14,0,16 80.269 0.157654 7.22815 0.0916249 20.4542
14,0,17 76.5738 0.37888 8.2713 0.229056 7.48755
14,0,18 84.035 0.154646 6.72213 0.108968 37.5146
14,0,19 78.7891 0.353437 15 0.0141162 49.6855
14,0,20 82.6284 0.169436 8.06226 0.0850921 33.7521
14,0,21 81.9224 0.316138 8.55789 0.190347 8.79755
14,0,22 80.771 0.12981 7.36532 0.0706145 54.5054
14,0,23 61.4597 0.294535 3.56371 0.179985 353.042
14,0,24 73.8726 0.126307 6.30345 0.0956184 49.7258
14,0,25 82.2672 0.314425 9.03928 0.199306 8.85627
14,0,26 80.9759 0.124733 9.29881 0.0764788 72.7032
14,0,27 70.0466 0.325501 9.01433 0.179898 9.44118
14,0,28 73.8396 0.11814 9.13989 0.0717422 43.0597
14,0,29 72.4172 0.330623 9.83549 0.207707 8.67096
14,0,30 81.105 0.108361 7.88658 0.0702046 51.9838
14,0,32 82.0796 0.111177 8.61914 0.0705688 52.6519
14,0,33 68.802 0.304214 9.055 0.184683 7.98226
14,0,34 84.6774 0.332611 9.12826 0.213826 6.40673
14,0,35 83.7977 0.366839 10.3947 0.252598 7.1888
14,1,0 65.2257 0.334177 9.51259 0.218233 6.457
14,1,1 66.0712 0.127957 8.7015 0.0775265 30.2728
14,1,2 69.9725 0.311574 9.54753 0.209407 5.06301
14,1,3 74.241 0.147738 9.01878 0.0926393 34.496
14,1,4 65.0488 0.380294 8.70444 0.230796 5.75767
14,1,5 75.0506 0.135259 7.82122 0.0819302 30.7782
14,1,7 68.9159 0.137418 8.44996 0.0899443 10.3596
14,1,8 61.0702 0.401993 8.71705 0.205592 8.22017
14,1,9 71.5018 0.183473 8.33648 0.107832 21.7529
14,1,11 66.9988 0.170936 8.70186 0.0971096 13.3074
14,1,12 78.1121 0.371519 9.63918 0.254398 4.21694
14,1,13 315.883 0.469648 1.00005 2.73848 1242.29
14,1,14 74.0351 0.488778 9.42596 0.272274 6.45769
14,1,15 55.8771 1.83884 1.51857 10.3102 826.995
14,1,17 68.0593 0.261373 8.12052 0.140187 6.70569
14,1,18 66.4646 0.567679 9.36224 0.29829 3.9654
14,1,20 77.6509 0.489303 9.24559 0.303202 2.98786
14,1,21 79.8421 0.315691 7.40942 0.266664 5.08458
14,1,22 66.2855 0.587239 9.39013 0.339484 2.6281
14,1,23 64.8512 0.420857 6.03011 0.308906 7.04533
14,1,24 70.9255 0.633489 9.39208 0.395284 2.97185
14,1,26 66.9242 0.777999 7.97809 0.607331 2.49104
14,1,27 76.6217 0.578872 6.27502 0.376113 3.13585
14,1,28 76.019 0.636051 8.18666 0.374911 2.11756
14,1,29 79.8841 0.445434 8.50613 0.391384 2.72062
14,1,31 76.7892 0.673168 8.60924 0.398382 2.10398
14,1,32 62.1022 0.814465 8.17039 0.598406 1.88206
14,1,33 74.2723 0.597372 8.16867 0.459279 2.50092
14,1,34 57.8908 5.15564 1.54921 7.34318 68.3672
14,2,0 53.6511 0.139222 11.6148 0.112872 12.673
14,2,1 51.9797 0.129214 11.7369 0.105977 8.31029
14,2,2 64.112 0.144866 12.0474 0.122223 23.7899
14,2,3 61.5397 0.152312 11.8587 0.115889 12.5244
14,2,4 50.0929 0.142526 12.0483 0.121286 10.2354
14,2,5 56.0315 0.177034 11.881 0.142993 8.42764
14,2,9 57.6036 0.414839 11.1431 0.33296 10.3408
14,2,10 63.4003 0.429891 11.9569 0.36773 27.2808
14,2,11 62.2484 0.341919 10.5698 0.301302 26.512
14,2,12 61.8116 0.212342 9.04254 0.171885 14.9691
14,2,13 69.7143 0.213462 9.82395 0.179055 18.1802
14,2,14 66.6246 0.164744 9.63065 0.140369 16.4724
14,2,15 68.6653 0.136435 11.0671 0.102375 7.8522
14,2,16 63.9489 0.133671 11.4456 0.0990187 7.28902
14,2,17 53.8099 0.131125 10.3955 0.0944303 4.85143
14,2,18 67.0061 0.193197 11.1959 0.151312 18.7959
14,2,19 63.9726 0.175843 11.4964 0.141928 19.793
14,2,20 61.1503 0.157147 11.4337 0.11745 20.5476
14,2,21 57.3502 0.143581 10.8511 0.104829 26.0301
14,2,22 64.2131 0.163752 11.2875 0.124183 19.1302
14,2,23 60.3534 0.161287 10.7934 0.113418 17.3694
14,2,24 46.7966 0.176696 10.9691 0.143866 6.09069
14,2,25 63.1461 0.207526 10.9977 0.161729 10.2744
14,2,26 50.996 0.211643 10.8191 0.146806 5.88433
14,2,27 57.9317 0.242679 10.8563 0.170583 6.20309
14,2,28 60.642 0.290711 10.7415 0.219968 6.67701
14,2,29 55.5057 0.306394 10.6913 0.211722 4.51113
14,2,30 57.614 0.337974 10.8143 0.255239 2.41062
14,2,31 63.7469 0.385815 10.3055 0.280332 3.9486
14,2,32 54.1182 0.43971 10.9362 0.30081 3.01505
14,2,33 63.9524 0.474422 10.4661 0.364905 2.56307
14,2,34 61.4455 0.532077 10.4927 0.378781 2.08101
14,2,35 55.1045 0.679707 8.41475 0.435547 0.863735
14,3,0 69.5595 0.145968 12.4438 0.109735 34.5156
14,3,2 71.3514 0.141734 11.7261 0.0995892 38.2512
14,3,4 72.344 0.142014 10.9751 0.0890361 46.5574
14,3,6 68.5381 0.157804 10.2853 0.0975843 47.994
14,3,7 58.2256 0.374823 9.79138 0.268281 25.0121
14,3,8 71.1898 0.163893 9.96138 0.112541 42.863
14,3,10 75.4649 0.160874 9.98079 0.108433 20.0676
14,3,12 61.5422 0.200791 10.4965 0.118346 49.2393
14,3,13 318.457 0.393293 1.52161 0.219984 377.48
14,3,14 69.7481 0.217834 10.1993 0.14873 25.7941
14,3,16 61.3052 0.242834 9.88623 0.133987 18.7683
14,3,17 62.4391 0.418519 8.80866 0.24977 11.1071
14,3,18 44.6189 0.348326 4.95388 0.342561 835.863
14,3,19 318.088 0.837163 1.44006 0.58324 120.76
14,3,20 60.3564 0.301736 9.83925 0.165649 18.0887
14,3,21 74.6989 0.718269 9.89141 0.422349 2.70299
14,3,23 318.504 6.00333 1.81459 1.23733 121.44
14,3,24 77.2484 0.371691 10.0925 0.230123 15.8601
14,3,25 318.302 0.891587 1.34216 0.532484 106.52
14,3,26 64.5455 0.379537 10.4941 0.232253 11.1925
14,3,27 317.761 0.00132391 15 0.411195 181.027
14,3,28 63.8142 0.514025 8.91102 0.433576 10.0419
14,3,29 318.705 6.7806 1.55303 0.452696 62.5833
14,3,30 72.3589 0.46954 10.1706 0.245349 6.00424
14,3,31 61.7831 0.843037 10.0229 0.544701 4.09481
14,3,33 77.0134 0.981807 9.53362 0.673992 3.80634
14,3,34 317.455 0.413884 1.31037 0.520317 279.6
14,3,35 64.0433 1.19759 7.37269 0.745104 2.42027
14,4,0 319.747 0.924922 3.08885 1.12141 488.4
14,4,2 69.5968 0.348787 5.84932 0.416126 7.49933
14,4,4 73.363 0.141163 10.4676 0.108025 34.7297
14,4,6 72.2734 0.126848 9.95822 0.0948992 34.882
14,4,8 76.1727 0.142234 10.1324 0.102631 57.6872
14,4,9 69.4812 0.391454 7.84071 0.232232 7.35674
14,4,10 77.7303 0.132838 9.90135 0.0848043 75.4133
14,4,11 318.518 0.668005 1.93798 0.878087 338.8
14,4,12 77.5543 0.124961 9.43364 0.0826146 66.9188
14,4,13 61.271 0.313871 6.71971 0.241156 8.89344
14,4,14 81.3454 0.111943 7.98494 0.0841401 42.6996
14,4,16 71.2273 0.113671 8.41729 0.0772328 48.5512
14,4,18 75.7402 0.131664 8.32757 0.0812364 44.9324
14,4,20 71.6933 0.138816 8.85149 0.0978413 34.149
14,4,22 60.7218 0.391415 6.15219 0.370519 3.97362
14,4,24 77.3048 0.555314 7.0954 0.350828 3.24051
14,4,26 318.183 1.03729 1.33941 0.677596 135.833
14,4,27 317.926 1.98444 1.25314 0.761978 117.875
14,4,28 56.4957 1.92068 1.3238 2.04966 102.621
14,4,30 318.511 183.572 1.51488 0.270316 81.9583
14,4,31 315.903 0.201791 1.00027 7.33453 710.522
14,4,32 62.2888 1.62317 4.13591 1.08819 87.2117
14,4,34 318.097 2.26927 1.52474 0.876275 69.375
14,4,35 85.1975 0.473284 8.91022 0.271943 7.64803
14,5,0 64.0064 0.137917 5.84734 0.110941 75.0921
14,5,1 59.5779 0.1298 4.47693 0.12797 67.766
14,5,2 52.1056 0.157777 5.69214 0.153427 47.3462
14,5,3 55.6489 0.21938 7.49211 0.177405 36.9011
14,5,4 58.506 0.311233 3.66225 0.315165 21.0282
14,5,5 61.6168 0.163342 4.70859 0.12911 34.9961
14,5,6 56.0512 0.203153 6.66721 0.170668 11.1722
14,5,7 44.6052 0.273831 5.40307 0.208194 13.9217
14,5,8 51.0106 0.241577 5.06268 0.221962 18.8349
14,5,9 59.6672 0.398041 8.47023 0.218646 17.2383
14,5,10 59.4614 0.240509 5.44481 0.240771 10.5955
14,5,11 59.9934 0.24325 6.28324 0.170573 14.5207
14,5,12 49.9392 0.211614 6.02769 0.159816 17.6703
14,5,13 58.1272 0.286409 8.6315 0.163647 42.1318
14,5,14 59.1912 0.175248 6.41993 0.124771 22.1272
14,5,15 63.0435 0.178466 8.22806 0.108435 42.166
14,5,16 56.0499 0.164401 6.4945 0.130065 45.381
14,5,17 60.3659 0.158434 8.20838 0.102767 70.2242
14,5,19 62.3704 0.146803 8.09366 0.102362 70.1849
14,5,20 68.519 0.141784 9.23019 0.0862039 161.636
14,5,22 52.6619 0.242289 4.7164 0.183792 21.8339
14,5,23 63.2623 0.286196 7.55525 0.155852 16.4653
14,5,24 52.1676 0.228176 6.05314 0.142 22.1789
14,5,26 64.5716 0.202136 8.12156 0.110158 31.5756
14,5,27 62.3064 0.185023 7.00006 0.118265 27.8544
14,5,28 63.7538 0.174109 9.25572 0.0959835 46.5781
14,5,29 58.8541 0.185386 8.94475 0.102068 59.8274
15,0,0 36.8703 8.66646 1.74612 11.9034 112.741
15,0,1 62.4843 0.396192 8.13303 0.243845 4.92549
15,0,2 60.2652 0.621313 7.22566 0.329955 4.66123
15,0,4 63.9822 0.439969 7.05122 0.21558 6.39534
15,0,5 56.2745 0.498701 7.17743 0.319189 10.579
15,0,8 49.7583 0.477369 6.6571 0.24742 8.44348
15,0,9 55.4558 0.348046 5.10505 0.25808 6.91842
15,0,10 59.8945 0.411003 7.87355 0.252648 10.4496
15,0,11 62.083 0.29663 6.99144 0.157924 7.93825
15,0,12 58.5012 0.339407 7.67217 0.191916 7.92044
15,0,13 52.7996 0.260761 7.07648 0.174541 6.27129
15,0,14 52.5701 0.266064 7.46563 0.155024 11.1974
15,0,15 49.1564 0.271329 7.10462 0.171845 10.992
15,0,16 58.3776 0.167149 8.69316 0.0976543 52.0452
15,0,17 52.0677 0.23518 6.72308 0.156968 8.98129
15,0,18 65.556 0.123336 8.87348 0.0788626 40.2645
15,0,19 49.9254 0.275314 8.07482 0.176262 18.3775
15,0,20 54.8444 0.128392 7.743 0.0859421 57.1544
15,0,21 60.0436 0.221873 6.87056 0.142081 9.61884
15,0,22 66.6984 0.106476 8.99026 0.0715662 49.9604
15,0,23 59.972 0.22051 7.44444 0.137888 12.7377
15,0,24 64.1194 0.106716 8.09565 0.0702478 69.6329
15,0,25 64.5652 0.198862 7.89961 0.109592 18.8907
15,0,26 66.6482 0.099295 9.2774 0.0696697 58.539
15,0,27 60.7107 0.191679 6.96411 0.130213 9.89805
15,0,28 62.9896 0.11037 8.08339 0.0763047 65.2126
15,0,29 53.1941 0.216269 7.93991 0.136638 14.9747
15,0,30 63.6251 0.134523 8.55071 0.0978345 53.8262
15,0,31 65.4283 0.206444 7.83053 0.146037 10.1686
15,0,32 62.4993 0.114558 9.40493 0.0770558 107.029
15,0,33 52.3578 0.208342 8.12688 0.134326 14.9923
15,0,34 57.1248 0.250332 8.10825 0.146921 23.1862
15,0,35 66.437 0.205624 7.94491 0.127297 17.6389
15,1,0 62.4152 0.272858 9.16748 0.198241 13.6542
15,1,1 56.7298 0.131371 11.0713 0.0952542 50.3021
15,1,2 67.2835 0.245088 9.08913 0.165109 10.5419
15,1,3 58.8286 0.15364 11.0655 0.115819 47.0325
15,1,4 59.2362 0.248563 8.69801 0.174258 8.5691
15,1,5 58.4374 0.129308 10.5606 0.0945046 49.0414
15,1,6 63.1012 0.264502 9.26855 0.187647 10.6326
15,1,7 68.7462 0.13049 10.223 0.0944008 54.9638
15,1,8 65.2877 0.269056 8.76535 0.173034 10.0299
15,1,9 70.2447 0.140176 10.0714 0.0914467 49.3211
15,1,10 60.1726 0.304781 9.13952 0.175134 12.193
15,1,11 55.8773 0.153717 10.7284 0.110354 37.971
15,1,12 56.8757 0.419852 7.24707 0.294172 16.5674
15,1,13 65.3865 0.146132 10.1367 0.0943118 30.8957
15,1,14 61.8581 0.310201 8.65068 0.195755 9.72095
15,1,15 66.0957 0.151692 9.90829 0.0995651 29.2346
15,1,16 62.4492 0.306407 8.39604 0.178988 14.1418
15,1,17 71.6794 0.166655 9.10808 0.100371 25.4815
15,1,18 60.5596 0.320903 7.45503 0.195739 9.50868
15,1,19 64.1222 0.184633 9.7194 0.117707 14.0754
15,1,20 60.7478 0.262616 5.48086 0.260019 8.38586
15,1,21 67.4206 0.189108 9.30792 0.126961 16.747
15,1,22 59.3509 0.403999 7.68192 0.240629 11.9829
15,1,23 66.6829 0.207278 8.83111 0.129407 12.5154
15,1,24 57.8817 0.364534 6.13496 0.238374 6.98215
15,1,25 72.9676 0.241898 9.20558 0.148812 9.03697
15,1,26 59.836 0.460914 8.10881 0.284397 8.93585
15,1,27 315.993 0.2538 1.0004 7.7222 818
15,1,28 50.874 0.357919 6.81949 0.227721 4.01612
15,1,29 62.5987 0.297408 8.15487 0.16741 12.5154
15,1,34 49.7017 0.614004 6.12886 0.330929 2.68459
15,1,35 47.2863 0.228342 1.04118 0.0890291 42.5192
15,2,0 35.4389 0.158647 12.6197 0.214498 6.39051
15,2,1 56.0488 0.186548 13.9243 0.161715 11.9807
15,2,2 35.3601 0.142354 11.6518 0.184815 3.77591
15,2,3 41.7832 0.136139 10.6953 0.124335 2.92743
15,2,4 50.0159 0.170275 13.8422 0.15638 7.22126
15,2,5 58.1955 0.159209 13.7999 0.13813 6.95585
15,2,6 50.99 0.198248 13.9234 0.17195 11.2818
15,2,7 38.9162 0.181464 11.9607 0.204458 6.43263
15,2,8 44.3726 0.198921 12.3831 0.190632 6.50002
15,2,9 57.1476 0.272693 12.8528 0.257465 14.5596
15,2,10 55.9761 0.272904 10.82 0.31275 21.0498
15,2,11 39.6078 0.305206 11.895 0.376266 18.3736
15,2,12 50.7653 0.370796 12.2884 0.378677 22.1381
15,2,13 42.9534 0.359121 12.3587 0.376977 12.0491
15,2,14 44.575 0.243615 10.9832 0.383783 27.195
15,2,15 51.4121 0.143939 15 0.00979909 8.66087
15,2,16 53.328 0.191016 14.7313 0.175105 8.95202
15,2,17 43.9095 0.167243 12.6328 0.158718 7.10486
15,2,18 52.0259 0.315642 12.8252 0.333043 16.9442
15,2,19 40.3353 0.163272 7.35816 0.216355 4.33358
15,2,20 48.7072 0.199725 11.6899 0.189976 11.5922
15,2,21 40.4849 0.123831 6.50504 0.129868 30.2108
15,2,22 44.2489 0.119142 8.70127 0.134932 7.40995
15,2,23 54.0504 0.133432 10.577 0.125587 7.87545
15,2,24 48.647 0.11701 9.5639 0.124614 9.97211
15,2,25 53.1756 0.138454 10.6606 0.127305 7.52482
15,2,26 46.5702 0.163665 11.2399 0.144651 6.10005
15,2,27 51.7305 0.164536 10.6659 0.155039 8.91299
15,2,28 54.2952 0.187752 10.7667 0.172813 11.8337
15,2,29 46.2375 0.188091 10.3453 0.17686 4.2656
15,2,30 51.0888 0.255475 11.1731 0.213038 5.97045
15,2,31 53.9402 0.245109 9.37212 0.231177 7.88649
15,2,33 46.5546 0.323883 8.51349 0.291026 3.56653
15,2,35 22.7634 6.67343 2.72161 12.2117 298.126
15,3,0 301.016 14.6357 5.0012 4.03704 5
15,3,2 65.9608 0.162328 9.64526 0.11277 45.8742
15,3,3 59.6553 0.320857 9.34247 0.229738 8.75168
15,3,4 66.1845 0.157739 9.29632 0.109062 51.6458
15,3,5 62.2041 0.283239 8.74028 0.170877 15.6098
15,3,6 63.4536 0.141642 8.43537 0.0958775 43.7321
15,3,7 57.7522 0.288421 7.98795 0.171927 8.89865
15,3,8 62.5012 0.131739 7.68483 0.0875085 55.6716
15,3,10 56.573 0.147516 9.32562 0.0991186 36.6612
15,3,11 59.0604 0.371051 7.18361 0.209764 19.7687
15,3,12 64.3792 0.149551 7.7423 0.0935818 42.5716
15,3,14 60.3534 0.144087 6.85951 0.0979768 35.1742
15,3,15 52.0129 0.304312 7.11542 0.171332 9.57042
15,3,16 60.7738 0.163005 7.62208 0.109882 26.0017
15,3,17 62.7651 0.375063 8.78756 0.228868 10.4813
15,3,18 61.7096 0.202701 9.10972 0.121355 29.586
15,3,19 63.8272 0.35224 7.35114 0.224509 6.47853
15,3,20 50.6496 0.221947 8.77068 0.146207 30.1452
15,3,23 316.435 0.683174 1.00363 1.23983 273.64
15,3,24 61.5255 0.313534 7.95888 0.162178 18.1468
15,3,25 316.99 0.352414 1.00212 12.7072 202.32
15,3,26 58.5095 0.368829 8.31018 0.203288 16.2331
15,3,27 67.319 0.433459 7.83177 0.273215 5.41296
15,3,28 315.776 0.532322 1.00186 1.35453 735.24
15,3,29 63.9301 0.629772 8.74541 0.330906 4.08541
15,3,31 317.017 6.04416 1.27355 0.556773 130.48
15,3,32 61.1421 0.314934 6.12135 0.207918 7.68058
15,3,33 56.1852 3.52699 1.66911 8.97202 9.37905
15,3,34 317.088 0.520168 1.00112 0.699125 242.76
15,3,35 47.8616 1.95894 1.32149 0.876913 8.95444
15,4,0 58.9908 0.186613 5.55791 0.214138 8.70088
15,4,1 50.3395 0.219826 6.22731 0.238387 14.7258
15,4,2 59.9524 0.212999 4.83857 0.218206 15.2437
15,4,3 49.6647 0.234625 4.75844 0.249919 15.4091
15,4,4 64.3142 0.149 7.86964 0.105796 82.4167
15,4,5 51.9934 0.277667 6.3286 0.272395 14.1198
15,4,6 52.1217 0.110181 7.93974 0.0711317 50.6359
15,4,7 59.8729 0.225767 6.63047 0.175438 7.04537
15,4,8 64.334 0.161648 7.59069 0.122453 77.6626
15,4,10 60.5684 0.102374 6.9071 0.0736222 46.0321
15,4,12 53.673 0.143292 6.79924 0.116604 73.9088
15,4,13 61.7305 0.2591 6.60864 0.195441 7.64551
15,4,14 54.9558 0.131449 8.01398 0.0855851 37.3816
15,4,15 53.6458 0.322542 6.44288 0.304538 6.97438
15,4,16 61.962 0.126687 6.97143 0.0989444 35.987
15,4,17 52.6775 0.251175 5.00743 0.207212 13.2754
15,4,18 52.379 0.144817 7.06685 0.108731 41.818
15,4,19 58.5375 0.248385 5.90662 0.244423 6.14286
15,4,20 61.8448 0.134243 6.57493 0.0948589 26.1746
15,4,21 57.5734 0.261728 6.46588 0.322644 7.56639
15,4,22 50.4359 0.291447 4.79547 0.270756 7.58674
15,4,23 47.2662 0.247944 5.85216 0.267248 4.60536
15,4,24 48.2667 0.337552 6.03886 0.250322 4.39506
15,4,25 48.6864 0.501 3.6965 0.489795 4.42914
15,4,26 47.521 0.288747 5.12619 0.248358 1.88046
15,4,27 48.5912 0.339041 5.13036 0.322414 4.93132
15,4,28 54.266 0.512841 5.20263 0.414178 6.03579
15,4,29 48.6637 0.451743 6.73439 0.342935 3.07865
15,4,30 53.3355 0.345868 4.47012 0.259442 2.98848
15,4,31 60.2861 0.313601 6.43192 0.193023 6.17115
15,4,32 46.8839 0.977406 1.21673 0.617253 5.01226
15,4,33 53.4793 0.35905 7.23735 0.202861 4.84082
15,5,0 51.981 0.276601 6.99796 0.246509 55.281
15,5,1 59.1987 0.179138 6.51566 0.179472 25.1853
15,5,3 59.7857 0.273646 7.40953 0.319611 25.4121
15,5,4 62.0812 0.24841 7.23691 0.282228 10.8245
15,5,5 62.629 0.432806 7.90508 0.368228 19.6114
15,5,6 64.6604 0.340648 6.61045 0.284638 10.1148
15,5,7 60.5006 0.28392 5.91549 0.280608 9.60431
15,5,9 56.1542 0.400371 1.78271 0.543385 245.538
15,5,10 58.9532 0.425491 7.5147 0.256593 18.137
15,5,11 64.7406 0.283992 5.5583 0.227253 13.0326
15,5,12 69.9467 0.299053 7.00324 0.192502 14.7223
15,5,13 61.1007 0.27052 6.16299 0.216742 24.2355
15,5,14 60.021 0.249677 6.13512 0.277933 23.4204
15,5,15 59.4895 0.220215 7.05648 0.175408 22.0477
15,5,16 65.5937 0.275088 8.12234 0.160085 48.721
15,5,17 67.3635 0.22157 8.16277 0.159793 51.4408
15,5,18 60.5828 0.214237 5.71275 0.249627 63.6932
15,5,19 59.5351 0.176967 8.13117 0.13153 42.5897
15,5,20 56.6664 0.169411 8.91954 0.150885 59.3633
15,5,21 65.6304 0.549761 7.97083 0.353357 23.9291
15,5,22 65.8132 0.40984 8.44289 0.218212 14.7718
15,5,23 62.8785 0.296985 9.01739 0.18468 26.4453
15,5,24 54.1609 0.473351 7.11179 0.325268 34.6297
15,5,25 63.9973 0.260652 8.47079 0.15325 22.238
15,5,26 61.6927 0.228509 7.9483 0.153268 25.2076
15,5,27 69.8267 0.224753 8.65714 0.145807 43.9212
15,5,29 68.5085 0.205522 9.35313 0.115979 91.7441
16,0,1 56.7566 0.179353 1.00651 0.153063 221.515
16,0,2 63.2406 0.471503 5.39277 0.390637 2.50021
16,0,3 78.8898 0.396685 8.7027 0.232918 4.5395
16,0,4 79.0226 0.772385 10.6801 0.623474 2.57767
16,0,5 68.7588 0.392187 8.23581 0.200698 10.806
16,0,6 78.1689 0.687394 8.45118 0.432385 5.04531
16,0,7 68.357 0.586638 8.81504 0.383081 3.44416
16,0,8 75.4204 0.396859 6.67531 0.334619 2.30243
16,0,9 73.195 0.438738 7.46386 0.31096 3.729
16,0,10 75.5296 0.458034 7.27256 0.341146 4.19029
16,0,11 72.1363 0.40726 7.00507 0.29769 7.12517
16,0,13 77.0823 0.467223 8.99299 0.282893 7.40642
16,0,14 79.7644 0.334174 8.00987 0.214838 6.78102
16,0,15 68.9834 0.351781 8.63591 0.197765 9.69973
16,0,16 72.4165 0.136414 7.18241 0.0909537 41.3161
16,0,17 69.8985 0.329372 8.11866 0.222327 7.50652
16,0,18 65.7638 0.149885 7.86598 0.0865346 42.756
16,0,19 65.3617 0.350476 8.41839 0.216547 10.5717
16,0,20 72.1454 0.129854 9.54973 0.0809821 71.3567
16,0,21 67.3385 0.348003 8.15194 0.181341 12.298
16,0,22 82.1159 0.135259 9.88433 0.0814218 37.476
16,0,24 81.8511 0.129323 9.85067 0.0775149 109.381
16,0,25 81.3835 0.294547 9.18644 0.171717 10.7766
16,0,26 81.6483 0.118247 8.98938 0.0716248 107.342
16,0,28 78.0216 0.130844 9.24263 0.0818448 64.5401
16,0,29 71.8881 0.318406 9.1841 0.160954 15.0328
16,0,30 79.3941 0.129384 9.40205 0.0794527 106.143
16,0,31 78.7807 0.348035 9.93641 0.215377 11.0069
16,0,32 85.2981 0.111818 9.71171 0.0727768 66.3242
16,0,34 85.2946 0.318243 10.4814 0.189642 11.0422
16,1,0 72.1383 0.263474 6.92836 0.163213 8.34072
16,1,1 73.5423 0.105896 7.22607 0.0663505 53.7609
16,1,2 61.9424 0.322512 8.36321 0.18605 9.98774
16,1,3 64.0538 0.121729 8.89569 0.0718078 60.06
16,1,4 63.8753 0.31241 8.77149 0.195956 9.40739
16,1,5 65.9215 3.49484 1.04841 9.96272 0.321022
16,1,6 75.12 0.33441 8.17243 0.215841 9.82059
16,1,7 72.6575 0.147554 8.32063 0.089088 38.1225
16,1,9 73.243 0.154376 7.67823 0.100266 27.3924
16,1,10 60.8555 0.404613 8.82457 0.237809 7.64399
16,1,11 61.9115 0.150981 7.18067 0.0900102 21.3089
16,1,12 72.0034 0.358868 8.2459 0.223032 6.63663
16,1,13 78.6734 0.221712 8.06327 0.118242 22.7382
16,1,14 69.9691 0.379075 7.45741 0.257644 5.22659
16,1,15 73.8175 0.199248 7.13998 0.117143 15.8038
16,1,17 73.7824 0.239603 6.89904 0.171924 16.915
16,1,18 70.8539 0.363387 6.05362 0.246903 8.04282
16,1,20 66.6057 0.391439 5.91006 0.297985 3.57969
16,1,23 67.4353 0.365317 7.66992 0.200076 13.8032
16,1,24 69.7424 0.443784 6.06204 0.493138 4.9583
16,1,26 70.6199 0.688727 9.576 0.481205 4.08778
16,1,27 73.5436 0.350945 8.64692 0.195605 10.1557
16,1,28 317.168 0.474679 1.50188 0.659453 316.6
16,1,29 69.3945 0.516802 8.02557 0.311534 9.75203
16,1,30 317.578 0.597992 1.70427 0.766966 253.333
16,1,31 64.9232 0.0753984 1.42109 0.131745 11.059
16,1,33 64.0946 0.523003 8.6891 0.277916 5.62049
16,1,34 56.2098 0.347733 1.00686 2.64405 93.3151
16,1,35 317.484 4.02526 1.38725 0.560407 125.84
16,2,0 59.6535 0.158153 13.1886 0.125835 10.5717
16,2,1 67.1747 0.16676 13.5786 0.131614 12.2463
16,2,3 67.5939 0.166033 13.4851 0.12809 16.0135
16,2,4 70.9473 0.173526 14.1075 0.135295 16.2659
16,2,5 74.1171 0.190622 13.5074 0.151803 19.1589
16,2,9 77.1385 0.435913 12.3322 0.325656 27.8179
16,2,10 67.7435 0.329449 10.5153 0.282519 18.1327
16,2,11 75.9257 0.275902 11.7536 0.258456 30.5618
16,2,12 67.389 0.233558 10.77 0.203583 16.3724
16,2,13 59.9769 0.203055 10.8842 0.182012 14.3739
16,2,15 72.3514 0.154079 12.3439 0.111923 12.4904
16,2,16 92.7932 6.1808 15 9.50068 0.622946
16,2,17 57.7248 0.15788 12.2363 0.110912 9.1614
16,2,18 78.2089 0.175733 11.6302 0.143615 23.4696
16,2,19 78.262 0.161085 12.1097 0.12445 20.4087
16,2,20 73.291 0.154554 12.6086 0.116038 24.0959
16,2,21 74.325 0.142017 11.6695 0.101788 17.4221
16,2,22 60.0209 0.158989 11.4797 0.110584 13.9935
16,2,23 69.1954 0.190983 12.6458 0.138273 15.2534
16,2,24 63.9368 0.200179 12.2829 0.13023 9.70602
16,2,25 74.8711 0.232785 12.6211 0.15714 14.1162
16,2,26 76.2915 0.247101 11.0519 0.175954 15.9582
16,2,27 75.7706 0.278075 11.4135 0.200246 7.54083
16,2,28 73.8406 0.299553 11.7034 0.19078 6.04931
16,2,29 78.1959 0.342324 12.3426 0.252381 6.07373
16,2,30 66.4858 0.365796 11.3278 0.256852 2.97462
16,2,31 79.5252 0.412363 11.599 0.313424 4.03905
16,2,33 63.0472 0.513596 11.1055 0.36267 2.88296
16,2,34 65.7819 0.589963 10.1688 0.395199 2.20344
16,2,35 75.3272 0.709272 10.149 0.420095 1.75721
16,3,0 67.3205 0.151546 10.7804 0.106492 46.7771
16,3,2 51.1968 0.133979 8.76124 0.108921 37.5287
16,3,4 56.6653 0.155739 9.62219 0.106619 66.1193
16,3,6 65.6188 0.170594 8.74844 0.115023 68.6192
16,3,8 59.2381 0.142873 8.11742 0.112766 28.2058
16,3,10 58.9367 0.173778 8.65744 0.10547 51.5795
16,3,11 56.1826 0.0550149 1.25794 0.0511525 8.06399
16,3,12 50.2317 0.170876 8.2824 0.120846 26.7626
16,3,14 51.7972 0.177264 7.6506 0.141092 23.4512
16,3,16 63.6826 0.294657 7.31419 0.227285 37.088
16,3,17 55.8774 3.32431 1.80913 13.0062 5.10141
16,3,18 62.2472 0.207196 5.31477 0.182788 35.8479
16,3,19 319.84 239.406 2.95541 0.55964 328.92
16,3,20 55.2569 0.203187 6.42794 0.164743 7.24574
16,3,21 317.937 0.526019 1.65122 0.50022 410.88
16,3,22 57.175 0.267202 6.38114 0.175905 16.9493
16,3,23 56.2337 0.249647 5.1997 0.22918 4.33375
16,3,24 51.0142 0.246313 6.02636 0.225818 9.72765
16,3,27 57.1269 2.51861 1.63646 1.79856 3.36386
16,3,30 59.645 0.311383 4.93909 0.326597 8.30702
16,3,31 318.548 1.50281 1.65296 0.536571 199.84
16,3,33 319.402 37.0991 2.18919 0.73536 163.36
16,4,1 72.925 0.256465 9.57876 0.163564 5.46186
16,4,2 70.2199 0.25211 8.43849 0.159902 17.0013
16,4,3 68.6239 0.252886 8.89839 0.17988 16.2115
16,4,4 57.3746 0.149575 11.6901 0.117555 27.6503
16,4,5 65.1258 0.26289 8.96037 0.20854 15.0356
16,4,6 69.1605 0.157335 11.4545 0.119059 45.2156
16,4,7 64.1802 0.334502 8.93355 0.247362 11.9815
16,4,8 72.3859 0.147962 11.779 0.107327 56.9841
16,4,9 45.9835 0.0288889 1.04694 0.0279741 25.6013
16,4,12 71.1533 0.135791 9.94928 0.0998987 77.3661
16,4,14 61.7394 0.134968 11.3195 0.0960791 34.3445
16,4,16 68.0869 0.151687 10.557 0.103799 55.6199
16,4,17 52.2179 0.282677 7.48091 0.307917 28.1242
16,4,18 69.002 0.14527 10.5183 0.099959 35.8745
16,4,19 318.252 0.586195 2.12968 1.04775 693.72
16,4,20 61.3261 0.149003 10.5312 0.0947798 46.9599
16,4,22 64.7351 0.396962 7.58915 0.298126 13.3077
16,4,25 59.9864 0.400233 8.50386 0.254233 7.35568
16,4,27 62.2195 0.33359 5.43186 0.272069 5.80732
16,4,28 51.9703 0.545199 6.60821 0.307408 2.71933
16,4,30 53.3435 0.602858 4.35339 0.456274 179.291
16,4,31 61.0896 0.356673 8.71436 0.263079 5.39601
16,4,33 73.9991 0.404395 10.5917 0.25788 4.7872
16,4,34 318.204 7.36391 1.69855 0.389395 185.8
16,4,35 56.4606 0.45551 9.07346 0.28197 5.36398
16,5,0 66.7361 0.185123 8.73549 0.110836 93.1178
16,5,1 53.664 0.164567 8.87764 0.107753 42.2652
16,5,2 61.2604 0.150029 6.94196 0.101682 32.2393
16,5,3 54.1961 0.249469 7.62966 0.179933 48.0299
16,5,4 60.4841 0.178353 6.94364 0.123016 19.4922
16,5,5 65.4707 0.351998 7.51523 0.22811 38.1026
16,5,6 66.8148 0.334614 8.03698 0.189334 38.9261
16,5,7 52.3736 0.25772 8.22564 0.157204 17.9674
16,5,8 61.0783 0.245639 6.54166 0.173993 10.9133
16,5,9 66.4391 0.375576 9.28591 0.257015 3.05874
16,5,12 65.7653 0.281835 10.0919 0.177876 18.4665
16,5,13 71.2334 0.272728 10.1709 0.177814 16.1257
16,5,14 69.817 0.241975 9.16799 0.12316 36.7193
16,5,15 65.1347 0.212045 9.48955 0.138024 30.7906
16,5,16 64.3473 0.181416 10.0627 0.111661 56.7765
16,5,17 68.2741 0.186559 9.2344 0.106237 52.3093
16,5,18 71.0695 0.175675 10.5734 0.107286 75.5844
16,5,19 71.2344 0.15939 11.4086 0.102885 43.7137
16,5,20 70.3706 0.139711 10.299 0.0846675 97.4555
16,5,21 75.5959 0.408835 8.71943 0.329796 13.7926
16,5,22 63.3044 0.358284 9.63143 0.258636 13.8557
16,5,23 73.2424 0.380587 8.36694 0.319631 18.8654
16,5,24 70.4267 0.25976 8.80158 0.199842 14.8544
16,5,25 61.2335 0.218456 7.77401 0.196283 17.711
16,5,26 76.1627 0.222821 7.95298 0.168023 21.8829
16,5,27 66.9129 0.18394 10.0004 0.129644 14.004
16,5,28 70.381 0.167009 5.6952 0.199503 32.7986
16,5,29 72.5328 0.17123 9.67689 0.120264 46.9035
17,0,0 315.917 1.04808 1.00001 12.8783 160.68
17,0,1 66.5545 0.449322 9.74646 0.273781 5.7366
17,0,2 68.4389 0.755734 9.04511 0.375204 4.93136
17,0,4 71.4812 0.546786 8.77164 0.341204 5.82052
17,0,5 61.4523 0.439782 10.0793 0.272163 7.92081
17,0,6 53.457 0.51391 8.52047 0.32632 4.96819
17,0,7 59.2698 0.412289 4.09203 0.383967 5.01841
17,0,8 59.9928 0.425234 6.93912 0.260823 6.09417
17,0,9 49.8897 0.368976 6.867 0.236307 6.15241
17,0,10 68.7025 0.448814 8.19844 0.244505 8.02454
17,0,11 55.67 0.421561 7.8178 0.245583 9.59005
17,0,12 54.6826 0.362066 9.54307 0.255132 9.14045
17,0,13 65.5056 0.323077 7.89238 0.195061 8.86683
17,0,14 64.6284 0.351734 7.78093 0.221481 9.68209
17,0,15 59.5711 0.283147 7.04383 0.178916 11.7454
17,0,16 75.7823 0.156691 9.86407 0.110685 19.5208
17,0,17 63.829 0.316617 9.2844 0.202745 14.6281
17,0,18 71.6322 0.155248 10.2542 0.0974749 37.5876
17,0,19 61.5809 0.300318 9.43997 0.165493 18.7437
17,0,20 68.0049 0.160066 9.93565 0.106003 56.173
17,0,21 66.6473 0.318029 8.54993 0.187307 14.4814
17,0,22 68.9991 0.138111 11.0687 0.0989428 44.185
17,0,23 54.7687 0.321215 6.82231 0.238313 26.753
17,0,24 64.8106 0.157652 11.4842 0.112321 46.8103
17,0,25 66.2006 0.29518 8.70105 0.192083 20.2407
17,0,26 63.9251 0.144812 11.6855 0.101043 57.6908
17,0,27 68.261 0.266401 8.55119 0.157925 24.8114
17,0,28 58.2416 0.142577 10.2724 0.0899667 89.5182
17,0,29 65.5102 0.247895 8.5914 0.149233 20.8488
17,0,30 70.303 0.140011 11.1101 0.0936817 80.3193
17,0,31 56.3936 0.255127 9.01411 0.157714 16.5216
17,0,32 68.0755 0.164803 11.2562 0.113447 74.6081
17,0,33 70.3029 0.245193 9.40129 0.146792 13.8658
17,0,34 58.405 0.224411 9.58125 0.150932 14.8278
17,0,35 72.8868 0.257994 10.072 0.171651 17.649
17,1,0 61.4803 0.252062 9.90068 0.175042 15.085
17,1,1 55.6766 0.140808 11.5487 0.104423 62.3977
17,1,2 68.9311 0.245347 9.13514 0.157843 12.9686
17,1,3 62.1002 0.155052 11.5504 0.108801 43.8941
17,1,4 58.064 0.252506 9.98957 0.169694 8.50078
17,1,5 66.0666 0.123387 9.4998 0.0926494 59.2712
17,1,7 63.2991 0.142732 10.8607 0.0960014 72.0062
17,1,8 59.8131 0.297247 9.07247 0.161312 25.4576
17,1,9 164.666 5.44669 5.00018 1.3794 -1
17,1,11 75.1935 0.137593 10.5412 0.0919113 29.0881
17,1,12 60.3682 0.296775 9.2159 0.189006 7.71741
17,1,13 70.2668 0.14115 9.40449 0.11504 29.8014
17,1,14 58.9091 0.280077 8.7175 0.175088 11.3118
17,1,15 74.4046 0.174046 8.65508 0.131501 40.788
17,1,16 67.857 0.352151 9.05549 0.21968 8.54509
17,1,17 69.9529 0.17696 9.8858 0.127648 28.2313
17,1,18 62.6102 0.312854 7.53739 0.207897 10.7565
17,1,19 71.3762 0.191319 9.70728 0.121475 18.4817
17,1,20 52.0902 0.258618 5.52447 0.17873 10.0596
17,1,21 62.3059 0.196513 9.49747 0.129173 27.8727
17,1,22 50.4579 0.458687 9.75563 0.31112 7.22355
17,1,23 68.4636 0.212818 9.31137 0.138205 20.5063
17,1,24 62.0783 0.380333 8.21955 0.229168 10.1516
17,1,25 59.3918 0.259813 9.38534 0.153267 17.6459
17,1,26 57.4252 0.576977 7.32877 0.369851 10.2089
17,1,27 64.3905 0.2792 9.59853 0.173902 8.8329
17,1,28 46.0024 0.284685 5.38854 0.208502 2.6356
17,1,29 59.2161 0.312232 9.49268 0.208864 8.25636
17,1,30 53.6758 0.445795 8.12565 0.281402 3.5741
17,1,33 62.1584 0.377561 9.80872 0.239965 5.54633
17,1,34 42.1176 0.380289 4.55682 0.249736 1.71134
17,2,0 55.9843 0.179009 13.1139 0.138948 13.0242
17,2,1 56.278 0.162818 12.3722 0.128118 14.1707
17,2,2 47.4677 0.156349 12.229 0.131884 11.6908
17,2,3 53.1147 0.178188 12.7711 0.133648 10.38
17,2,4 67.2822 0.193579 14.3039 0.150848 13.2154
17,2,5 54.7395 0.192385 13.4767 0.157262 10.5224
17,2,6 69.1263 0.211052 14.0825 0.168454 19.8257
17,2,7 61.3547 0.20064 13.5229 0.164755 12.8107
17,2,8 69.6245 0.239491 13.953 0.197663 24.236
17,2,9 59.4237 0.26504 13.7355 0.229088 14.2285
17,2,12 64.195 0.324125 15 0.0213643 40.2249
17,2,13 57.0371 0.262084 15 0.0462148 11.8627
17,2,14 65.4702 0.378759 14.825 0.35002 32.7709
17,2,15 65.695 0.123979 15 0.0248017 11.0337
17,2,16 63.8352 0.159334 13.7807 0.126727 12.4571
17,2,17 70.6334 0.167877 12.9819 0.133071 18.8448
17,2,18 62.0817 0.276393 13.0917 0.253044 27.7917
17,2,19 66.7574 0.21773 12.4361 0.183441 32.4184
17,2,20 68.1719 0.176324 12.2889 0.142204 40.0316
17,2,21 62.2634 0.192893 13.7791 0.156576 9.53958
17,2,22 61.8825 0.17696 13.2181 0.140645 13.3108
17,2,23 61.1667 0.178788 13.4545 0.141759 12.7278
17,2,24 62.6377 0.179806 13.6507 0.146776 11.9004
17,2,25 68.2784 0.183872 13.3189 0.1401 15.1063
17,2,26 57.5119 0.187209 12.8528 0.144419 11.7615
17,2,27 65.0645 0.213917 12.183 0.155625 17.2039
17,2,28 63.8041 0.22589 12.1315 0.178292 13.8002
17,2,29 68.4578 0.261566 11.7821 0.194139 9.54147
17,2,30 52.4241 0.276312 11.251 0.194091 7.2759
17,2,31 53.9202 0.312083 11.2897 0.225183 3.39882
17,2,32 54.5155 0.337844 11.2824 0.243087 3.49559
17,2,34 57.6356 0.438051 9.98972 0.306355 3.39526
17,2,35 51.9333 0.42701 10.3468 0.365042 2.25076
17,3,0 52.3098 0.120667 8.63572 0.0801611 62.4287
17,3,1 48.0752 0.0437258 1.55185 0.0405621 101.067
17,3,2 62.7956 0.135059 10.1392 0.0875024 59.0553
17,3,3 65.3167 0.23583 8.21538 0.141 8.99639
17,3,4 52.98 0.130482 8.97367 0.0891771 48.2446
17,3,5 58.1594 0.346199 6.62514 0.203336 16.0583
17,3,6 65.0534 0.174568 7.69481 0.117459 79.1757
17,3,7 62.097 0.243482 6.84897 0.13899 10.8147
17,3,8 50.9439 0.124679 7.43703 0.0912177 32.7328
17,3,10 59.8204 0.141239 7.35 0.0949133 32.0943
17,3,11 58.9299 0.324563 7.0692 0.191613 12.6821
17,3,12 51.6369 0.138029 7.73624 0.0970291 27.0743
17,3,13 63.6418 0.324697 8.14875 0.190505 5.96163
17,3,14 57.4179 0.169101 7.14802 0.116706 35.2209
17,3,15 51.9981 0.347015 7.85954 0.186572 11.1294
17,3,16 57.8989 0.162323 6.54227 0.108649 20.5922
17,3,17 43.3442 0.337266 7.69138 0.226307 2.39205
17,3,18 59.8629 0.164005 6.82107 0.110676 14.5538
17,3,19 59.0943 0.378695 6.78766 0.219565 8.69949
17,3,20 52.2819 0.180825 5.58403 0.163877 25.6528
17,3,22 61.6734 0.209202 7.21973 0.112505 20.1278
17,3,23 56.6521 0.589925 7.0865 0.390932 8.39034
17,3,24 58.255 0.312563 7.38624 0.188894 21.458
17,3,25 59.8862 0.488394 8.05421 0.327319 3.37326
17,3,27 317.477 0.405769 1.21741 0.547858 292.04
17,3,28 60.3741 0.350975 8.3607 0.190189 22.6358
17,3,29 47.2028 0.301707 1.44086 0.152348 7.26981
17,3,30 55.2714 0.0407584 1.20567 0.0562156 11.007
17,3,31 44.8739 0.302388 4.53318 0.230469 1.9805
17,3,32 47.0221 0.36984 5.77837 0.240568 7.59965
17,3,33 37.4592 0.442723 1.60464 0.2742 5.89498
17,3,34 318.071 0.425128 1.59211 0.712497 420.92
17,3,35 57.2741 0.665837 5.43418 0.423211 2.73048
17,4,2 80.6299 0.361269 11.6668 0.263422 14.964
17,4,3 77.1142 0.353399 11.0324 0.22254 14.5671
17,4,4 82.2582 0.164862 12.3784 0.117844 72.0406
17,4,5 81.3594 0.364162 11.2098 0.249859 12.8823
17,4,6 83.526 0.153884 11.8432 0.114453 69.6399
17,4,7 72.9173 0.388407 11.3799 0.267859 16.3663
17,4,8 73.4453 0.168929 12.1773 0.120593 57.8456
17,4,9 86.3724 0.412577 12.3031 0.278133 21.8245
17,4,10 83.0665 0.148038 11.2754 0.103723 54.9593
17,4,11 75.1213 0.373543 11.1594 0.243358 10.5957
17,4,12 86.9459 0.15372 9.91827 0.125736 39.5853
17,4,13 63.9634 0.388502 11.3533 0.274568 8.37663
17,4,14 67.7125 0.160186 9.60723 0.126178 33.9952
17,4,15 80.4642 0.475288 11.9793 0.353315 14.0272
17,4,16 85.6615 0.191585 10.0173 0.143813 61.1492
17,4,17 71.0486 0.444855 10.9379 0.259556 11.2315
17,4,18 72.0573 0.203042 8.07972 0.155019 45.0603
17,4,19 77.3622 0.490439 12.2398 0.33523 7.76089
17,4,20 70.9746 0.209262 9.6862 0.159235 26.2116
17,4,21 79.4726 0.451022 9.97266 0.262234 12.3565
17,4,22 73.7835 0.540157 9.73151 0.347605 9.16192
17,4,23 73.1031 0.526744 11.2015 0.341608 6.00085
17,4,25 84.9617 0.557108 10.4091 0.448687 4.64044
17,4,26 81.0805 0.683628 10.7089 0.562217 7.2024
17,4,28 65.8215 8.04269e-05 3.14655 1.57141e-06 70.1881
17,4,29 81.0676 0.788785 12.2587 0.665807 6.45496
17,4,30 78.0751 0.744083 10.2995 0.690668 4.08538
17,4,31 80.4315 0.535415 8.51787 0.384906 9.56954
17,4,32 72.8227 0.960002 7.76802 0.830488 4.26236
17,4,35 75.4673 0.588792 10.1827 0.443483 6.06918
17,5,0 71.3668 0.210447 7.23213 0.216452 28.6749
17,5,1 69.5231 0.228428 9.95889 0.167306 22.9712
17,5,2 64.4733 0.256876 10.1313 0.175356 15.6425
17,5,3 71.5235 0.276504 10.1992 0.211636 14.8194
17,5,4 61.6817 0.290236 9.23001 0.181368 10.2245
17,5,5 69.2207 0.269943 8.14102 0.211298 6.84339
17,5,6 67.8706 0.362659 8.84321 0.259931 9.85292
17,5,7 61.3067 0.358191 7.22422 0.289336 7.79208
17,5,8 71.3994 0.383049 7.71445 0.264566 6.20775
17,5,9 74.8478 0.545841 8.90244 0.403847 11.0257
17,5,10 75.7519 0.461819 9.42133 0.354298 11.9322
17,5,12 60.5357 0.319382 8.87871 0.210418 11.1749
17,5,13 70.692 0.289523 8.02654 0.180609 13.2175
17,5,14 75.5081 0.317716 8.96614 0.243933 21.2573
17,5,15 63.9036 0.288483 7.87979 0.197552 26.0855
17,5,16 75.0695 0.264851 9.31924 0.186316 35.8645
17,5,17 78.6633 0.194415 8.57628 0.154388 26.2077
17,5,18 65.7466 0.228703 8.29383 0.144411 48.4581
17,5,19 66.1025 0.212744 9.80738 0.149391 56.0601
17,5,20 75.9245 0.186742 9.63627 0.13224 73.2672
17,5,22 73.2708 0.306127 5.1645 0.246801 16.62
17,5,23 74.6133 0.551532 7.25965 0.385554 19.6994
17,5,24 64.489 0.333493 7.6815 0.219777 17.1144
17,5,25 79.3551 0.27587 8.19219 0.129658 31.2707
17,5,26 64.3948 0.276315 7.70155 0.173207 27.4237
17,5,27 71.6364 0.206487 7.46099 0.142337 25.2291
17,5,28 78.8237 0.202118 8.24693 0.116096 51.025
17,5,29 68.635 0.18182 8.46995 0.0989807 63.3604
18,0,0 69.4745 0.624999 5.89238 0.361062 3.00577
18,0,1 88.9395 0.547408 10.3145 0.357174 5.36591
18,0,2 70.3178 0.618716 8.09566 0.427456 2.30159
18,0,3 80.0082 0.406488 9.1255 0.253124 8.08902
18,0,4 78.6443 0.659913 9.41531 0.415681 2.7954
18,0,5 82.2641 0.462138 9.80614 0.259218 9.09193
18,0,6 62.2039 0.5329 8.04363 0.385629 3.29505
18,0,7 80.5513 0.623945 10.4646 0.363657 3.77252
18,0,8 75.5395 0.477003 8.07922 0.370573 2.21661
18,0,10 76.6344 0.452136 7.61194 0.24404 6.42085
18,0,11 69.6477 0.54043 10.1116 0.295889 7.3957
18,0,12 79.1256 0.48336 10.2878 0.287183 5.21361
18,0,13 76.6308 0.457768 10.0072 0.273211 5.40189
18,0,14 66.0473 0.453189 10.4965 0.300513 7.3794
18,0,15 80.0713 0.372825 9.13267 0.193286 9.855
18,0,16 78.8453 0.183647 9.2809 0.0949664 52.9259
18,0,17 64.9338 0.374018 9.03223 0.230328 8.208
18,0,18 78.854 0.154445 10.4619 0.102029 33.6418
18,0,19 69.9426 0.390869 10.0564 0.209082 11.1683
18,0,20 83.4771 0.143628 10.0327 0.0867716 74.5189
18,0,22 69.5381 0.137556 9.52786 0.0770895 56.8063
18,0,23 83.0411 0.339885 10.3257 0.18326 10.5321
18,0,24 86.1825 0.148156 10.3169 0.0960615 69.2936
18,0,25 79.4859 0.359335 10.4063 0.224379 8.85361
18,0,26 83.6511 0.15044 11.083 0.0955052 79.8173
18,0,27 77.6995 0.37746 10.4977 0.229893 11.6686
18,0,28 79.9108 0.134108 10.2997 0.0800072 54.2436
18,0,29 82.2527 0.315128 9.65892 0.167282 10.9837
18,0,30 82.9314 0.137358 11.0414 0.0870231 41.2366
18,0,31 81.3109 0.334515 9.83366 0.170579 10.5123
18,0,32 86.0179 0.13233 11.0292 0.0901603 42.8085
18,0,33 85.4321 0.322017 10.4826 0.186912 6.55364
18,0,34 71.7307 0.349695 10.361 0.207515 7.94422
18,0,35 75.9746 0.346753 10.3886 0.216205 6.48483
18,1,0 68.4375 0.368783 9.00507 0.212635 12.2135
18,1,1 74.6868 0.130277 10.0179 0.0814341 53.2871
18,1,2 65.7375 0.327621 9.33773 0.200563 13.0072
18,1,3 75.4699 0.155849 7.96433 0.0940983 64.7351
18,1,4 78.1829 0.373575 8.51692 0.195056 10.377
18,1,5 77.1001 0.186958 8.46548 0.108265 67.8672
18,1,6 76.3723 0.348997 9.118 0.210686 10.1939
18,1,7 73.0362 0.150839 8.09104 0.0941413 43.0211
18,1,8 72.7356 0.321429 7.4714 0.189283 8.74467
18,1,9 74.294 0.194831 7.74693 0.131559 45.5251
18,1,13 83.0957 0.205414 8.91122 0.123282 35.1361
18,1,14 69.4065 0.41294 7.88333 0.289551 5.7673
18,1,17 68.7649 0.285721 8.92693 0.154015 27.7781
18,1,18 75.8762 0.440216 7.26912 0.344117 4.86582
18,1,19 75.3229 0.35807 7.90209 0.216485 25.3039
18,1,20 64.3125 0.366876 4.4922 0.339852 108.589
18,1,23 65.3577 0.291939 8.17495 0.178098 13.0659
18,1,24 69.6735 0.478578 6.73575 0.351479 3.52371
18,1,26 70.5682 0.429451 4.9702 0.394864 5.75266
18,1,27 71.8389 0.373171 9.14336 0.235316 15.4866
18,1,30 318.506 0.787311 2.42244 0.976141 258.625
18,1,31 71.6809 0.463326 8.51274 0.295735 8.02886
18,1,33 65.2683 0.504841 9.28494 0.304568 5.80897
18,1,34 71.368 0.650107 4.11656 0.408323 1.97522
18,1,35 78.9401 0.686921 9.0268 0.39836 9.77039
18,2,0 63.9841 0.177773 14.3751 0.144423 9.35054
18,2,1 61.9617 0.16567 13.4363 0.13629 10.0575
18,2,2 57.6715 0.150959 13.2916 0.125491 8.91581
18,2,3 63.3732 0.169622 13.2541 0.126152 15.534
18,2,4 58.1097 0.15958 13.2886 0.120622 13.3843
18,2,5 70.8496 0.191872 13.6801 0.14712 19.6776
18,2,6 70.2636 0.178927 12.4455 0.146357 15.1993
18,2,10 63.4908 0.319745 11.9605 0.296357 45.1852
18,2,12 67.1957 0.283862 12.7385 0.246433 17.9627
18,2,13 69.1773 0.195357 10.3866 0.159103 22.0357
18,2,14 63.1231 0.219139 12.6186 0.177244 14.6598
18,2,15 74.5577 0.165666 12.4734 0.120212 15.6415
18,2,16 73.2668 0.146412 11.8762 0.10985 7.95956
18,2,17 76.9104 0.156147 11.8243 0.115344 10.8296
18,2,18 61.0753 0.186385 12.6598 0.148627 15.9405
18,2,19 78.1322 0.146592 10.9239 0.111723 25.7722
18,2,20 75.0581 0.167398 12.2158 0.12639 29.8133
18,2,21 69.2948 0.150343 11.3082 0.109322 17.0606
18,2,22 71.4252 0.175588 12.4393 0.127775 19.5089
18,2,23 56.7661 0.190863 12.9397 0.144655 15.5613
18,2,24 70.3624 0.192164 11.6929 0.131742 14.655
18,2,25 72.1635 0.209293 11.6187 0.142608 10.2312
18,2,26 74.6378 0.230968 11.4327 0.164018 7.84273
18,2,27 69.2019 0.277928 12.0055 0.178566 9.2226
18,2,28 62.8381 0.327842 12.8737 0.249268 5.68738
18,2,29 76.7758 0.342116 11.4779 0.230611 5.20473
18,2,30 62.0648 0.388343 11.9584 0.252048 4.03059
18,2,31 73.0752 0.399013 11.5485 0.3045 4.08808
18,2,32 75.2472 0.463001 10.6706 0.332313 3.68666
18,2,34 78.9823 0.621903 10.8784 0.452754 3.57107
18,2,35 68.3373 0.727205 10.5217 0.461745 2.40989
18,3,0 76.9163 0.126482 9.43603 0.0938236 48.3622
18,3,1 71.1602 0.217179 4.71004 0.169715 8.91389
18,3,2 72.8358 0.136492 8.4181 0.107323 41.5964
18,3,3 57.2712 0.0489417 1.17148 0.0221214 83.0402
18,3,4 74.0327 0.130375 7.42885 0.0966422 52.3469
18,3,5 67.1301 0.2143 1.89332 0.184651 13.5784
18,3,6 68.3961 0.127584 9.10044 0.0968993 22.3218
18,3,7 69.5091 0.229297 5.60873 0.172786 4.9483
18,3,8 69.4242 0.131595 8.59825 0.109926 26.4705
18,3,9 73.6077 0.34615 9.30951 0.214456 4.88515
18,3,10 71.856 0.131846 7.25459 0.0937196 20.5449
18,3,11 317.852 1.71778 1.50992 0.63353 534.44
18,3,12 68.8938 0.153362 7.85828 0.114071 17.9133
18,3,13 70.0972 0.313858 6.03343 0.179125 6.38561
18,3,14 76.6216 0.189488 8.76743 0.138741 8.36728
18,3,15 65.7233 0.524246 6.54041 0.353348 5.9441
18,3,16 72.5811 0.257219 8.13744 0.237414 26.311
18,3,17 315.648 0.312093 1.00002 12.8586 455.72
18,3,18 62.0378 0.21111 6.82616 0.160336 21.2361
18,3,19 316.481 221.671 1.06136 0.274016 304.64
18,3,20 76.2568 0.325246 7.86688 0.22116 23.0689
18,3,21 59.2762 0.385357 7.27187 0.366169 4.71872
18,3,22 65.656 0.331348 8.22 0.24263 16.4866
18,3,23 73.7586 0.127335 1.25558 0.16664 12.2892
18,3,24 63.268 0.372352 9.30554 0.244399 10.6367
18,3,25 317.587 0.539976 1.2394 0.547428 219.12
18,3,26 62.3317 0.400709 6.63215 0.392513 10.8182
18,3,27 70.5481 0.552483 6.19252 0.284682 3.08507
18,3,28 69.6434 0.310973 7.0726 0.253934 5.61901
18,3,29 65.9254 0.487841 8.06359 0.283077 4.13221
18,3,30 68.5196 0.366098 6.61562 0.240205 3.26878
18,3,31 71.7276 0.651231 4.56121 0.434701 1.57662
18,3,33 47.4778 11.8361 1.72434 13.6357 75.8425
18,3,34 317.211 0.379798 1.05863 0.984021 223
18,3,35 316.672 22.5494 1.01242 9.07801 78.84
18,4,0 67.1321 0.299293 8.68865 0.189781 19.4844
18,4,1 77.4608 0.268864 9.29464 0.198936 10.7457
18,4,3 68.5345 0.304106 9.44069 0.22499 7.49891
18,4,4 84.1184 0.146381 10.8183 0.110892 39.6593
18,4,5 77.3133 0.280019 9.43111 0.214273 13.2593
18,4,6 71.4516 0.166002 11.1481 0.13452 32.8551
18,4,7 63.6032 0.287701 8.74105 0.226189 18.4785
18,4,8 77.937 0.129767 10.3373 0.112611 37.4857
18,4,9 76.4642 0.302005 8.8857 0.227673 13.5769
18,4,10 82.3779 0.141146 9.30043 0.106968 61.3207
18,4,11 71.875 0.304946 9.72902 0.209245 9.33479
18,4,12 73.6306 0.16786 11.2315 0.126423 55.3324
18,4,13 78.6992 0.286785 8.3996 0.232933 7.74749
18,4,14 67.1639 0.138604 10.8111 0.107243 48.9724
18,4,16 81.4895 0.124911 7.82063 0.0906265 58.2667
18,4,18 67.8058 0.127909 9.29328 0.0914808 42.5144
18,4,20 77.2954 0.143135 8.87459 0.0954328 44.4372
18,4,21 319.706 229.948 3.22191 0.650112 454.44
18,4,22 317.277 0.532942 1.14132 0.252427 444.28
18,4,26 76.0741 0.643985 6.73409 0.460447 3.58958
18,4,27 68.9404 0.456763 7.44407 0.329802 2.97715
18,4,28 75.0966 0.105747 1.70309 0.148211 8.92795
18,4,29 62.0727 0.684631 7.75011 0.620537 3.81297
18,4,30 317.636 0.496742 1.27089 0.596021 204.92
18,4,31 80.0308 0.425749 9.57134 0.225175 10.6203
18,4,34 76.4185 0.903467 8.81474 0.554119 5.07937
18,5,0 64.0833 0.162029 8.7279 0.126357 45.2616
18,5,1 60.0816 0.128712 8.47047 0.111782 18.0935
18,5,2 62.6595 0.173835 9.24113 0.105889 21.3986
18,5,3 60.9558 0.162801 7.09704 0.179929 15.3817
18,5,4 56.5248 0.18378 9.06969 0.111768 11.8483
18,5,5 69.0451 0.201829 9.30071 0.153644 14.22
18,5,6 60.8426 0.205252 7.8461 0.182265 7.96099
18,5,8 56.7765 0.305161 9.12078 0.198588 6.6629
18,5,9 63.4208 0.292741 5.1982 0.232042 10.4702
18,5,11 61.1299 0.256427 7.02226 0.254689 10.7511
18,5,12 68.5361 0.242629 8.45674 0.170707 8.74181
18,5,13 71.667 0.205975 6.99955 0.12884 15.4565
18,5,14 59.5192 0.216293 9.31048 0.14946 18.9774
18,5,15 65.3532 0.222016 6.61482 0.141845 39.1998
18,5,16 64.1821 0.222002 7.26716 0.183674 40.8234
18,5,17 63.0695 0.147537 7.23586 0.105455 35.3501
18,5,18 63.3118 0.142769 8.00883 0.0964519 35.5213
18,5,19 64.2662 0.13225 7.96663 0.0917152 43.38
18,5,20 57.7572 0.14824 9.4541 0.100437 72.4494
18,5,21 62.3038 0.250569 6.12929 0.130385 6.34977
18,5,22 66.4479 0.306233 7.50614 0.18173 9.14268
18,5,23 68.489 0.306069 7.98126 0.174191 17.3507
18,5,24 69.1484 0.231327 7.43044 0.143123 14.3046
18,5,25 62.3676 0.174079 6.10044 0.112378 13.3872
18,5,26 70.1586 0.193112 7.34066 0.118515 22.0302
18,5,27 69.9063 0.216081 8.38478 0.113279 40.3988
18,5,28 65.7498 0.185621 7.70199 0.113398 33.9142
18,5,29 63.7338 0.148737 8.12982 0.0865125 35.9532
19,0,1 66.2334 3.50248 1.33325 12.0523 5.30876
19,0,2 65.9659 0.843486 7.56048 0.567089 4.46976
19,0,4 69.4479 0.498852 6.55061 0.303032 2.8411
19,0,6 72.5621 0.453763 7.0238 0.251461 2.47746
19,0,8 60.0718 0.424833 8.61176 0.309973 4.02539
19,0,9 71.1165 0.377421 7.38642 0.305965 3.26134
19,0,10 68.5873 0.464544 7.94461 0.255207 9.87489
19,0,11 69.4789 0.425711 9.47894 0.274992 9.38475
19,0,12 58.8968 0.378574 8.7868 0.240428 6.70195
19,0,13 72.9616 0.386728 7.41148 0.310144 9.41895
19,0,15 71.0116 0.304673 8.16458 0.183084 14.465
19,0,16 66.0163 0.206858 9.09574 0.136313 38.7753
19,0,17 63.334 0.323658 7.98718 0.272287 9.91455
19,0,18 70.4161 0.152894 9.03866 0.092774 49.7099
19,0,20 62.0819 0.152614 9.57162 0.1017 55.1512
19,0,22 72.7671 0.123255 7.17945 0.100497 50.2033
19,0,23 69.79 0.235172 8.11549 0.171866 7.29297
19,0,24 71.4555 0.11176 7.97311 0.0707238 66.8401
19,0,25 64.3674 0.29331 8.57509 0.210198 17.227
19,0,27 69.4796 0.24607 8.3408 0.133606 15.2563
19,0,28 65.1557 0.147783 9.16704 0.104767 69.2389
19,0,29 71.2898 0.220423 8.11962 0.123457 11.2232
19,0,30 63.6686 0.140805 11.4438 0.105408 64.3856
19,0,31 71.8423 0.223202 8.05997 0.141749 13.9861
19,0,33 72.4243 0.224938 8.11508 0.144207 15.662
19,0,34 70.4267 0.227401 7.92411 0.165936 9.81204
19,0,35 61.2156 0.238835 8.6829 0.15527 13.9441
19,1,0 63.7483 0.266784 7.45656 0.185881 19.1027
19,1,1 65.058 0.143741 8.74898 0.113984 74.9543
19,1,2 62.2269 0.231089 7.9919 0.167724 10.6848
19,1,3 71.5517 0.103063 7.88239 0.0919432 54.8314
19,1,4 69.5768 0.239746 8.78659 0.18597 8.83782
19,1,5 59.8643 0.116365 9.17174 0.0824911 43.6998
19,1,6 71.1769 0.248548 8.18889 0.208438 9.00538
19,1,7 66.2644 0.113881 9.35685 0.0771777 33.9564
19,1,8 54.9457 0.293962 10.0095 0.194474 11.3492
19,1,9 70.6942 0.119067 9.11556 0.0930286 44.0151
19,1,10 63.0864 0.323391 10.2264 0.198976 11.1403
19,1,11 69.5776 0.120485 9.0032 0.0950065 35.5898
19,1,12 56.8284 0.323763 10.9399 0.233958 13.3842
19,1,13 70.3744 0.134083 8.15393 0.105178 20.7809
19,1,14 69.83 0.290902 8.96799 0.206583 8.17118
19,1,15 62.7 0.161611 8.93946 0.104569 33.1041
19,1,17 64.9955 0.20474 7.6217 0.139515 35.9323
19,1,18 66.2376 0.390431 10.2081 0.258346 7.14048
19,1,19 61.575 0.175504 7.45257 0.138212 14.5525
19,1,21 67.0792 0.246265 8.20482 0.158477 28.6557
19,1,22 63.6569 0.424627 9.15098 0.298294 6.23461
19,1,23 60.5958 0.227106 6.87836 0.197232 6.54278
19,1,24 66.2374 0.450306 10.3715 0.293464 4.08577
19,1,26 57.571 0.383672 8.88228 0.234019 4.36039
19,1,28 60.504 0.500329 8.32625 0.270447 7.7359
19,1,29 62.1593 0.257923 6.09571 0.205673 6.91334
19,1,31 68.8597 0.284172 7.7219 0.231265 6.80775
19,1,32 63.8467 0.664563 8.66316 0.353795 3.69419
19,1,33 68.6523 0.35037 7.77514 0.281104 3.79341
19,1,34 48.042 2.00917 1.54265 0.993248 121.062
19,1,35 68.756 0.677156 3.8791 0.65743 3.79101
19,2,0 70.6767 0.171454 12.7634 0.127341 15.9814
19,2,1 58.7769 0.165915 12.7338 0.125556 12.1846
19,2,2 58.343 0.168556 12.985 0.127133 11.2297
19,2,3 74.029 0.211796 14.3392 0.15661 15.3365
19,2,4 62.3086 0.193135 14.1004 0.148844 11.7796
19,2,5 56.8507 0.176894 13.7812 0.140925 11.49
19,2,6 69.8876 0.175228 13.8825 0.136884 17.1236
19,2,7 60.8055 0.161582 12.8464 0.127604 15.282
19,2,8 68.4894 0.201208 13.6118 0.164897 17.9549
19,2,9 77.4116 0.227614 13.1023 0.188267 29.3223
19,2,10 63.384 0.316193 14.6997 0.255638 15.4597
19,2,12 68.3832 0.233745 15 0.361782 36.0085
19,2,13 75.6067 0.295425 12.8292 0.254436 27.9868
19,2,14 72.7536 0.287571 13.8188 0.245909 43.8102
19,2,15 78.6228 0.171352 13.9579 0.14261 24.0574
19,2,16 70.1951 0.145381 13.2303 0.116844 13.5656
19,2,18 59.8176 0.310783 14.4549 0.276221 24.876
19,2,19 77.2603 0.262771 13.7638 0.207618 41.5674
19,2,20 72.3 0.247262 13.9249 0.195072 52.7664
19,2,21 63.9263 0.187681 13.5476 0.147455 22.5982
19,2,22 72.1627 0.160747 12.6464 0.120532 18.99
19,2,23 65.4389 0.179155 14.1101 0.163493 16.8447
19,2,24 59.9924 0.178152 13.0446 0.140909 14.069
19,2,25 75.2714 0.168507 12.4395 0.125463 11.0289
19,2,26 70.4626 0.198829 12.4309 0.14794 20.3317
19,2,27 62.2046 0.225431 12.876 0.165556 13.6278
19,2,28 53.3506 0.229913 12.1607 0.161394 8.37936
19,2,29 71.8807 0.27153 11.7719 0.180822 8.16198
19,2,30 63.0854 0.297914 10.788 0.197542 5.11036
19,2,31 61.0301 0.3155 9.94481 0.219195 4.69224
19,2,33 57.0755 0.431753 10.8048 0.307016 2.51988
19,3,0 68.5222 0.145969 10.0133 0.0906493 56.9422
19,3,1 65.6305 0.294292 8.70621 0.168673 22.1255
19,3,2 55.2482 0.15518 9.00692 0.101558 61.6517
19,3,3 65.7255 0.292267 8.88769 0.197241 13.3444
19,3,4 66.15 0.174465 9.76696 0.113848 47.2891
19,3,5 63.5917 0.280725 7.82386 0.167135 15.9882
19,3,6 66.206 0.162321 10.1273 0.109778 42.8365
19,3,7 66.771 0.304372 8.49645 0.174245 11.0852
19,3,8 70.2144 0.175089 9.75512 0.0982876 72.8279
19,3,10 66.365 0.196749 8.70255 0.117707 62.3506
19,3,11 59.8285 0.29345 6.93825 0.172816 9.60232
19,3,12 55.1031 0.221178 8.69476 0.145212 62.7109
19,3,13 53.087 0.266476 4.9741 0.214537 16.3246
19,3,14 61.8085 0.164533 7.05499 0.125506 39.5838
19,3,15 61.5622 0.29857 6.69376 0.218943 6.42766
19,3,16 60.9712 0.157096 6.10718 0.138438 27.2701
19,3,17 57.3396 0.543338 7.87204 0.342371 18.2524
19,3,18 53.9424 0.250557 6.96493 0.180543 27.4885
19,3,21 61.016 0.405552 7.77981 0.221606 8.35689
19,3,22 58.4862 0.341566 7.27652 0.196552 27.7602
19,3,23 49.2492 0.460317 7.24517 0.269803 7.45802
19,3,24 50.2293 0.263916 8.06791 0.168137 17.0309
19,3,25 318.089 247.713 1.29795 0.230387 214.36
19,3,26 64.0316 0.190071 4.72865 0.145024 18.6066
19,3,27 71.4653 0.76601 10.3046 0.46232 6.08761
19,3,29 56.4743 1.12378 6.88724 0.73854 6.0138
19,3,31 58.9751 0.475488 4.63644 0.440595 2.19701
19,3,32 318.327 8.87223 1.65639 0.284653 403.2
19,3,33 317.685 1.02748 1.32014 0.43795 152.2
19,3,35 66.3322 0.931497 7.73234 0.670778 1.28149
19,4,0 76.9296 0.322181 9.3049 0.256584 13.2746
19,4,1 81.7315 0.326226 9.88671 0.180635 26.5778
19,4,2 66.1122 0.384934 9.29824 0.219913 19.8203
19,4,3 80.9451 0.337573 10.1034 0.176907 14.4119
19,4,4 80.8168 0.173172 11.4025 0.107121 82.6023
19,4,5 68.1549 0.354361 9.43914 0.200104 19.5367
19,4,6 78.8377 0.146404 10.0488 0.0842628 97.358
19,4,7 75.7191 0.389391 9.70087 0.246127 17.2737
19,4,8 79.9645 0.147746 10.2948 0.0873097 57.588
19,4,9 64.5982 0.407734 10.8709 0.26711 16.5221
19,4,10 69.1584 0.151134 10.1368 0.0894722 53.3351
19,4,11 67.109 0.428369 10.7582 0.279048 16.5705
19,4,12 70.473 0.154535 10.7633 0.092164 41.9365
19,4,13 73.248 0.37325 10.1469 0.216842 19.1398
19,4,14 69.866 0.156369 10.2466 0.0983448 39.3919
19,4,15 60.9357 0.425716 8.33942 0.320119 25.6056
19,4,16 73.1621 0.162962 10.159 0.0950852 65.5683
19,4,17 75.7946 0.503541 9.616 0.281345 14.4219
19,4,18 82.1137 0.222958 11.3702 0.131729 47.7142
19,4,19 59.4305 0.354917 7.03953 0.290084 11.7945
19,4,20 65.2414 0.264435 11.2094 0.181499 31.353
19,4,21 72.269 0.430886 7.95872 0.27127 9.253
19,4,22 65.8222 0.544047 11.1773 0.366224 14.0115
19,4,23 61.29 0.39678 5.20751 0.3762 12.0451
19,4,24 59.2353 0.545826 7.65916 0.340273 9.69006
19,4,25 82.1854 0.617649 12.0762 0.413325 6.48692
19,4,27 84.3521 0.562651 10.3978 0.482737 6.04109
19,4,28 76.7392 0.819336 9.60521 0.54434 12.6823
19,4,29 75.7578 0.910207 8.67442 0.50493 7.99961
19,4,30 79.5986 0.94809 11.602 0.555411 5.57505
19,4,31 316.961 0.699258 2.48386 1.15068 589.28
19,4,32 86.6141 0.743107 10.1406 0.642722 5.13631
19,4,33 66.4604 2.45574 1.45064 2.93743 193.981
19,4,34 63.3124 1.20873 4.80473 0.950027 68.7591
19,5,0 62.7098 0.210011 8.43533 0.133309 27.5864
19,5,1 74.6989 0.271698 10.6929 0.198571 20.7477
19,5,2 65.9244 0.225814 8.85149 0.143864 21.1443
19,5,3 66.769 0.24616 9.60277 0.151164 20.9492
19,5,4 56.6167 0.33351 11.6172 0.234861 10.0622
19,5,5 55.8321 0.322718 10.4372 0.226947 8.76828
19,5,6 72.153 0.376954 9.15972 0.296096 9.70432
19,5,7 64.2529 0.446112 9.45743 0.292387 8.66533
19,5,8 72.3487 0.466283 9.6387 0.375095 5.84126
19,5,9 69.0934 0.357376 7.4127 0.298217 2.68498
19,5,10 71.3733 0.329637 5.61732 0.340965 8.90668
19,5,11 65.7358 0.39228 9.26684 0.27648 8.62073
19,5,13 61.1993 0.294881 9.91593 0.215037 10.7755
19,5,14 72.8555 0.293627 8.34642 0.263598 17.0827
19,5,15 68.03 0.248499 9.94001 0.170807 14.4592
19,5,16 66.5204 0.225155 10.0995 0.158527 15.8293
19,5,17 68.4504 0.197532 9.42261 0.134188 21.3351
19,5,18 57.2897 0.204161 10.6606 0.147817 28.0326
19,5,19 76.4663 0.188012 9.57957 0.13733 41.9314
19,5,20 75.4211 0.201626 10.7767 0.150304 51.4335
19,5,21 72.1721 0.346421 8.34302 0.195997 12.9643
19,5,22 69.5294 0.303608 7.88625 0.217982 7.09721
19,5,24 60.7248 0.261829 8.02121 0.181494 12.1147
19,5,25 69.0683 0.231934 7.64375 0.14918 20.0599
19,5,26 72.3072 0.204035 7.1315 0.135802 19.6541
19,5,27 64.0321 0.274236 8.71658 0.202036 23.3739
19,5,28 75.2064 0.222851 7.90694 0.136665 43.4583
20,0,0 88.6331 0.692604 9.05317 0.408003 1.53075
20,0,1 80.2029 0.476537 8.90505 0.329745 2.75036
20,0,2 83.3902 0.78556 11.4688 0.516799 3.27908
20,0,4 88.5486 0.653234 9.7082 0.412388 2.71924
20,0,5 78.71 0.425799 9.91643 0.257667 4.27251
20,0,7 85.7672 0.758704 12.4988 0.573741 3.24754
20,0,8 84.1549 0.613696 10.7032 0.387271 4.00503
20,0,9 92.5469 0.601842 10.3847 0.355675 5.20913
20,0,10 88.4937 0.520206 10.3398 0.343818 3.77525
20,0,11 89.9634 0.512415 10.5161 0.320293 4.79485
20,0,12 81.6842 0.483652 10.2093 0.268589 6.20741
20,0,13 91.7079 0.469227 9.96934 0.255398 6.20665
20,0,14 87.7944 0.478964 9.92651 0.298177 8.13114
20,0,15 76.7726 0.412839 10.2522 0.238381 6.44031
20,0,16 85.2062 0.184282 9.65871 0.11331 38.6303
20,0,17 56.5579 0.0500224 1.00688 0.00462301 94.9409
20,0,18 85.0469 0.1561 9.99918 0.0917229 32.5878
20,0,19 79.1099 0.420973 10.4008 0.239869 6.8209
20,0,20 88.1381 0.16826 9.38317 0.103162 48.9087
20,0,21 72.3256 0.344747 10.0475 0.204649 7.00008
20,0,22 80.9725 0.141868 9.02641 0.0842897 61.5312
20,0,24 87.1231 0.129708 9.86363 0.0843603 34.0826
20,0,25 80.1906 0.402445 11.1423 0.254671 8.28533
20,0,26 91.489 0.147417 10.1915 0.0866825 52.1662
20,0,28 92.4948 0.125768 9.09047 0.0762207 72.1549
20,0,29 87.3217 0.343716 10.2385 0.198488 5.89741
20,0,30 81.5202 0.13671 9.90832 0.0852369 65.0564
20,0,32 83.242 0.13038 10.1079 0.0796276 48.9197
20,0,33 90.4834 0.364357 10.5322 0.214895 7.51473
20,0,35 85.9519 0.365237 10.7078 0.211909 6.65955
20,1,0 81.6596 0.374271 9.41854 0.236409 8.82862
20,1,1 90.144 0.149775 8.50339 0.109836 42.7125
20,1,2 91.2562 0.370319 9.39057 0.226802 7.6672
20,1,3 84.9656 0.200667 10.1834 0.142485 67.1264
20,1,4 89.5685 0.467696 9.98022 0.252917 9.76316
20,1,5 98.2026 0.193966 9.80618 0.127947 51.6782
20,1,6 99.4503 0.405124 9.57002 0.300348 7.03892
20,1,7 89.5588 0.180682 8.43204 0.124259 27.0733
20,1,8 96.347 0.479413 10.1313 0.300654 7.61267
20,1,9 90.0657 0.186112 8.23136 0.144073 21.0047
20,1,10 91.8614 0.457324 8.52304 0.295575 5.92411
20,1,11 89.8301 0.207174 8.0646 0.148041 16.9986
20,1,13 90.0129 0.240442 8.12508 0.190406 15.8662
20,1,14 84.1858 0.530644 9.93871 0.33365 6.66312
20,1,15 96.3962 0.325495 8.63031 0.214655 17.1545
20,1,16 96.8921 0.569883 10.1234 0.4014 5.48145
20,1,17 88.0065 0.319058 8.48389 0.203053 25.0285
20,1,18 94.5207 0.702321 10.4387 0.417777 8.20566
20,1,20 84.7474 0.59446 10.6932 0.350503 4.73998
20,1,21 80.3345 0.314908 8.08322 0.207363 12.7037
20,1,22 94.6152 0.733974 11.2709 0.495081 4.56271
20,1,24 85.4124 0.68454 9.75037 0.534044 3.04105
20,1,25 88.0208 0.452339 8.89507 0.298499 15.1339
20,1,26 94.7484 0.913049 9.52849 0.669814 4.78226
20,1,27 88.171 0.500233 8.6905 0.286249 8.93652
20,1,28 87.7676 0.761046 8.80528 0.581695 2.57922
20,1,29 98.3289 0.518203 8.35192 0.310491 8.97105
20,1,32 87.0932 0.778681 7.52488 0.597813 2.54402
20,1,33 88.3468 0.891287 6.94314 0.501931 7.04009
20,1,34 100.173 1.15447 8.99197 0.750697 2.8422
20,2,0 75.1657 0.170942 13.4162 0.12355 13.9814
20,2,1 70.8848 0.19225 14.1819 0.141871 14.2692
20,2,2 74.2451 0.166785 13.5486 0.127105 12.153
20,2,3 89.4326 0.160904 12.1042 0.115541 14.1774
20,2,4 84.4778 0.16746 13.2407 0.119 21.2695
20,2,5 72.2452 0.19903 13.3226 0.145491 19.8795
20,2,10 73.2822 0.286607 11.4316 0.244949 19.9225
20,2,11 85.7523 0.271478 10.6816 0.209578 22.3815
20,2,12 79.6002 0.230387 11.3944 0.181465 24.4452
20,2,13 80.4585 0.218267 12.1225 0.174324 16.585
20,2,14 79.1028 0.177471 11.181 0.135641 20.7489
20,2,15 76.0449 0.159704 11.4186 0.109504 14.5437
20,2,16 70.9403 0.182453 13.2117 0.124258 10.7847
20,2,17 84.1102 0.173737 12.0335 0.11928 9.50245
20,2,18 67.0328 0.182221 12.3454 0.142696 21.0518
20,2,19 78.7673 0.184274 12.4618 0.135225 24.4645
20,2,20 85.2892 0.166661 11.4962 0.11953 26.5587
20,2,21 83.3003 0.176511 12.4897 0.119517 24.7556
20,2,22 79.524 0.169041 11.4671 0.110637 16.3986
20,2,23 65.7263 0.195497 12.3859 0.130562 15.8349
20,2,24 85.7489 0.205844 11.6081 0.140016 12.1159
20,2,25 81.5287 0.230448 11.9332 0.149514 11.4496
20,2,26 79.7328 0.24443 11.7471 0.164796 7.58064
20,2,27 85.4027 0.284262 11.519 0.183539 9.18462
20,2,28 84.4282 0.308541 11.0243 0.203367 6.81112
20,2,29 69.6406 0.344235 11.7636 0.221367 4.81211
20,2,30 63.6046 0.383899 12.0062 0.254523 4.96736
20,2,31 74.2083 0.426512 10.7489 0.255174 5.24085
20,2,32 78.5981 0.441804 10.4158 0.268688 5.18334
20,2,33 68.0528 0.527684 10.2158 0.341538 4.10949
20,2,34 83.2579 0.603704 11.4579 0.361645 3.83306
20,2,35 80.3147 0.68303 10.2141 0.410083 3.09865
20,3,0 92.6283 0.151923 10.4538 0.118594 40.6119
20,3,2 85.1225 0.18654 12.6462 0.121376 38.8633
20,3,3 72.7149 0.36093 10.5597 0.20679 10.3049
20,3,4 85.4994 0.211355 11.3259 0.139099 50.9782
20,3,5 67.1544 0.346291 10.0316 0.210431 11.8801
20,3,6 80.4065 0.176155 11.132 0.109412 27.7342
20,3,8 86.9821 0.198551 9.73802 0.115312 35.4539
20,3,9 85.9641 0.377046 8.79389 0.210419 10.3882
20,3,10 85.6489 0.217456 11.2132 0.135017 38.2616
20,3,11 80.822 0.415601 9.82215 0.22242 8.88741
20,3,12 76.6412 0.234513 9.984 0.145432 30.601
20,3,13 64.7391 0.410834 4.6289 0.451666 279.199
20,3,14 83.5389 0.23402 9.84369 0.135413 35.4809
20,3,16 85.3276 0.291677 9.65315 0.179079 25.5979
20,3,17 72.3336 0.570706 8.49454 0.316712 3.81256
20,3,18 79.2683 0.332604 10.3535 0.195049 18.2174
20,3,19 74.5027 0.873623 6.65778 0.705279 4.4312
20,3,20 84.5873 0.30843 10.3361 0.162666 22.7342
20,3,21 77.5674 0.494606 9.04326 0.305821 3.74017
20,3,22 84.3328 0.349198 10.5545 0.187875 16.7497
20,3,23 74.323 0.628594 9.82902 0.382654 3.46677
20,3,24 73.2508 0.439666 12.1848 0.291629 15.3946
20,3,26 76.5451 0.438068 11.095 0.2628 5.90722
20,3,27 318.441 0.66147 1.77968 0.593446 201.24
20,3,28 85.9139 0.47053 9.02556 0.268001 12.2632
20,3,29 84.7505 0.842847 8.00098 0.609908 1.86792
20,3,30 65.5671 0.537177 5.50198 0.571523 114.341
20,3,31 74.9869 0.875998 9.93108 0.534838 1.62107
20,3,32 89.7146 0.546021 10.2516 0.407849 5.0693
20,3,33 318.13 0.668259 1.38988 0.447519 100.667
20,3,34 74.9531 0.571625 10.089 0.351355 8.4541
20,4,3 85.355 0.335488 9.30041 0.228153 9.78707
20,4,4 87.8611 0.148507 11.3092 0.1102 30.205
20,4,5 84.4965 0.325182 9.40051 0.228858 7.00777
20,4,6 89.1029 0.16752 12.2349 0.132332 30.7312
20,4,7 76.4587 0.389057 9.09621 0.263257 6.74318
20,4,8 90.588 0.145476 10.3951 0.117804 41.9164
20,4,9 74.1562 0.318339 10.4432 0.213146 10.4276
20,4,10 88.52 0.141781 10.4008 0.102388 48.8978
20,4,12 79.5019 0.155942 11.8881 0.118067 22.4336
20,4,13 75.7085 0.375382 9.60815 0.213229 8.14294
20,4,14 93.0306 0.163973 10.047 0.123788 38.854
20,4,15 73.0519 0.415315 9.19704 0.266628 7.94259
20,4,16 77.5726 0.137373 9.62788 0.0910247 61.2536
20,4,17 87.929 0.342946 8.37254 0.182297 8.17276
20,4,18 81.1921 0.140069 9.45791 0.0891874 33.4691
20,4,19 87.8563 0.334178 9.26446 0.21453 6.57413
20,4,20 88.1072 0.161417 8.64815 0.0958667 41.2533
20,4,21 88.8401 0.366588 9.09803 0.265268 5.91869
20,4,24 89.991 0.583556 8.16211 0.317066 3.42193
20,4,26 318.646 216.353 1.71922 0.269957 199.792
20,4,27 83.1105 0.595859 7.79077 0.324078 3.18475
20,4,29 82.0569 0.638439 7.32461 0.440529 2.86395
20,4,30 86.7582 0.971211 10.1317 0.752357 3.00066
20,4,31 93.7104 0.407036 9.7748 0.229999 9.41122
20,4,32 86.8993 0.919268 8.03567 0.521391 3.40508
20,4,34 316.965 0.458932 1.18297 0.391221 196.727
20,4,35 91.7967 0.562512 8.69455 0.314459 5.35902
20,5,0 87.2652 0.205021 10.3299 0.120838 48.0411
20,5,1 87.2008 0.212431 10.7544 0.128906 38.3892
20,5,2 84.3769 0.24057 9.02496 0.147865 30.8015
20,5,3 84.6234 0.228763 9.39475 0.118921 33.0869
20,5,4 74.0192 0.256279 10.3539 0.142622 20.6656
20,5,5 90.1875 0.292137 10.4434 0.171218 14.5239
20,5,6 82.6392 0.320939 9.55854 0.151681 25.7458
20,5,7 86.9912 0.431387 10.3976 0.248423 19.0045
20,5,8 91.0076 0.409451 9.94015 0.230463 20.4345
20,5,9 80.4366 0.560873 9.0895 0.410245 9.77008
20,5,11 77.1326 4.16059 1.58551 7.49121 341.403
20,5,12 99.4255 0.342564 9.24546 0.233253 10.0358
20,5,13 96.5678 0.349238 7.75803 0.17009 26.2241
20,5,14 92.5254 0.315437 9.87021 0.225917 18.2869
20,5,15 89.6975 0.237155 9.21793 0.136769 32.7334
20,5,16 90.7983 0.249114 11.1563 0.174014 21.3295
20,5,17 94.7576 0.226003 11.2733 0.153877 34.6204
20,5,18 97.4581 0.204323 10.639 0.145701 40.319
20,5,19 90.8899 0.17016 9.51882 0.123729 35.2632
20,5,20 82.2014 0.193737 11.4569 0.138987 44.9384
20,5,21 89.1399 0.382968 8.05879 0.218453 8.35843
20,5,22 91.2184 0.368346 8.84142 0.188263 11.9323
20,5,23 95.2853 0.450445 8.14047 0.287927 14.8044
20,5,24 95.4509 0.392216 9.34404 0.234122 17.7789
20,5,25 96.1324 0.294213 10.6277 0.191583 11.3206
20,5,26 91.0562 0.307923 10.3866 0.233301 13.4794
20,5,27 92.397 0.278091 9.61522 0.168875 26.0387
20,5,28 91.0027 0.236178 9.68041 0.140613 34.6749
20,5,29 79.4283 0.210544 9.65701 0.111297 41.6608
21,0,0 50.962 0.799071 8.7866 0.688847 1.31038
21,0,1 54.7395 0.283387 4.72499 0.223487 7.77571
21,0,4 315.697 299.295 1.01355 13.516 231.56
21,0,5 50.6376 0.437024 8.84071 0.286651 9.08832
21,0,6 48.8928 0.497902 7.04751 0.307594 5.2471
21,0,8 55.2502 0.462803 8.90306 0.266997 4.45438
21,0,9 59.5413 0.499041 8.11559 0.304201 7.82495
21,0,10 45.5521 0.346899 6.66053 0.295913 6.02385
21,0,11 53.0384 0.190864 4.19574 0.126582 7.93744
21,0,12 61.4105 0.321952 7.27494 0.16882 12.0933
21,0,14 44.236 0.310829 6.74315 0.251542 9.67083
21,0,15 55.2948 0.261273 7.72804 0.142673 12.2695
21,0,16 52.7114 0.178524 8.52962 0.140957 40.1775
21,0,18 66.5243 0.141703 9.35042 0.08894 37.7558
21,0,19 54.7929 0.234945 6.51314 0.132947 19.4684
21,0,20 58.4493 0.176822 9.1069 0.106275 58.0077
21,0,21 51.112 0.214091 7.39346 0.126321 13.2493
21,0,22 59.8051 0.190016 9.99413 0.125881 61.0561
21,0,23 61.1646 0.256694 8.28879 0.140785 24.0201
21,0,24 62.2273 0.142239 9.80628 0.086034 74.1444
21,0,25 59.3101 0.276487 7.80592 0.155389 33.5945
21,0,26 66.9547 0.115792 9.99541 0.0807458 43.0822
21,0,27 53.2141 0.242691 8.95727 0.149231 20.2592
21,0,28 63.6042 0.134234 10.2305 0.0857286 73.5916
21,0,29 57.71 0.281448 7.91442 0.176925 21.9581
21,0,30 65.4206 0.135469 11.1536 0.0942717 43.2719
21,0,31 65.6895 0.195574 8.47906 0.117333 18.926
21,0,32 60.1645 0.15428 10.5064 0.102056 68.4334
21,0,33 60.5323 0.250592 8.78161 0.155208 22.0391
21,0,34 63.9641 0.196498 7.93035 0.124913 14.0485
21,0,35 51.8884 0.274351 10.9276 0.194354 18.3072
21,1,0 62.0997 0.229123 9.05211 0.134087 30.883
21,1,1 66.5193 0.108998 9.21734 0.0743288 64.0111
21,1,2 54.3129 0.228789 9.09052 0.14325 14.7941
21,1,3 52.9791 0.109739 8.93545 0.0753306 68.8184
21,1,4 57.5272 0.249102 8.02449 0.186523 15.2933
21,1,5 53.7584 0.122865 10.3862 0.0845637 55.5941
21,1,6 61.7897 0.219282 6.54694 0.161324 15.4315
21,1,7 63.3859 0.130894 10.292 0.0807265 53.5351
21,1,8 59.6798 0.274578 8.47383 0.171887 20.3757
21,1,9 65.7989 0.138217 8.99278 0.0873661 58.5094
21,1,10 53.739 0.294149 8.93392 0.174955 18.4774
21,1,11 53.3076 0.154587 9.85178 0.104599 57.2069
21,1,12 51.4438 0.218777 6.35209 0.154025 12.9061
21,1,13 65.4939 0.146651 10.1232 0.0949302 38.0449
21,1,15 59.7783 0.169956 8.54497 0.0909408 43.8071
21,1,17 62.7028 0.184666 9.9421 0.111583 21.461
21,1,18 46.3927 0.251107 7.53807 0.234796 6.60485
21,1,19 61.0869 0.198922 9.45711 0.118249 28.6912
21,1,20 58.0458 0.268296 5.31371 0.183908 9.55236
21,1,21 51.0758 0.184586 7.79155 0.120768 21.4137
21,1,22 54.9187 0.303807 5.15142 0.234563 9.11671
21,1,23 62.9434 0.219496 8.71462 0.132613 21.7846
21,1,24 48.6679 0.438201 6.76611 0.259005 9.31734
21,1,25 69.1961 0.247124 8.76447 0.164842 13.9064
21,1,26 57.8337 0.287671 5.33321 0.238283 4.79668
21,1,28 46.1796 0.287494 6.50385 0.258514 3.61638
21,1,29 47.0362 3.79816 1.57249 2.79524 533.616
21,1,30 317.547 0.438087 1.50513 0.623021 412.12
21,1,31 56.1523 0.476533 5.76978 0.316787 12.1982
21,1,33 58.9646 0.386638 7.0848 0.228065 8.97443
21,1,34 317.195 1.50169 1.36545 0.397358 303.76
21,1,35 317.574 8.05199 1.59866 0.553162 397.32
21,2,0 56.8839 0.154251 11.8127 0.12056 10.6952
21,2,1 65.3876 0.181749 12.8565 0.135769 13.0411
21,2,2 60.1058 0.218978 14.0235 0.171303 22.1308
21,2,3 64.5743 0.192309 14.0356 0.146435 9.58722
21,2,4 53.0266 0.176681 13.6003 0.135176 8.92566
21,2,5 64.3922 0.182558 13.7367 0.138333 13.2271
21,2,6 64.4192 0.165785 13.0966 0.130743 14.652
21,2,7 65.6811 0.18684 13.3967 0.150362 17.5404
21,2,8 68.5251 0.189109 12.3585 0.145309 20.5527
21,2,9 69.4638 0.190159 11.3818 0.155265 20.6731
21,2,10 63.7266 0.292513 13.8017 0.239378 28.6286
21,2,11 62.9174 0.30321 12.1519 0.257033 31.218
21,2,12 54.7945 0.223488 15 0.107516 16.8912
21,2,13 59.6704 0.294018 13.3269 0.240995 10.8216
21,2,14 64.607 0.299328 11.8843 0.260165 34.4712
21,2,15 68.4351 0.167545 13.7513 0.135424 16.5564
21,2,16 65.8035 0.151653 12.9925 0.123666 14.9899
21,2,17 55.1053 0.137178 12.1176 0.103104 11.976
21,2,18 51.1487 0.273756 11.9247 0.273265 32.4067
21,2,19 57.9365 0.245505 12.7511 0.194145 26.796
21,2,20 65.931 0.202151 11.5437 0.163105 24.3434
21,2,21 64.0119 0.209507 11.7162 0.174224 29.262
21,2,22 54.4677 0.166956 12.338 0.142162 18.4624
21,2,23 62.4456 0.181731 12.8013 0.139572 18.4211
21,2,24 52.4007 0.168214 12.6285 0.157541 9.1548
21,2,25 55.9541 0.190708 12.0467 0.1493 18.7496
21,2,26 48.9256 0.192038 12.0876 0.152209 11.0916
21,2,27 66.249 0.217786 10.8468 0.160092 21.3782
21,2,28 63.2391 0.219616 9.64504 0.184809 18.1934
21,2,29 66.5376 0.245913 10.378 0.176428 11.6088
21,2,30 49.4919 0.257579 10.5919 0.197652 8.0655
21,2,31 62.7763 0.310162 10.8588 0.228005 8.16235
21,2,32 60.877 0.328666 10.4479 0.237395 6.90996
21,2,33 60.759 0.370574 9.35645 0.256538 4.55716
21,2,34 67.6995 0.452796 10.7041 0.325795 3.16348
21,2,35 59.815 0.485101 10.4582 0.355255 2.23853
21,3,0 79.5375 0.154408 10.4986 0.123972 43.1676
21,3,1 75.0056 0.364173 10.918 0.204791 16.8662
21,3,2 175.679 224.434 5.95753 8.68047 2.26608
21,3,3 84.526 0.421902 9.43787 0.324775 18.9504
21,3,4 82.7501 0.20195 11.5075 0.149067 53.3457
21,3,5 82.0708 0.392842 10.4387 0.287057 16.4756
21,3,6 72.2163 0.208618 12.012 0.131953 42.2168
21,3,7 82.1379 0.412283 11.2922 0.262404 11.8121
21,3,8 81.5852 0.184001 9.50785 0.143199 34.8862
21,3,9 81.9561 0.338968 9.73055 0.187153 8.15518
21,3,10 70.1755 0.194149 11.0179 0.131291 40.2574
21,3,11 76.5616 0.400182 11.0266 0.268938 10.5494
21,3,12 74.71 0.186667 10.7336 0.113775 25.3618
21,3,13 81.2063 0.450985 9.47029 0.343907 14.692
21,3,14 74.1762 0.251504 8.96052 0.167347 41.7815
21,3,15 64.6571 0.45386 11.421 0.292985 10.1319
21,3,16 61.5274 0.214684 8.29893 0.140481 25.7629
21,3,17 59.3013 0.44386 9.90464 0.26584 4.20448
21,3,18 75.1938 0.245638 9.53871 0.152418 16.0584
21,3,19 73.495 0.464591 10.1956 0.322876 3.82393
21,3,20 77.7619 0.261928 10.4628 0.166622 22.9696
21,3,23 68.5255 0.507627 8.58816 0.329366 4.99752
21,3,24 78.6767 0.33629 10.436 0.235322 15.5775
21,3,25 65.8303 0.560738 8.8522 0.364671 3.57519
21,3,26 83.0155 0.350855 9.26517 0.243894 9.86863
21,3,28 68.5774 0.412311 10.7478 0.269698 9.47825
21,3,29 65.0451 0.0749822 1.102 0.10513 10.423
21,3,33 316.948 0.589109 1.20487 0.532468 127.68
21,3,34 46.2792 3.1773 1.90415 7.71016 239.977
21,3,35 79.1171 0.789642 7.57012 0.601939 3.81177
21,4,0 61.7081 0.364957 7.98662 0.253775 27.0579
21,4,1 64.1905 0.377704 10.11 0.261066 16.8248
21,4,2 64.8228 0.412212 8.92407 0.255928 15.7308
21,4,3 71.4701 0.375141 9.19507 0.240983 18.0036
21,4,4 64.3142 0.15927 10.8759 0.114127 99.6435
21,4,5 71.895 0.372088 9.77634 0.2443 19.1887
21,4,6 73.7803 0.170922 10.6347 0.11415 98.8788
21,4,7 60.1308 0.329233 7.53626 0.234028 12.4887
21,4,8 68.5651 0.188906 10.0101 0.109809 95.3738
21,4,9 71.582 0.35828 9.05244 0.230111 18.0176
21,4,10 75.8482 0.189436 10.1451 0.1184 74.0599
21,4,11 72.408 0.36765 9.30942 0.222215 19.9721
21,4,12 59.4673 0.201818 10.7414 0.126721 53.9487
21,4,13 64.9072 0.405366 8.71529 0.242778 13.7563
21,4,14 69.659 0.202371 10.6207 0.116271 68.7181
21,4,15 59.2095 0.384935 7.41253 0.250954 15.4372
21,4,16 64.6864 0.24973 9.29467 0.154819 46.8511
21,4,17 67.0698 0.389622 6.52792 0.269888 13.6991
21,4,18 69.9238 0.250761 11.4119 0.168384 28.3547
21,4,19 67.5051 0.284906 5.81017 0.256365 9.65143
21,4,20 64.9135 0.27727 10.1867 0.191861 27.0152
21,4,22 59.574 0.404386 6.77315 0.262161 9.33263
21,4,23 63.6087 0.30767 4.70377 0.240181 12.099
21,4,25 61.3547 0.50197 8.72111 0.292886 8.90196
21,4,26 60.7636 0.564892 7.28059 0.458887 7.12567
21,4,27 42.9207 0.510392 4.86687 0.391276 144.599
21,4,28 70.3064 0.684748 8.74222 0.49893 3.42546
21,4,31 72.4344 0.426886 9.94915 0.2396 14.1062
21,4,33 71.0719 0.519594 10.3515 0.36258 5.76429
21,4,34 317.884 0.615846 1.33331 0.474462 122.32
21,4,35 63.4459 0.718424 4.0025 0.549317 153.795
21,5,0 64.4135 0.234596 10.6257 0.159204 25.5244
21,5,1 61.6568 0.221189 6.95795 0.155528 31.2976
21,5,2 63.9784 0.307783 8.28627 0.200409 21.87
21,5,3 66.672 0.369109 9.05687 0.23211 21.4962
21,5,4 66.8304 0.255462 5.84695 0.196507 11.2191
21,5,5 70.1365 0.380783 9.5403 0.197507 18.7051
21,5,7 64.8338 0.409162 10.6842 0.25357 13.6368
21,5,8 60.9541 0.405743 8.57346 0.241786 15.6682
21,5,9 74.5251 0.409471 8.94512 0.310058 3.4508
21,5,10 65.487 0.41272 9.40365 0.295723 4.77558
21,5,11 62.5393 0.404699 10.7268 0.251753 10.06
21,5,13 76.9113 0.30175 10.1979 0.214965 9.22625
21,5,14 61.3698 0.315417 9.97466 0.183807 21.6674
21,5,15 61.1072 0.319242 11.404 0.198264 19.6241
21,5,16 68.2222 0.279068 10.3345 0.180104 38.4639
21,5,17 63.5935 0.215073 10.8175 0.123526 31.5006
21,5,18 62.6742 0.213593 10.9995 0.121346 49.2974
21,5,19 76.7905 0.183082 10.7579 0.121407 41.1653
21,5,20 62.356 0.185786 11.2609 0.119008 39.6687
21,5,21 64.1085 0.447142 8.88532 0.328287 7.74193
21,5,22 66.8578 0.32594 9.46714 0.222156 5.62449
21,5,23 77.3012 0.302489 10.2598 0.196784 9.34405
21,5,24 78.3654 0.308766 10.4112 0.210047 13.0808
21,5,25 78.1589 0.259483 8.59029 0.19316 10.4689
21,5,26 76.4127 0.263842 9.96104 0.193462 21.3038
21,5,27 77.1677 0.237352 9.78524 0.169044 18.2684
21,5,28 68.4413 0.221068 9.79841 0.150893 22.7778
21,5,29 73.5567 0.255933 8.82923 0.198719 35.3547
22,0,0 69.5485 0.547351 5.01802 0.618534 3.11193
22,0,2 69.6986 0.533983 4.57597 0.518811 2.79535
22,0,3 79.7106 0.484489 8.58444 0.293872 9.32167
22,0,4 63.6638 2.99016 1.57353 10.5842 7.39405
22,0,5 74.8101 0.436068 7.13419 0.209441 14.1093
22,0,6 70.7765 0.49757 6.04563 0.345038 4.29737
22,0,7 71.313 0.425138 4.92153 0.350258 3.55727
22,0,8 72.7282 0.810322 7.88254 0.641854 7.4615
22,0,9 76.1824 0.489548 7.37336 0.374188 3.4563
22,0,10 74.9545 0.494135 6.84258 0.3893 5.45231
22,0,12 65.5652 0.453387 9.2362 0.357922 4.59829
22,0,13 72.5894 0.487162 8.70026 0.331748 6.64447
22,0,14 80.1418 0.411957 8.93402 0.364768 8.45579
22,0,15 60.7871 0.395896 8.56056 0.275421 7.95716
22,0,16 73.9693 0.207009 8.45738 0.131249 42.5893
22,0,17 69.1823 0.387114 9.15969 0.312675 5.89883
22,0,18 162.02 0.92134 1 0.307188 1.48591
22,0,19 74.5049 0.47268 9.24805 0.308659 11.1755
22,0,20 80.565 0.138731 7.42682 0.0976797 38.9259
22,0,21 78.6973 0.343456 8.21056 0.269295 7.28229
22,0,22 81.0024 0.144365 8.57372 0.0934632 60.1203
22,0,23 68.5433 0.33897 8.91623 0.233901 8.33927
22,0,24 78.9733 0.140596 8.39785 0.0849618 84.2367
22,0,25 69.613 0.351503 9.34312 0.23045 10.9416
22,0,26 81.7678 0.144639 8.84717 0.0933106 86.5839
22,0,28 69.3391 0.159374 10.0106 0.108621 76.3477
22,0,29 72.1937 0.376053 10.0001 0.243541 11.722
22,0,30 68.4522 0.175539 10.6567 0.107209 73.1089
22,0,31 72.8758 0.367981 8.83175 0.246096 9.00965
22,0,32 77.4292 0.159479 9.61284 0.0988677 94.3033
22,0,33 67.1683 0.443894 9.88255 0.268602 13.7345
22,0,34 73.8044 0.401016 11.0662 0.234016 12.032
22,0,35 81.7674 0.362263 8.48499 0.240643 12.347
22,1,0 75.3582 0.421123 8.83504 0.283264 10.3622
22,1,1 81.5456 0.180892 8.56106 0.14152 49.611
22,1,2 66.7803 0.446826 8.28427 0.260188 13.375
22,1,3 80.6939 0.153282 8.01322 0.0986946 53.3927
22,1,4 75.5506 0.485169 9.20338 0.346272 11.332
22,1,5 69.8239 0.176427 8.64031 0.129495 40.8593
22,1,6 71.5506 0.39209 8.69251 0.288381 8.26833
22,1,7 76.0647 0.262831 8.63172 0.172852 58.0418
22,1,8 68.0481 0.372699 8.42444 0.307723 6.08867
22,1,9 68.613 0.204524 8.80281 0.136299 40.6863
22,1,10 70.055 0.396352 7.07902 0.356464 6.84257
22,1,11 68.5526 0.217683 8.28801 0.106249 48.4644
22,1,12 71.7015 0.582974 7.05854 0.552819 9.40763
22,1,13 79.2221 0.211737 7.78161 0.157238 24.1281
22,1,14 59.6772 0.47149 9.28596 0.322359 6.02385
22,1,15 75.8036 0.283877 10.0164 0.204208 26.0594
22,1,17 76.5618 0.255872 10.0104 0.173773 16.2091
22,1,18 66.2158 0.492311 8.4073 0.372821 5.47496
22,1,19 80.2036 0.275544 6.08402 0.336329 20.6818
22,1,20 57.1946 0.4963 9.13532 0.389323 3.25594
22,1,23 77.5 0.464732 7.1396 0.278323 16.2249
22,1,24 67.2196 0.439101 7.10402 0.446374 3.38163
22,1,25 75.3312 0.479198 7.36765 0.340308 10.9941
22,1,26 102.897 0.820366 1.14357 0.261481 108.625
22,1,27 71.6781 0.419885 7.12671 0.366007 7.59702
22,1,28 318.215 0.852363 2.56536 0.964483 262.68
22,1,29 79.1441 0.418172 7.12075 0.282029 6.36999
22,1,31 70.5598 0.404462 7.07901 0.283356 5.29519
22,1,32 72.5628 0.513849 5.06169 0.387542 3.10018
22,1,33 69.0692 0.5395 7.8009 0.339755 6.3124
22,1,35 69.3336 0.702548 9.04668 0.388527 7.50199
22,2,0 43.7159 0.125181 9.68109 0.149521 11.4099
22,2,1 48.6218 0.12444 9.64729 0.114355 10.7844
22,2,2 54.4178 0.124982 9.68718 0.106387 12.8371
22,2,3 61.7873 0.135001 10.7087 0.0987118 21.0335
22,2,4 56.1766 0.132393 11.1201 0.0956745 17.2171
22,2,5 62.2408 0.141768 10.594 0.112423 25.3164
22,2,6 57.0124 0.138864 10.9367 0.108272 16.2921
22,2,7 50.0462 0.172936 11.7809 0.146707 13.612
22,2,8 53.39 0.226603 12.7168 0.183314 18.3791
22,2,9 63.8473 0.245835 12.1766 0.205781 29.4666
22,2,10 59.1196 0.268013 12.2088 0.234229 19.6986
22,2,11 50.4517 0.245717 9.09766 0.286152 41.1982
22,2,12 61.263 0.224703 11.775 0.18684 25.4932
22,2,13 58.6448 0.185091 10.5836 0.14787 23.2959
22,2,14 54.8804 0.16895 11.0191 0.129434 27.3481
22,2,15 48.728 0.150015 10.4609 0.105962 21.0235
22,2,16 62.7192 0.146915 10.2434 0.11006 13.456
22,2,17 49.1697 0.145537 10.2673 0.101855 14.9485
22,2,18 52.6233 0.17832 10.9932 0.140173 37.3971
22,2,19 55.7133 0.157035 10.3586 0.116135 28.8419
22,2,20 53.9066 0.140961 10.0832 0.110115 27.4166
22,2,21 45.4514 0.146954 9.79847 0.10981 27.5364
22,2,22 59.779 0.157888 10.3306 0.114437 23.5069
22,2,23 56.8952 0.190156 10.8672 0.138367 24.0169
22,2,24 57.4676 0.176314 9.70122 0.127988 18.2328
22,2,25 52.4251 0.218086 10.7805 0.161086 14.33
22,2,26 49.3649 0.222195 9.77112 0.153297 13.325
22,2,27 53.3448 0.239764 9.77883 0.173939 10.1653
22,2,29 55.147 0.311336 9.34057 0.22824 10.553
22,2,30 53.751 0.3135 8.3162 0.26762 8.00268
22,2,31 40.95 0.260012 6.91974 0.257593 7.01681
22,2,32 49.8684 0.269194 5.20583 0.296641 5.73488
22,2,33 55.5229 0.476378 8.20103 0.406095 6.88211
22,2,34 58.6728 0.542012 9.81299 0.369396 6.01956
22,2,35 39.7824 0.335636 5.85762 0.384178 2.58046
22,3,0 54.8703 0.143728 11.4455 0.108903 22.5189
22,3,2 61.9641 0.145478 10.8438 0.116046 30.9781
22,3,3 63.9807 0.274733 9.58118 0.165428 16.6422
22,3,4 65.5019 0.143543 10.6635 0.096212 40.2337
22,3,5 318.003 0.631637 2.43825 0.880209 936.76
22,3,6 66.6345 0.162567 11.0897 0.110423 41.7634
22,3,7 47.0919 3.08172 1.55765 2.13301 455.79
22,3,8 54.8357 0.165268 10.5039 0.114227 14.9162
22,3,10 52.3436 0.181849 10.2862 0.123005 31.3889
22,3,12 62.1393 0.208724 10.6666 0.133855 19.6376
22,3,14 59.8137 0.233026 9.00964 0.13979 26.569
22,3,16 62.746 0.209285 8.48546 0.126365 27.7082
22,3,18 63.9589 0.26186 9.87616 0.164442 11.7667
22,3,19 316.162 0.583897 1.00003 7.79453 266.56
22,3,21 47.1222 1.99399 1.10877 2.3299 36.1649
22,3,22 53.6469 0.362968 11.4417 0.234989 9.47577
22,3,24 68.8293 0.303765 9.2241 0.213642 14.4855
22,3,26 59.0814 0.428131 9.06547 0.228317 11.5988
22,3,28 318.022 5.0602 2.44132 0.663942 593.2
22,3,29 317.972 0.623053 1.70993 0.584623 264.8
22,3,30 49.3852 0.549032 11.394 0.409597 9.52704
22,3,31 65.5548 0.163507 1.27503 0.323485 4.81797
22,3,34 55.638 0.509404 9.89871 0.335812 5.56581
22,3,35 316.781 1.19108 1.0001 10.0549 81.08
22,4,0 72.7098 0.336187 7.09348 0.270408 12.3595
22,4,1 80.6774 0.277008 7.64919 0.239801 12.4211
22,4,4 76.5737 0.145417 11.8952 0.111408 46.0597
22,4,5 83.2058 0.34325 8.32671 0.278879 12.772
22,4,6 87.7342 0.154353 11.4653 0.114609 49.6568
22,4,7 80.6249 0.305593 9.30614 0.26488 15.243
22,4,10 83.5018 0.164896 10.6873 0.126971 69.2632
22,4,11 63.6772 0.45317 4.60488 0.368 417.312
22,4,12 78.2583 0.131567 9.33847 0.0890482 73.1942
22,4,13 78.6166 0.301719 8.8066 0.24995 9.49463
22,4,14 86.3299 0.160979 9.94548 0.106566 65.6732
22,4,15 81.0939 0.356955 10.1801 0.249764 12.7839
22,4,16 86.6335 0.167447 10.1948 0.118011 68.0075
22,4,18 84.2514 0.172522 9.7794 0.129338 56.3233
22,4,19 80.2155 0.360869 9.09319 0.30647 10.5595
22,4,20 81.4528 0.167576 8.35428 0.125592 38.5168
22,4,21 82.957 0.36431 9.25237 0.307023 10.9345
22,4,22 79.1393 0.383982 9.26213 0.321104 8.09523
22,4,23 77.4683 0.450125 9.81249 0.333255 9.90326
22,4,27 81.2175 0.377655 4.82025 0.31212 8.652
22,4,28 84.8547 0.544918 7.83062 0.490682 5.92317
22,4,29 71.7679 0.524041 5.30358 0.476375 5.83944
22,4,30 73.3857 0.71669 8.21275 0.615595 5.87196
22,4,32 80.2149 0.62856 6.64533 0.51836 4.43884
22,4,33 83.5769 0.414639 8.99278 0.275916 7.31115
22,4,34 82.6004 0.953137 7.72747 0.728802 5.81336
22,5,0 69.0716 0.160167 7.32794 0.116779 49.1714
22,5,1 69.5316 0.179727 7.48674 0.112988 54.3515
22,5,2 59.4405 0.207485 8.76962 0.134306 60.5814
22,5,3 57.591 0.201864 7.40783 0.166984 36.4638
22,5,4 68.2212 0.238716 7.22288 0.156648 30.8765
22,5,5 67.9791 0.286991 7.01525 0.193099 29.1935
22,5,6 69.2612 0.297767 8.86063 0.168055 38.4529
22,5,7 70.087 0.295724 7.85533 0.168976 21.2073
22,5,8 52.935 0.24961 5.05807 0.206458 25.113
22,5,9 81.0773 0.383762 10.0018 0.235908 8.88485
22,5,10 62.0383 0.428637 11.6812 0.260328 11.4708
22,5,11 72.9305 0.345286 10.8498 0.212905 8.66227
22,5,12 60.8454 0.316282 6.92043 0.257082 19.9511
22,5,13 75.434 0.289644 9.1951 0.170776 28.7974
22,5,14 64.2749 0.269883 9.47696 0.162539 32.3081
22,5,15 66.8777 0.271185 9.08794 0.159138 53.9934
22,5,16 74.97 0.219689 10.1454 0.136469 43.3096
22,5,17 78.4836 0.206177 9.74007 0.113943 44.0945
22,5,18 67.6331 0.224163 10.4693 0.131328 61.3055
22,5,19 64.2932 0.189382 10.0471 0.12729 80.3111
22,5,20 71.2692 0.167124 10.5613 0.0904534 108.961
22,5,21 82.682 0.458258 10.3576 0.339336 15.8424
22,5,22 80.5242 0.367415 10.5376 0.23725 13.8973
22,5,23 81.6898 0.373532 11.0936 0.259779 20.5547
22,5,24 66.8433 0.337596 10.1489 0.209951 29.4657
22,5,25 68.2636 0.298968 9.50029 0.157811 24.596
22,5,26 71.0004 0.258199 11.015 0.161626 26.5893
22,5,27 85.0126 0.265133 10.1943 0.194243 33.3579
22,5,28 80.8438 0.226259 9.74775 0.187955 33.3998
22,5,29 82.1804 0.246487 11.3161 0.163063 43.1042
23,0,1 74.0595 0.685157 7.31331 0.488705 3.15566
23,0,2 318.553 2.69774 1.57254 0.892834 113.76
23,0,3 61.1229 1.05436 3.67645 0.668697 166.974
23,0,5 65.997 0.538751 9.26309 0.363056 6.89443
23,0,6 77.5033 0.667557 10.0524 0.44362 1.64803
23,0,8 74.0792 0.592512 9.85619 0.389411 4.26996
23,0,9 79.5552 0.543526 7.51835 0.403207 5.11753
23,0,11 71.9134 0.459646 9.34711 0.288554 3.94809
23,0,12 77.2674 0.466645 9.55244 0.277087 4.79982
23,0,13 76.8529 0.386381 9.37746 0.257416 3.68361
23,0,14 80.8268 0.397057 9.89852 0.251935 4.20937
23,0,16 73.1269 0.228193 10.4915 0.136829 19.0069
23,0,17 83.113 0.374676 8.98328 0.238551 7.55453
23,0,18 71.0514 0.221207 10.9129 0.13385 24.9551
23,0,19 81.175 0.397029 9.16283 0.269837 12.4587
23,0,20 84.9952 0.187916 10.4986 0.11956 19.3764
23,0,21 78.2305 0.364678 9.30472 0.21327 19.0421
23,0,22 79.1037 0.208451 11.508 0.130828 36.1386
23,0,23 83.1852 0.392151 9.86746 0.27771 18.2293
23,0,24 81.5212 0.180085 11.1614 0.115987 40.5595
23,0,25 79.9529 0.358303 9.7975 0.214697 19.3624
23,0,26 81.9002 0.181456 10.3797 0.129171 50.892
23,0,27 74.8937 0.359015 10.1917 0.234354 11.7758
23,0,28 80.3978 0.147797 9.48815 0.108754 69.3554
23,0,29 81.2748 0.354461 11.0028 0.224988 10.5109
23,0,30 81.8715 0.17378 8.54017 0.137182 104.329
23,0,31 80.1839 0.285563 8.3118 0.203783 13.1812
23,0,32 86.019 0.193039 11.6801 0.13991 90.8509
23,0,33 82.3171 0.32694 10.2794 0.195981 9.20566
23,0,34 68.0042 0.276706 10.1249 0.165739 6.63466
23,0,35 82.0757 0.296954 10.0992 0.180471 7.28942
23,1,1 75.4261 0.153274 9.93676 0.10761 41.1055
23,1,3 69.5449 0.160115 10.8799 0.115064 45.5336
23,1,4 63.7186 0.313951 9.58598 0.208527 11.5459
23,1,5 73.4943 0.152807 8.26678 0.129398 77.1495
23,1,7 66.165 0.159468 9.31169 0.110504 67.9039
23,1,8 67.2373 0.337774 10.5771 0.235305 14.0244
23,1,9 70.0209 0.13437 8.88454 0.113579 41.9925
23,1,10 72.3098 0.361223 8.54331 0.309318 12.6578
23,1,11 65.2745 0.168049 8.96589 0.121107 46.8593
23,1,13 79.5955 0.15088 8.4296 0.128596 26.5711
23,1,14 68.2829 0.398633 8.20557 0.219766 12.8747
23,1,15 72.2846 0.190468 7.17456 0.165711 31.0909
23,1,16 63.9868 0.437271 9.44193 0.279479 6.27842
23,1,17 72.4999 0.21015 8.31338 0.162025 25.2452
23,1,18 77.2334 0.444003 9.17359 0.268602 5.74541
23,1,19 72.4742 0.226135 7.3277 0.188159 23.3711
23,1,21 71.587 0.199347 7.4765 0.149218 12.8055
23,1,22 65.5249 0.437022 9.07466 0.304165 2.80742
23,1,23 72.2948 0.227473 7.09214 0.136542 13.6079
23,1,24 64.1261 0.494326 8.4273 0.297381 3.29836
23,1,27 69.0539 0.268226 7.73117 0.181634 6.24974
23,1,28 72.0839 0.449967 7.27815 0.330441 3.00779
23,1,30 61.8171 0.477413 5.26592 0.408179 2.59199
23,1,31 317.877 0.310365 1.13658 0.131086 394.96
23,1,32 317.407 1.05139 1.22227 0.535874 244.88
23,1,33 56.7695 2.77591 1.79541 2.449 303.882
23,2,0 70.5559 0.183679 12.0171 0.138629 16.0434
23,2,1 71.5138 0.2247 14.0231 0.161728 14.3731
23,2,2 75.5491 0.194669 13.2119 0.136749 11.6756
23,2,3 76.8749 0.244614 14.7198 0.189991 13.8866
23,2,4 82.9698 0.237093 14.3425 0.175135 20.0894
23,2,5 75.3534 0.155615 15 0.0214236 24.1897
23,2,6 84.4017 0.222053 14.7532 0.162507 32.7435
23,2,7 89.9532 0.232059 14.8946 0.168787 43.8343
23,2,8 77.981 0.159149 15 0.0269923 31.4972
23,2,10 83.4233 0.253157 13.6584 0.198029 36.2435
23,2,11 76.4753 0.693201 11.9383 0.462443 30.3397
23,2,13 72.5974 0.223191 15 0.0200589 57.6855
23,2,15 78.4445 0.142419 15 0.0246073 25.6223
23,2,16 77.8559 0.147492 15 0.0277032 28.6432
23,2,17 87.0772 0.202998 13.9734 0.150298 28.1575
23,2,18 65.7339 0.183297 15 0.0517993 24.6224
23,2,19 73.1223 0.164313 15 0.0402177 19.126
23,2,20 64.4397 0.210922 14.5328 0.163095 17.0003
23,2,21 68.6184 0.140708 15 0.0182956 18.1916
23,2,22 60.1854 0.16468 15 0.0193695 22.1765
23,2,23 79.1945 0.139429 15 0.112828 10.4754
23,2,24 73.9906 0.223706 14.0276 0.163409 19.8263
23,2,25 81.0368 0.230464 13.8477 0.168289 14.2337
23,2,26 69.6955 0.232919 12.7804 0.161401 10.8673
23,2,27 64.8985 0.25336 13.3964 0.178332 9.78343
23,2,28 81.5971 0.273298 12.4139 0.186802 11.1896
23,2,29 59.8624 0.312201 11.7734 0.215005 11.8901
23,2,30 62.3857 0.358333 13.0259 0.24637 5.48149
23,2,31 75.5011 0.382798 11.9696 0.268687 6.29352
23,2,32 64.4673 0.380528 9.52033 0.285715 8.77514
23,2,33 79.1587 0.468462 11.4414 0.292665 8.33312
23,2,34 70.8597 0.32733 6.51329 0.314549 7.85228
23,3,0 63.3909 0.143066 9.64732 0.0894497 27.3472
23,3,2 54.7374 0.143062 10.0035 0.0931926 32.4023
23,3,3 67.2541 0.274681 7.24045 0.152098 4.5295
23,3,4 65.0235 0.165769 10.5601 0.10277 25.8691
23,3,6 60.3587 0.197834 9.95916 0.116474 46.5534
23,3,7 56.0521 0.0401938 1.05954 0.031192 37.2401
23,3,8 65.3722 0.150173 8.52516 0.0984184 13.9133
23,3,9 317.358 0.165389 1.06828 0.0747133 855.4
23,3,10 65.2795 0.154941 8.22474 0.102609 9.77355
23,3,12 63.878 0.160576 7.50307 0.101529 8.9103
23,3,13 62.9524 0.369457 8.39065 0.234241 5.29619
23,3,14 59.4176 0.171725 7.48296 0.120272 8.8338
23,3,15 58.23 0.369547 8.03179 0.279369 1.85911
23,3,16 62.475 0.184139 7.63921 0.120654 5.55625
23,3,19 53.7819 0.338477 6.37475 0.268721 4.18015
23,3,20 59.9093 0.200283 6.55515 0.117944 13.8408
23,3,21 65.0444 0.381953 8.52161 0.208957 9.78546
23,3,22 61.1665 0.243458 7.30775 0.150722 4.06675
23,3,25 59.3005 0.499608 6.5311 0.293603 2.49916
23,3,26 53.8756 0.230343 5.24978 0.163711 1.77709
23,3,28 46.8007 0.0553109 1.65379 0.0456247 45.7994
23,3,30 51.7073 0.217801 4.24451 0.151337 9.13514
23,3,31 315.939 4.52075 1.01027 9.36312 114.24
23,3,32 55.6632 0.374161 7.79893 0.251635 2.40982
23,3,34 51.8231 0.377192 6.19545 0.211363 2.76394
23,3,35 68.0239 0.589837 7.59466 0.614332 4.13622
23,4,0 69.6491 0.327245 9.02652 0.216482 7.39809
23,4,2 57.6359 0.366186 9.52131 0.233484 8.26604
23,4,3 65.3083 0.397949 9.22988 0.248869 8.27324
23,4,4 69.106 0.14523 9.58319 0.0834177 92.3062
23,4,5 71.6761 0.356588 8.81992 0.222754 11.3036
23,4,7 61.2717 0.399972 10.0561 0.277856 11.8093
23,4,8 71.2886 0.176396 10.3512 0.106343 103.222
23,4,9 55.2475 0.499308 6.3632 0.407854 31.2296
23,4,10 61.9318 0.170762 10.5131 0.100974 73.217
23,4,11 50.2829 0.307304 6.97672 0.285529 14.8539
23,4,12 62.2901 0.157877 8.91256 0.0955836 84.3485
23,4,13 56.4439 0.393883 9.40742 0.258534 6.19236
23,4,14 69.4795 0.25284 10.4398 0.149327 49.4648
23,4,15 67.7141 0.441792 8.42069 0.239366 10.9642
23,4,16 66.4677 0.186045 9.0887 0.118337 45.7894
23,4,17 61.8733 0.337794 6.62713 0.222562 12.3132
23,4,18 61.9145 0.219164 9.10854 0.138272 46.5573
23,4,19 60.7225 0.381509 7.28516 0.276773 10.6797
23,4,20 65.8831 0.250172 10.8646 0.16756 24.2829
23,4,21 47.7836 0.254934 5.41085 0.274241 6.01736
23,4,22 57.7379 0.603722 8.64996 0.355486 13.7083
23,4,23 67.0869 0.559502 8.36461 0.292807 11.3758
23,4,24 49.4241 0.426504 3.87757 0.36309 10.7349
23,4,25 70.0844 0.753184 12.7058 0.677645 6.61921
23,4,26 67.3939 0.69389 8.74116 0.350779 6.81702
23,4,27 61.3127 0.393672 4.36532 0.293856 7.32566
23,4,28 61.751 0.691921 8.09195 0.378593 8.13662
23,4,29 63.8836 0.703465 9.52424 0.453868 1.92606
23,4,30 74.6668 0.712597 9.28671 0.438677 3.46219
23,4,31 65.9535 0.487339 10.7906 0.349217 3.77137
23,4,32 65.0476 0.875646 8.28111 0.568486 4.98991
23,4,33 77.5308 0.504713 10.0089 0.377773 4.06312
23,4,34 52.827 0.412126 4.05071 0.277658 3.01395
23,4,35 317.981 21.1192 1.2646 0.0812813 259.36
23,5,0 72.1325 0.28332 10.785 0.189805 25.1123
23,5,1 71.1724 0.286758 9.5834 0.149444 28.4422
23,5,2 70.183 0.310063 10.5446 0.214297 16.3068
23,5,3 66.5932 0.32566 9.44067 0.197121 21.3748
23,5,4 72.5837 0.367464 10.4662 0.206511 18.8055
23,5,5 58.7485 0.41894 9.5528 0.244001 15.6804
23,5,6 70.4664 0.443196 10.8289 0.292939 13.1224
23,5,7 58.7562 0.390104 8.52134 0.296233 5.37186
23,5,8 59.1708 0.437265 9.66624 0.276071 10.2836
23,5,9 58.9747 0.522424 4.2753 0.560919 5.30107
23,5,10 69.0375 0.358472 8.1947 0.343302 5.5901
23,5,11 64.0853 0.435772 10.3052 0.291614 6.28878
23,5,12 59.8325 0.391031 11.4151 0.271661 7.44156
23,5,13 73.5626 0.365376 9.54063 0.226698 6.19966
23,5,15 71.5818 0.295188 9.63595 0.20968 9.12282
23,5,16 62.5358 0.269988 10.0949 0.168717 12.2868
23,5,17 69.8997 0.259404 9.82459 0.165951 15.4829
23,5,18 72.725 0.229937 9.06655 0.18017 22.6715
23,5,19 75.0272 0.234781 11.4766 0.16075 21.3367
23,5,20 74.8539 0.227228 10.8773 0.166941 29.6887
23,5,22 64.7692 0.346178 9.02011 0.221096 3.77701
23,5,23 68.9713 0.381384 9.61472 0.238394 9.6656
23,5,26 62.8414 0.292914 7.60998 0.224567 23.0779
23,5,27 77.77 0.304883 8.49301 0.180619 37.2864
23,5,28 69.127 0.269124 10.3245 0.17031 16.5957
23,5,29 84.2814 0.22251 9.88408 0.135175 15.1187
24,0,0 73.6181 0.670626 5.81927 0.586963 2.32737
24,0,1 77.9935 0.620126 9.4531 0.361512 5.76749
24,0,2 65.2568 0.47332 6.46236 0.425186 3.09119
24,0,3 74.4998 0.468413 9.09873 0.280998 6.91176
24,0,4 73.2865 0.477128 5.26582 0.399099 3.15729
24,0,5 77.9199 0.506766 9.05644 0.283737 8.02027
24,0,6 65.6486 0.761804 1.00069 7.54768 2.19717
24,0,7 70.8054 0.593873 7.15986 0.399632 3.26446
24,0,8 71.1222 0.488383 8.29279 0.401694 4.24213
24,0,9 67.83 0.493476 7.61252 0.363066 3.3035
24,0,10 75.3138 0.524555 8.9744 0.333778 3.93481
24,0,11 73.8326 0.478453 9.59713 0.322357 2.36511
24,0,12 67.7776 0.44495 8.8653 0.43962 3.86435
24,0,13 68.0208 0.460908 8.04906 0.254169 6.83057
24,0,14 66.8109 0.382084 8.84923 0.299851 4.13458
24,0,15 67.9387 0.393464 9.23296 0.302298 3.50446
24,0,16 76.5237 0.181849 8.89952 0.110973 8.21467
24,0,17 74.0508 0.409972 9.55539 0.309883 5.70548
24,0,18 79.9929 0.188668 8.9654 0.0965395 60.916
24,0,20 68.5234 0.157313 9.20234 0.0961698 14.663
24,0,22 79.3721 0.149298 8.99418 0.0963657 11.3303
24,0,23 65.9401 0.384155 10.0873 0.256393 4.78255
24,0,24 77.1113 0.158048 9.87198 0.101193 19.7364
24,0,25 75.318 0.38894 9.02414 0.259796 7.85663
24,0,26 79.7187 0.157457 9.4941 0.0948279 37.3689
24,0,27 77.1303 0.393452 9.40694 0.251696 7.83896
24,0,28 72.2797 0.162378 10.6216 0.0989038 20.6869
24,0,29 76.0384 0.383216 8.91072 0.256673 7.91608
24,0,30 71.3945 0.152232 10.0279 0.0985682 18.5524
24,0,31 82.795 0.375969 9.88846 0.241245 5.26268
24,0,32 76.6352 0.153011 9.6891 0.0969317 29.8911
24,0,33 78.3529 0.39496 10.2033 0.264834 4.78747
24,1,0 78.8675 0.395249 9.03553 0.231428 4.93834
24,1,1 83.9669 0.158239 9.20637 0.0974289 19.9369
24,1,2 81.9065 0.414631 9.49559 0.270327 4.93387
24,1,3 69.3748 0.180309 8.90727 0.0974909 60.3585
24,1,5 79.0128 0.174197 8.35086 0.10626 12.8175
24,1,7 80.4058 0.184683 8.75314 0.111248 8.82819
24,1,9 73.1239 0.211365 9.65508 0.135516 9.19747
24,1,10 77.6098 0.48369 9.50581 0.299197 3.53996
24,1,11 77.9168 0.219854 8.95193 0.138995 7.42867
24,1,12 72.9041 0.514758 10.1629 0.327066 3.30687
24,1,13 66.1543 0.248014 8.82776 0.154315 6.95233
24,1,14 68.1611 0.574259 9.31324 0.35342 8.85761
24,1,15 72.5281 0.260099 8.90028 0.161851 5.91239
24,1,16 67.0352 0.598902 7.444 0.424401 5.99278
24,1,18 77.7389 0.61205 8.22306 0.437075 3.02152
24,1,19 77.7927 0.310172 8.746 0.197541 3.96063
24,1,21 72.1944 0.351477 9.53961 0.217101 6.43242
24,1,22 83.4441 0.649515 8.60143 0.398212 3.01713
24,1,23 68.6729 0.362953 8.38558 0.198237 4.16413
24,1,25 81.7702 0.410008 8.60338 0.276855 3.14035
24,1,26 59.6709 0.558294 3.83652 0.438089 5.65239
24,1,27 82.4987 0.50506 9.73865 0.392946 2.80393
24,1,29 78.7839 0.541714 8.68652 0.30811 6.40386
24,1,30 73.097 0.549736 5.23822 0.458676 1.91918
24,1,31 75.6854 0.577369 8.4493 0.336984 6.80487
24,1,32 101.331 0.493669 14.9976 0.0197322 14.99
24,1,33 78.4292 0.754701 9.61262 0.574946 7.36092
24,1,34 59.2298 0.635661 5.18751 0.773726 2.45082
24,1,35 74.8008 0.580698 8.62036 0.362278 2.04145
24,2,0 63.0607 0.182126 12.4695 0.131513 11.7344
24,2,1 76.6709 0.157755 11.7038 0.116063 13.9528
24,2,2 64.4163 0.159032 11.85 0.132461 14.0076
24,2,3 70.9154 0.186926 12.9806 0.13447 19.449
24,2,4 67.697 0.193823 13.6169 0.148438 25.0378
24,2,5 76.6681 0.162546 12.2908 0.117974 30.4233
24,2,6 82.04 0.18587 12.4285 0.136344 35.1267
24,2,7 81.2516 0.21005 12.3795 0.153777 36.7649
24,2,8 68.2347 0.197003 12.5849 0.158545 20.1545
24,2,9 63.2186 0.215362 13.0523 0.178873 19.1428
24,2,10 69.281 0.23407 12.3181 0.192159 22.767
24,2,11 62.7954 0.277779 13.3504 0.238437 20.5175
24,2,12 70.7813 0.19858 12.4395 0.157016 21.3148
24,2,13 78.6187 0.201548 12.1206 0.152054 30.5784
24,2,14 72.9652 0.192174 12.9876 0.140704 31.3453
24,2,15 318.377 292.569 1.60548 0.237338 156.478
24,2,16 70.3008 0.178667 11.5766 0.124417 11.9434
24,2,17 77.307 0.171944 10.4742 0.117416 9.33705
24,2,18 62.5674 0.209723 13.9781 0.15212 28.3712
24,2,19 69.4646 0.195832 12.314 0.138315 35.1013
24,2,20 69.9018 0.192177 12.7017 0.135749 27.3171
24,2,21 71.7931 0.185291 11.7902 0.129483 17.8695
24,2,22 68.4128 0.193962 11.3712 0.141759 20.4046
24,2,23 64.1265 0.228482 12.1338 0.147949 16.393
24,2,24 62.1239 0.28382 13.3505 0.211394 22.2849
24,2,25 80.8339 0.282367 11.9963 0.196945 13.984
24,2,26 57.9152 0.272787 10.8781 0.194501 11.123
24,2,27 68.0296 0.33585 11.3341 0.217646 14.2275
24,2,28 61.9508 0.348089 11.177 0.250818 7.90349
24,2,29 72.2515 0.410685 11.9011 0.259052 6.85889
24,2,30 60.3554 0.516698 14.7512 0.422654 16.763
24,2,31 67.3991 0.473885 11.1299 0.316066 4.6138
24,2,32 56.7156 0.526646 11.2983 0.389383 5.04766
24,2,33 59.6217 0.328824 6.03204 0.472639 94.1957
24,3,0 71.2806 0.137918 10.0273 0.0924672 11.2492
24,3,2 66.2436 0.164008 10.6464 0.113471 15.891
24,3,4 62.6746 0.15942 9.71687 0.109148 11.7799
24,3,6 63.5905 0.186859 10.5977 0.131528 14.285
24,3,7 73.0019 0.31988 7.66474 0.201864 4.38221
24,3,8 68.0126 0.194448 10.7795 0.14393 15.3702
24,3,10 66.9918 0.21169 10.1365 0.140035 11.619
24,3,11 73.0781 0.418824 8.19366 0.29273 4.21635
24,3,12 74.0827 0.225727 9.26275 0.143809 8.12707
24,3,14 71.9366 0.25952 9.86305 0.172588 9.27308
24,3,15 73.7553 0.419365 9.81032 0.219545 10.9712
24,3,16 62.6399 0.369334 12.4991 0.289591 21.1334
24,3,17 70.124 0.437416 8.54381 0.2883 1.91342
24,3,18 65.5842 0.286124 8.74845 0.195713 7.19792
24,3,19 76.0227 0.469659 7.98101 0.347193 3.67904
24,3,20 77.1261 0.321965 9.47267 0.215166 12.5994
24,3,21 317.919 0.390617 1.24251 0.223693 250.96
24,3,22 63.2143 0.291919 4.25957 0.225255 266.179
24,3,23 71.1537 0.584137 7.80847 0.40103 2.08178
24,3,24 77.1542 0.373585 9.26198 0.231525 7.61199
24,3,25 318.263 5.30173 1.50532 0.438035 184.68
24,3,26 77.095 0.384267 8.67659 0.271011 6.02124
24,3,28 69.4206 0.440084 8.0365 0.319066 5.42159
24,3,29 71.3374 0.698667 7.45459 0.41962 1.84399
24,3,30 62.9282 0.527663 10.0157 0.334071 3.55349
24,3,31 55.5686 0.609381 5.85154 0.45365 1.85193
24,3,32 70.6692 0.513766 7.93818 0.346703 3.1468
24,3,33 74.1013 0.681002 6.47827 0.504769 2.53893
24,3,34 63.2746 0.657438 10.7436 0.474814 3.21959
24,3,35 61.1097 0.838388 6.87132 0.561518 1.23062
24,4,1 72.6091 0.362448 9.98244 0.290568 16.5986
24,4,3 84.5763 0.323186 10.2424 0.262099 13.7356
24,4,4 83.5868 0.178455 12.7585 0.140245 31.3816
24,4,5 84.8877 0.340269 9.38239 0.278502 16.0811
24,4,6 76.4905 0.144941 11.2784 0.103742 12.5612
24,4,7 82.1991 0.343813 8.79715 0.283731 12.0743
24,4,8 88.4506 0.159414 11.4256 0.111037 22.0629
24,4,10 74.7524 0.141775 10.7383 0.0990316 18.2034
24,4,12 75.484 0.145007 10.5801 0.0975412 17.9424
24,4,13 83.9826 0.328767 9.59292 0.198437 8.94528
24,4,14 81.3312 0.160742 10.7892 0.10648 22.0914
24,4,15 80.3604 0.342374 8.76726 0.19572 6.38303
24,4,16 86.5773 0.168245 10.7767 0.11092 20.3947
24,4,17 73.9173 0.377848 8.32331 0.230473 5.32024
24,4,18 86.8823 0.19511 10.2129 0.125401 38.2081
24,4,19 86.4803 0.391564 10.8268 0.232178 7.27855
24,4,20 86.6869 0.182249 9.9938 0.116045 14.5928
24,4,21 77.3218 0.413885 10.757 0.263167 3.85309
24,4,25 317.967 0.47306 1.68399 0.615421 397.24
24,4,26 85.8426 0.587938 9.94754 0.405898 4.33535
24,4,27 318.531 0.659705 2.02367 0.851932 266.28
24,4,29 84.3116 0.715638 10.2732 0.472328 2.12186
24,4,30 317.345 0.312309 1.17032 0.205368 213.52
24,4,31 90.3415 0.488946 10.25 0.359923 4.63874
24,4,32 318.557 0.843415 2.10816 0.982745 197.875
24,4,35 103.841 2.05409 1.00821 8.75061 47.4035
24,5,0 76.1846 0.186374 9.78272 0.114496 10.256
24,5,1 65.1768 0.225643 10.4017 0.146412 14.439
24,5,2 67.9987 0.244911 10.6529 0.158825 12.8044
24,5,3 78.0381 0.238351 9.43019 0.149484 6.94656
24,5,4 65.6155 0.271858 9.42732 0.172291 9.32385
24,5,5 70.4779 0.30515 9.9467 0.189848 5.97124
24,5,6 74.5188 0.362573 11.6696 0.232005 7.53837
24,5,7 71.1904 0.389352 10.6038 0.231393 9.11998
24,5,8 82.8706 0.416653 9.8299 0.256703 6.48536
24,5,9 73.7059 0.631949 8.44681 0.432631 10.7314
24,5,10 78.3531 0.459265 7.82758 0.266805 14.2667
24,5,11 84.3745 0.660344 8.03596 0.393162 20.872
24,5,12 80.8877 0.40013 10.2738 0.227162 11.9164
24,5,13 81.1562 0.358268 10.1712 0.21335 6.83769
24,5,14 75.3907 0.286366 9.87373 0.181153 6.75752
24,5,15 84.6328 0.298374 9.57419 0.189864 19.406
24,5,16 87.2269 0.26515 10.5476 0.173391 11.1688
24,5,17 84.0449 0.205574 9.34663 0.106964 14.8227
24,5,18 81.0663 0.231835 10.7715 0.153701 19.5404
24,5,19 80.8055 0.2168 11.328 0.144233 25.5515
24,5,20 85.6184 0.186873 10.9085 0.122425 21.427
24,5,21 92.9704 0.465561 9.89142 0.292156 4.0281
24,5,22 79.0069 0.435794 9.82044 0.245005 5.8929
24,5,23 88.8762 0.371635 9.84095 0.235791 8.03838
24,5,24 78.563 0.389048 9.27933 0.198525 16.4015
24,5,25 89.9367 0.332177 9.54187 0.167978 16.5094
24,5,26 86.675 0.313876 9.15953 0.21528 29.5992
24,5,28 89.4576 0.245472 9.92209 0.155546 7.99822
24,5,29 82.2394 0.218435 9.31581 0.129023 9.26137
25,0,0 317.142 0.864636 1.28722 0.784956 94.2
25,0,2 75.8621 1.12744 8.30489 0.980897 2.84793
25,0,4 81.1685 0.836576 9.37051 0.596724 2.04587
25,0,5 77.5533 0.543163 9.87015 0.329552 6.98841
25,0,6 83.8663 0.790582 9.9629 0.574151 1.78972
25,0,7 65.5813 0.682057 9.23708 0.499354 2.42519
25,0,8 76.8722 0.635885 9.84954 0.425678 2.11854
25,0,9 79.7072 0.656253 10.773 0.406163 2.51201
25,0,10 78.5837 0.56334 9.19638 0.358695 6.80917
25,0,12 80.2274 0.454946 9.55698 0.285496 2.48121
25,0,13 67.9631 0.443114 9.35785 0.308183 3.80073
25,0,14 119.206 171.467 2.73447 10.4191 1.33333
25,0,15 81.323 0.401876 9.5141 0.260001 3.89539
25,0,16 87.4009 0.254195 10.783 0.154641 15.1566
25,0,17 81.9305 0.423687 8.31457 0.279719 11.4018
25,0,18 78.1723 0.234217 10.7201 0.134961 18.9443
25,0,19 68.386 0.422094 9.14829 0.229218 14.621
25,0,20 85.1997 0.195815 10.4306 0.124963 14.2281
25,0,21 75.5346 0.425872 10.6674 0.26534 6.22019
25,0,22 77.7808 0.214164 10.0912 0.123954 64.7187
25,0,23 84.2627 0.360874 10.0199 0.220751 6.52042
25,0,24 83.1625 0.192855 11.5316 0.116868 45.5114
25,0,25 89.0488 0.377985 10.5034 0.248534 5.41408
25,0,26 88.9383 0.205382 11.7071 0.137977 25.5119
25,0,27 78.0434 0.342467 10.1184 0.210038 6.14036
25,0,28 90.2915 0.179379 11.1205 0.120069 23.3686
25,0,29 82.8055 0.346967 10.3261 0.211484 7.69295
25,0,30 76.6827 0.151579 11.6691 0.100686 32.1073
25,0,31 86.1973 0.350727 10.2119 0.210623 11.7096
25,0,32 74.583 0.146383 11.1833 0.0949157 53.7464
25,0,33 88.8134 0.376395 10.0267 0.234041 10.718
25,0,34 80.3063 0.327168 10.4802 0.20369 6.56244
25,0,35 84.9947 0.341896 10.5383 0.207015 21.2026
25,1,0 71.9428 0.313292 9.64296 0.213716 9.2726
25,1,1 73.5617 0.125285 9.24156 0.0871297 16.8749
25,1,2 69.2667 0.311865 9.1103 0.182575 8.2363
25,1,3 76.3148 0.163219 10.8911 0.113853 26.9747
25,1,4 69.6145 0.332506 10.321 0.242446 14.0598
25,1,5 75.5907 0.153381 10.9691 0.107665 53.0999
25,1,6 68.6172 0.325705 9.10861 0.212188 8.84708
25,1,7 67.1887 0.157186 10.5169 0.108886 18.9959
25,1,8 65.2099 0.344993 8.95681 0.224777 7.76171
25,1,9 62.2969 0.158868 9.51443 0.108828 20.4834
25,1,10 69.3868 0.392005 9.69921 0.226949 15.2706
25,1,11 67.4593 0.172629 9.42996 0.111346 17.1247
25,1,12 70.5755 0.375957 9.2764 0.232091 8.7025
25,1,13 62.3696 0.182012 9.54312 0.116505 13.4177
25,1,15 72.0328 0.192753 9.48256 0.124502 20.4951
25,1,17 66.8218 0.240357 10.5218 0.164701 14.6814
25,1,18 68.7016 0.42234 8.24598 0.285225 4.88295
25,1,19 67.4291 0.228001 9.8242 0.158655 10.8988
25,1,21 72.1127 0.270267 9.96995 0.181263 9.66432
25,1,22 67.6947 0.437612 8.88389 0.275182 3.10346
25,1,23 66.5882 0.297802 8.8271 0.196535 4.42288
25,1,25 56.829 2.85792 1.6687 2.28764 509.055
25,1,26 65.9633 0.559302 10.7949 0.354867 6.955
25,1,27 74.4342 0.30723 6.78672 0.195079 3.61627
25,1,29 65.7217 0.377058 8.48902 0.23695 3.81406
25,1,30 61.04 0.562237 6.83521 0.323524 1.87114
25,1,31 69.6466 0.411236 9.84621 0.261367 3.56972
25,1,32 69.4181 0.654157 7.09036 0.456789 2.27586
25,1,34 67.8175 0.85145 5.90575 0.540474 1.95159
25,2,0 47.8284 0.171734 10.6437 0.117487 17.6194
25,2,1 58.2081 0.154439 8.67836 0.112682 19.2433
25,2,2 58.6656 0.139418 8.48849 0.102997 12.7291
25,2,3 51.727 0.188406 11.2206 0.133367 15.9248
25,2,4 63.6817 0.158077 9.91997 0.109423 14.2716
25,2,5 61.8799 0.158192 10.3975 0.105968 22.7026
25,2,6 56.262 0.134848 10.331 0.098507 14.0355
25,2,7 55.5515 0.173662 12.0656 0.124979 25.4693
25,2,8 61.6826 0.209638 12.2513 0.146944 50.4261
25,2,9 64.0869 0.133874 9.54295 0.0991624 19.8595
25,2,10 64.878 0.187471 11.63 0.140885 26.3656
25,2,11 53.2783 0.219561 13.9561 0.17862 16.2277
25,2,12 57.1481 0.172117 15 0.0214544 26.3377
25,2,13 48.7867 0.175351 15 0.0102806 19.2914
25,2,14 59.3496 0.158951 11.2757 0.12627 17.8603
25,2,15 54.7151 0.130099 10.1116 0.0941868 17.5744
25,2,16 57.1325 0.118775 9.82481 0.0847421 15.1061
25,2,17 59.7104 0.113367 9.34187 0.0791997 13.9917
25,2,18 58.6163 0.251007 13.8126 0.199085 35.2302
25,2,19 62.9026 0.239968 12.6825 0.178609 47.7863
25,2,20 53.0166 0.188106 12.8316 0.141364 25.4998
25,2,21 56.8311 0.140286 10.1297 0.104107 20.1614
25,2,22 44.2998 0.149774 11.0416 0.120505 17.762
25,2,23 63.3544 0.159078 11.1352 0.125836 11.9606
25,2,24 42.4668 0.205715 12.5496 0.352619 19.4524
25,2,25 53.8533 0.198629 11.078 0.147198 23.0997
25,2,26 52.8078 0.177403 9.80252 0.129682 9.15561
25,2,27 54.8064 0.19932 10.0565 0.124473 13.4696
25,2,28 56.7822 0.231892 10.2348 0.155565 9.4043
25,2,30 58.5837 0.27671 9.78911 0.177117 7.96183
25,2,31 55.5765 0.292209 8.56925 0.184831 7.71145
25,2,32 53.7889 0.316839 8.87645 0.207778 3.50184
25,2,34 58.8496 0.544561 8.96308 0.309066 2.58207
25,2,35 58.0375 0.44784 7.68668 0.308529 2.21129
25,3,0 75.3882 0.185804 11.1046 0.111807 41.3121
25,3,1 77.9749 0.392395 9.68671 0.268145 3.81867
25,3,2 79.5688 0.209663 10.724 0.136932 21.0093
25,3,3 75.5535 0.361428 10.0237 0.23234 4.02564
25,3,6 76.1251 0.244183 10.7055 0.168604 21.8392
25,3,7 71.7004 0.384654 9.41554 0.20878 14.268
25,3,8 74.0912 0.247952 11.0377 0.164275 20.4616
25,3,9 74.9644 0.424924 8.80935 0.295971 6.6411
25,3,10 68.8055 0.258399 12.1937 0.196486 29.8536
25,3,12 74.9071 0.269973 11.9477 0.173417 23.5921
25,3,14 70.2855 0.24526 9.26826 0.164105 40.6819
25,3,15 54.7746 1.06049 2.07997 10.5259 247.576
25,3,16 73.566 0.259776 10.1032 0.17511 11.2878
25,3,17 49.5984 0.408402 7.28862 0.301716 3.3229
25,3,18 74.0252 0.27247 9.1232 0.169623 9.46665
25,3,19 46.8445 0.326116 1.00083 0.0776978 177.699
25,3,20 61.3244 0.309172 9.64965 0.212022 5.99802
25,3,21 70.15 0.741054 8.23236 0.462925 1.55137
25,3,25 44.6401 1.12383 4.06364 1.41269 131.371
25,3,26 320.058 259.745 3.53044 0.696219 496.64
25,3,27 318.397 1.99645 1.50356 0.500862 212.64
25,3,28 66.4671 0.461794 7.99961 0.290944 5.78449
25,3,29 70.6847 0.851407 9.26421 0.422732 2.90515
25,3,31 69.9495 0.87018 8.35096 0.553168 2.40978
25,3,32 319.303 288.285 3.02405 1.13776 208.88
25,3,33 319.324 10.442 3.20397 1.877 79.36
25,3,35 319.974 11.9687 2.10782 1.73014 80.48
25,4,0 77.1073 0.417699 9.77054 0.2659 14.5394
25,4,1 81.4947 0.389466 9.13164 0.250505 7.16415
25,4,2 80.3506 0.419873 9.09342 0.270728 5.20414
25,4,3 81.0425 0.428441 8.98249 0.235033 13.8047
25,4,4 83.2059 0.151278 9.04848 0.101787 13.2269
25,4,5 81.2618 0.412265 8.64535 0.25146 9.37951
25,4,6 85.4052 0.14591 8.4095 0.095166 12.4045
25,4,7 76.3854 0.437514 9.65992 0.290603 4.06169
25,4,8 86.1239 0.165473 9.22487 0.107909 13.1835
25,4,9 85.7709 0.466942 9.52963 0.317952 5.18588
25,4,10 83.6753 0.19437 9.94646 0.124918 16.5295
25,4,11 74.6635 0.439649 9.63863 0.278359 5.19866
25,4,12 80.1533 0.175887 9.0371 0.105074 15.8107
25,4,13 86.1346 0.476243 10.2987 0.287499 4.49716
25,4,15 82.0018 0.507446 10.4911 0.336451 5.8401
25,4,16 74.9954 0.217995 9.19738 0.126953 43.9943
25,4,18 83.9948 0.244271 9.32481 0.133922 33.9315
25,4,19 79.5161 0.470669 8.48245 0.272906 9.32706
25,4,20 85.9116 0.273764 10.7729 0.150106 20.0015
25,4,21 71.8451 0.467495 6.58798 0.394511 7.02026
25,4,22 72.0513 0.512776 9.68358 0.344812 9.58002
25,4,23 85.4785 0.654557 8.48447 0.396674 5.42523
25,4,24 81.9118 0.554731 9.51384 0.350774 2.76366
25,4,25 81.2874 0.605451 9.6136 0.474338 1.75754
25,4,26 76.3865 0.605981 8.72941 0.375937 4.73157
25,4,27 84.8148 0.569519 8.60923 0.334249 6.72886
25,4,28 73.8885 0.697357 9.52007 0.443319 9.16662
25,4,29 77.2196 0.696971 10.0324 0.483808 2.49355
25,4,30 82.646 0.738533 8.30516 0.437299 3.04932
25,4,31 85.8028 0.578069 8.25033 0.398942 2.7713
25,4,32 77.9355 0.874573 9.14362 0.471414 3.59644
25,4,33 80.5492 0.626102 7.30811 0.385695 2.30663
25,5,1 59.0911 0.267771 9.50931 0.182464 6.44357
25,5,2 55.9015 0.291924 8.90685 0.183419 9.017
25,5,3 65.0449 0.347074 9.67371 0.218209 8.38991
25,5,4 53.6892 0.372991 10.0403 0.233607 13.8642
25,5,5 65.3435 0.364977 8.75765 0.230391 4.35102
25,5,6 61.9318 0.465415 10.1704 0.289256 4.04976
25,5,7 53.4971 0.478135 10.0402 0.300033 12.0804
25,5,8 315.999 0.28675 1.00004 12.57 396.88
25,5,9 66.5444 0.519392 7.22383 0.353115 1.95149
25,5,10 60.1029 0.464306 8.72062 0.332237 2.36174
25,5,11 61.3292 0.392128 10.0154 0.304792 10.0346
25,5,12 57.9001 0.386296 10.0554 0.254153 4.27919
25,5,13 62.9217 0.368234 9.25788 0.206058 8.76679
25,5,14 60.8303 0.355903 9.67199 0.207125 9.52145
25,5,16 64.7558 0.251686 8.90128 0.143804 22.758
25,5,17 56.765 0.35028 8.08075 0.224552 30.4798
25,5,18 59.9879 0.25466 9.62117 0.173989 16.5085
25,5,19 65.3723 0.244544 10.3938 0.160781 20.7035
25,5,20 66.6156 0.20163 9.4926 0.129423 23.294
25,5,21 70.0711 0.370403 7.90202 0.257955 1.19926
25,5,22 71.5444 0.382429 9.34975 0.230213 4.68744
25,5,23 62.1186 0.35991 9.05986 0.197066 4.51372
25,5,24 71.2534 0.327165 9.43762 0.242034 7.24319
25,5,25 69.6588 0.324838 9.17356 0.193283 15.2807
25,5,27 71.8996 0.263386 9.06971 0.159765 11.8094
25,5,28 59.9017 0.24556 9.89834 0.163328 10.3017
25,5,29 66.8631 0.235124 9.62612 0.149848 15.2316
26,0,0 67.3253 0.798496 8.12465 0.666237 1.48407
26,0,2 68.2403 0.846991 10.1363 0.520311 1.79001
26,0,3 72.287 0.50613 9.21413 0.410955 4.00811
26,0,4 65.9684 3.99085 1.79668 10.8718 6.00611
26,0,5 91.3407 0.68544 12.621 0.271052 36.4995
26,0,6 71.3683 0.673422 8.01384 0.462373 2.24764
26,0,7 73.8427 0.60074 7.3853 0.324495 3.56881
26,0,8 81.5235 0.632594 9.33143 0.470967 1.70483
26,0,9 74.0698 0.606198 8.59633 0.365269 3.36073
26,0,10 73.6956 0.659581 10.2913 0.358117 5.11892
26,0,12 75.5697 0.541218 9.78343 0.323791 3.77485
26,0,13 73.9828 0.474463 9.47824 0.281365 2.90808
26,0,14 76.3107 0.457894 8.84002 0.266351 4.67041
26,0,15 75.426 0.431216 8.75417 0.263627 3.31923
26,0,16 82.287 0.210559 9.27184 0.12921 12.3283
26,0,17 71.5046 0.450033 9.91106 0.242916 5.13294
26,0,18 71.6446 0.181437 8.49108 0.107348 8.85745
26,0,19 68.4999 0.434065 9.72571 0.257674 5.37319
26,0,20 79.7844 0.1621 8.21449 0.089722 12.6773
26,0,21 70.6163 0.383611 9.32393 0.227413 4.6382
26,0,22 76.5383 0.171111 9.15572 0.106741 14.8544
26,0,23 73.6117 0.45094 7.403 0.333275 9.63316
26,0,24 81.339 0.136212 7.95794 0.113582 17.7238
26,0,25 80.5853 0.402929 9.51209 0.238609 4.41736
26,0,26 76.6048 0.139481 8.34274 0.085729 9.49597
26,0,27 82.3743 0.426302 10.1996 0.276265 7.08085
26,0,28 68.3537 0.15796 9.43111 0.102081 14.3247
26,0,29 71.459 0.409305 10.4919 0.257518 9.95251
26,0,30 79.9869 0.140012 8.27687 0.0900141 15.5619
26,0,31 78.549 0.424179 10.4681 0.268701 4.31178
26,0,32 72.2307 0.137314 8.23092 0.0952096 10.597
26,0,33 75.2185 0.405724 9.23675 0.283756 5.79602
26,0,34 79.231 0.373967 8.57987 0.190523 6.93145
26,0,35 69.1253 0.398652 9.3185 0.226424 4.54518
26,1,0 96.5655 0.59617 12.2628 0.460554 5.09205
26,1,1 99.6211 0.217692 10.7889 0.148134 13.6055
26,1,2 82.7561 0.515194 11.154 0.304149 10.1764
26,1,3 90.6434 0.216369 10.0843 0.128326 9.63355
26,1,5 84.154 0.23244 9.93214 0.14057 8.58304
26,1,6 94.4854 0.631407 10.7302 0.457594 4.47346
26,1,7 90.1492 0.273829 10.4524 0.163556 10.1073
26,1,8 92.5989 0.533799 9.8005 0.301711 4.13907
26,1,9 82.8023 0.275617 10.0278 0.132747 20.9924
26,1,10 84.9442 0.246546 1.51952 12.8184 141.631
26,1,11 94.6521 0.296385 10.9795 0.166076 14.6051
26,1,12 89.2561 0.678001 9.90424 0.332016 9.08986
26,1,13 94.6565 0.343657 10.8946 0.207939 10.4085
26,1,14 97.0576 0.792136 13.557 0.519597 3.43439
26,1,15 85.0048 0.377416 9.71173 0.255859 4.88615
26,1,16 84.5279 0.73139 10.8713 0.399138 9.22806
26,1,17 82.3702 0.38146 9.38183 0.237698 2.47184
26,1,19 95.6592 0.434225 9.57835 0.272601 3.46331
26,1,20 92.1909 0.787871 10.8575 0.470242 3.07502
26,1,22 87.4398 0.218372 9.63598 0.0992936 11.7042
26,1,23 97.8114 0.52306 9.82859 0.379401 10.7728
26,1,24 99.0345 0.952324 10.922 0.600983 2.69372
26,1,25 100.195 0.54364 9.72937 0.362098 4.7761
26,1,26 80.6582 0.600371 4.85031 0.546486 4.33028
26,1,31 99.6773 0.781989 9.60764 0.608943 4.08087
26,1,32 85.1497 0.855541 7.85696 0.747053 1.41911
26,1,33 94.8013 0.754121 11.4135 0.515642 5.84565
26,1,34 85.3983 1.54468 12.3667 1.36082 1.56035
26,2,0 63.7086 0.176401 12.0046 0.1303 9.01201
26,2,1 70.0208 0.147853 10.3992 0.101924 8.07761
26,2,2 65.8525 0.160247 11.7352 0.115955 8.67086
26,2,3 75.6865 0.175069 10.9492 0.120772 16.4557
26,2,4 77.9024 0.169592 10.8551 0.117937 23.3538
26,2,5 63.3072 0.198674 12.7766 0.137752 40.356
26,2,6 80.1104 0.167006 11.1395 0.116263 27.7835
26,2,7 66.8327 0.160803 11.592 0.120447 19.7618
26,2,8 76.058 0.160026 10.3784 0.116338 23.066
26,2,9 80.0441 0.270327 13.6728 0.19065 36.7949
26,2,10 64.0285 0.213862 12.5202 0.175628 33.6617
26,2,11 74.9792 0.204831 10.559 0.16369 35.2013
26,2,12 75.617 0.203981 11.3283 0.155468 34.2622
26,2,13 69.159 0.219866 13.5504 0.161015 26.8165
26,2,14 64.8971 0.179893 12.0066 0.124748 27.289
26,2,15 78.2577 0.174971 10.1605 0.116677 11.7372
26,2,16 74.3802 0.198057 10.9865 0.140466 17.1135
26,2,17 71.0509 0.170305 9.43011 0.110964 8.64279
26,2,18 73.5341 0.194988 12.1747 0.133957 30.0182
26,2,20 74.4608 0.2164 11.356 0.15216 28.5573
26,2,21 65.0683 0.212795 11.8356 0.132415 30.5284
26,2,22 57.6465 0.229309 12.6545 0.16266 17.5087
26,2,23 77.7047 0.224867 10.3066 0.151215 15.8915
26,2,24 66.3236 0.248486 11.473 0.145387 14.0778
26,2,25 73.3594 0.281084 11.7562 0.190126 15.2339
26,2,26 68.1466 0.302582 11.2159 0.183762 11.2415
26,2,27 75.9355 0.322113 11.0251 0.190557 7.11597
26,2,28 60.456 0.410093 11.8333 0.26457 9.55095
26,2,29 71.4553 0.462092 11.7006 0.291799 8.28883
26,2,30 60.4465 0.462226 10.4647 0.310973 6.45884
26,2,31 64.7262 0.570877 10.5842 0.394156 6.46022
26,2,32 61.841 0.523296 10.0792 0.394123 3.77545
26,2,33 77.9387 0.534145 9.77484 0.350468 2.35848
26,2,34 53.6953 1.32074 1.00018 10.346 152.352
26,2,35 66.273 0.764686 10.9913 0.470849 2.41389
26,3,0 76.2782 0.176738 10.3984 0.114644 17.7571
26,3,2 72.1589 0.180494 10.3143 0.121599 14.1679
26,3,3 318.53 0.634316 2.16892 0.913668 475.36
26,3,4 80.6536 0.194371 10.3357 0.129618 14.1418
26,3,5 318.148 0.59166 2.30621 0.745623 563.25
26,3,6 79.7694 0.208213 9.35378 0.12956 10.1054
26,3,8 66.6558 0.275172 10.2223 0.177701 31.8841
26,3,10 67.1772 0.237857 9.86207 0.162889 11.8571
26,3,11 320.134 260.431 3.15936 0.701623 313
26,3,12 77.7831 0.268296 10.0574 0.172394 7.44813
26,3,14 73.0805 0.312587 10.1485 0.197884 9.6105
26,3,15 46.6659 0.967532 1.56031 0.889827 251.888
26,3,16 71.3487 0.2839 9.16263 0.168767 4.15451
26,3,20 76.1324 0.425153 10.2902 0.283229 6.52814
26,3,22 72.2117 0.379742 9.06792 0.21687 2.8232
26,3,23 77.3061 0.652917 8.33942 0.454623 2.66903
26,3,24 79.4818 0.453375 9.65256 0.313774 4.54665
26,3,26 64.4032 0.512176 9.20944 0.334508 4.94486
26,3,28 66.807 0.684725 7.66061 0.368169 9.00738
26,3,29 72.6806 0.510806 5.14417 0.427163 3.88586
26,3,30 78.0805 0.572403 8.98771 0.389607 3.45227
26,3,31 316.901 0.824314 1.05755 0.763561 82.72
26,3,32 74.4587 0.572378 9.02047 0.378095 2.15798
26,3,33 318.352 20.2304 1.21741 0.462137 62.92
26,3,34 318.197 5.47955 1.34328 0.612029 99.64
26,4,0 79.1412 0.39141 8.55922 0.253524 7.96153
26,4,2 79.5164 0.359132 9.28281 0.225826 4.84525
26,4,4 81.2036 0.182833 12.2327 0.134778 29.0018
26,4,6 84.9857 0.170845 11.9457 0.117482 19.4092
26,4,8 81.1469 0.164791 11.0802 0.114556 20.337
26,4,9 65.7326 1.03699 1.09593 10.2354 16.0877
26,4,10 80.8756 0.146276 10.0308 0.099343 14.5103
26,4,12 79.2306 0.173517 11.3509 0.121041 24.5144
26,4,13 112.707 0.22092 15 0.00452618 112.211
26,4,14 82.7472 0.166544 10.3738 0.109188 19.393
26,4,15 76.6737 0.358703 9.3203 0.275684 7.60101
26,4,16 86.0577 0.174354 10.3935 0.110821 20.6323
26,4,17 78.5931 0.349595 7.53351 0.214492 7.40744
26,4,18 71.5292 0.184493 9.96279 0.119255 12.0503
26,4,20 85.7175 0.202706 10.1581 0.131034 15.8307
26,4,21 64.7756 0.39945 9.36712 0.2744 12.2709
26,4,22 72.7044 0.495936 8.1766 0.401571 6.03538
26,4,24 319.198 0.316664 1.54734 0.135446 390.64
26,4,25 72.1992 0.573792 6.866 0.501664 4.82135
26,4,27 66.6416 2.87185 1.8571 2.76307 138.233
26,4,29 81.7935 0.719468 8.96491 0.54117 4.34851
26,4,30 62.2955 0.667882 7.83098 0.480731 2.79329
26,4,31 85.8664 0.522589 10.4129 0.355002 3.70303
26,4,32 36.453 0.0724141 1.28951 0.0642646 88.4781
26,4,33 72.0014 0.546678 10.1241 0.303876 11.1925
26,4,34 318.435 2.41697 1.32009 0.441488 103.04
26,4,35 85.9352 0.52394 8.88432 0.315219 3.30601
26,5,0 81.0964 0.237254 9.13592 0.144364 49.4736
26,5,1 75.778 0.278331 10.6676 0.18706 10.9026
26,5,2 87.6076 0.31563 11.8134 0.226849 27.8489
26,5,3 81.5213 0.306722 9.69037 0.180281 18.3379
26,5,4 87.4627 0.362375 9.64713 0.255342 25.7852
26,5,5 78.8673 0.401281 9.37632 0.321283 11.1708
26,5,7 89.7796 0.45855 9.1951 0.329603 7.12083
26,5,8 90.4506 0.592605 12.2655 0.382028 5.2125
26,5,9 85.6992 0.602226 9.98211 0.349348 10.0154
26,5,11 79.365 0.557611 11.6052 0.372364 5.19222
26,5,12 90.5037 0.455361 10.4738 0.306433 4.66603
26,5,13 78.3673 0.489634 11.1072 0.282708 25.5204
26,5,14 89.3032 0.434122 10.121 0.24416 27.6336
26,5,15 81.2624 0.366497 10.7294 0.206458 39.28
26,5,16 96.0315 0.339968 11.4724 0.211104 12.7564
26,5,17 94.8705 0.308484 12.1559 0.19839 10.8939
26,5,18 89.703 0.271217 11.3899 0.1541 38.0416
26,5,19 81.7391 0.266874 12.5436 0.174314 20.0036
26,5,20 93.7644 0.22958 11.6993 0.152205 21.0801
26,5,22 88.1503 0.533222 10.9149 0.371398 4.32503
26,5,23 65.3136 0.114546 1.53809 0.252062 258.373
26,5,24 92.5149 0.41985 9.56796 0.299892 1.88984
26,5,25 99.779 0.406276 10.0643 0.255028 6.31268
26,5,26 93.3573 0.332383 10.2884 0.192199 7.7217
26,5,27 82.4398 0.317586 10.1082 0.199061 4.936
26,5,28 85.8442 0.280434 9.94835 0.150547 6.6925
26,5,29 94.1404 0.24928 9.81896 0.151801 5.72801
27,0,1 60.4115 0.552466 7.12524 0.322843 3.06266
27,0,2 61.4393 0.739431 8.41055 0.469595 2.31316
27,0,5 62.4512 0.509492 9.14947 0.305542 7.54302
27,0,7 61.8853 0.487254 6.67814 0.427026 2.95703
27,0,8 61.0502 0.525826 7.95038 0.351777 3.19086
27,0,10 63.3353 0.520894 8.93283 0.354604 1.84359
27,0,12 69.5307 0.407651 7.80165 0.267215 2.28004
27,0,13 60.1044 0.432531 9.67512 0.270647 2.33834
27,0,14 58.2024 0.47924 9.32985 0.325762 7.00918
27,0,15 53.0585 0.389033 8.46999 0.332415 5.16281
27,0,16 73.0551 0.217277 9.17614 0.13801 10.4131
27,0,17 67.8077 0.402675 10.2378 0.245633 6.49731
27,0,18 64.6263 0.194691 9.05913 0.119585 12.2217
27,0,19 71.9501 0.395598 9.50895 0.244922 5.04555
27,0,20 65.5935 0.227926 9.14804 0.145706 35.3309
27,0,21 63.9878 0.328227 8.30347 0.202567 5.03453
27,0,22 70.5671 0.181347 9.14575 0.100169 55.3864
27,0,23 69.3982 0.338908 8.79341 0.205967 6.31679
27,0,24 71.4403 0.161524 8.40035 0.10257 46.0683
27,0,26 75.3538 0.172726 10.0834 0.121923 19.7814
27,0,28 72.8137 0.134479 9.01998 0.0849959 15.9476
27,0,29 68.4047 0.371326 8.07129 0.192529 15.3016
27,0,30 72.6239 0.123294 8.56264 0.0853133 12.4738
27,0,31 66.7961 0.354097 9.87936 0.217702 8.50563
27,0,32 73.1627 0.128085 9.33351 0.0812864 19.001
27,0,33 62.0466 0.290503 8.05032 0.188571 11.2465
27,0,34 68.0525 0.335312 9.45748 0.207404 6.00919
27,0,35 66.8321 0.3297 8.95978 0.199411 5.7108
27,1,1 74.4883 0.134732 9.03469 0.0907513 17.332
27,1,2 62.6135 0.323633 9.33891 0.243684 5.96058
27,1,3 70.9598 0.137736 8.86558 0.0937409 17.0424
27,1,5 58.722 0.139997 8.87577 0.0882574 18.3396
27,1,6 72.2519 0.345551 8.67514 0.252497 6.09546
27,1,7 63.9481 0.181724 8.81616 0.138414 38.6279
27,1,8 59.4481 0.38294 9.39079 0.239514 7.96935
27,1,9 71.8775 0.161949 8.81136 0.107144 11.0806
27,1,10 68.1308 0.358699 8.36066 0.205959 7.86843
27,1,11 64.0363 0.181008 8.71652 0.115495 12.852
27,1,12 59.0857 0.354948 8.68163 0.233224 4.02771
27,1,13 73.2756 0.187734 9.30233 0.130724 8.05498
27,1,14 57.8538 0.231 5.69044 0.228373 3.64443
27,1,15 73.9248 0.215515 8.22598 0.143968 15.2618
27,1,16 59.9594 0.413757 8.89744 0.242501 5.23217
27,1,17 61.6679 0.198326 5.83769 0.188495 19.782
27,1,18 68.1433 0.415573 9.18507 0.263584 3.52766
27,1,19 70.3447 0.208207 7.45567 0.147595 8.00596
27,1,20 55.292 0.432292 9.32402 0.256001 6.99271
27,1,22 57.6431 0.425961 9.0177 0.245402 6.0221
27,1,24 70.2206 0.62413 9.74176 0.497672 3.10962
27,1,25 73.1642 0.327235 9.03034 0.221751 3.21508
27,1,26 68.9271 0.579784 9.30337 0.465198 2.5942
27,1,29 72.7584 0.384848 8.13013 0.266342 3.94942
27,1,30 65.0814 0.593045 7.95447 0.568503 2.48528
27,1,34 64.3937 0.715313 7.09334 0.605806 1.89553
27,1,35 316.59 0.485986 1.06326 1.6 220.8
27,2,0 68.4257 0.19271 10.2967 0.134345 14.1024
27,2,1 69.9703 0.186271 10.1352 0.119168 14.3303
27,2,2 73.6463 0.201579 10.7612 0.133412 15.8007
27,2,3 78.2143 0.241194 11.5756 0.165887 12.0496
27,2,4 67.8266 0.240418 12.5589 0.162613 21.6277
27,2,5 67.5663 0.253541 12.8676 0.167098 31.7042
27,2,6 73.4788 0.190973 11.8491 0.132317 19.3303
27,2,7 77.2097 0.189121 11.543 0.130586 26.8127
27,2,8 68.8354 0.256339 13.8297 0.180427 42.278
27,2,9 69.6718 0.145241 10.248 0.100977 20.4983
27,2,10 69.1277 0.144834 10.4826 0.107807 14.701
27,2,11 66.3639 0.218221 13.0816 0.158237 24.0536
27,2,12 67.5104 0.231702 14.0731 0.172702 23.7173
27,2,13 79.7151 0.255848 14.1994 0.200123 43.3395
27,2,14 77.1916 0.233797 13.9275 0.172481 38.4826
27,2,15 81.7802 0.187233 11.1175 0.138869 24.7358
27,2,16 78.4463 0.143104 9.81663 0.103219 23.8412
27,2,17 72.5849 0.154385 10.8867 0.107352 15.1902
27,2,18 74.0498 0.187963 11.7529 0.141843 34.4159
27,2,19 73.3514 0.208261 12.9749 0.151453 30.5638
27,2,20 59.2351 0.231219 12.5068 0.17722 39.3891
27,2,21 56.2583 0.226198 13.1458 0.184851 31.7204
27,2,22 67.9673 0.236332 12.2913 0.184031 33.0193
27,2,23 68.5185 0.217314 11.2473 0.173832 27.2
27,2,24 67.9978 0.224981 11.2526 0.157694 25.9838
27,2,25 55.2714 0.257429 11.6795 0.197433 18.7489
27,2,26 52.0887 0.279682 10.8125 0.232797 20.2568
27,2,27 76.5807 0.252938 10.4964 0.159959 11.4904
27,2,28 70.1022 0.30351 10.8393 0.199733 16.322
27,2,29 65.1529 0.329984 11.0422 0.206011 11.8641
27,2,30 57.0345 0.385597 9.89763 0.27618 13.1133
27,2,31 61.0291 0.355925 8.52281 0.253014 6.0772
27,2,33 72.8483 0.515652 9.87904 0.326391 6.2799
27,2,34 319.424 3.18138 2.41725 1.00686 287.92
27,2,35 47.3442 0.540204 1.16581 0.177483 204.576
27,3,0 63.9752 0.195646 9.62053 0.125156 22.1323
27,3,2 62.2449 0.162006 8.61022 0.112295 10.8964
27,3,3 65.7705 0.35601 8.19307 0.242115 3.21721
27,3,4 67.2339 0.196033 8.69128 0.118973 19.3208
27,3,5 60 0.326832 7.58604 0.233833 3.36923
27,3,6 55.6809 0.223535 10.0519 0.152502 19.3371
27,3,7 61.5539 0.388588 8.32824 0.255499 3.22781
27,3,8 65.1266 0.189013 8.4992 0.117371 13.9861
27,3,10 65.7378 0.189649 7.90208 0.121253 8.87661
27,3,11 65.3107 0.474489 9.52442 0.34528 3.39938
27,3,12 55.0512 0.223824 8.51174 0.14047 8.13948
27,3,14 55.0438 0.232722 7.16054 0.14993 17.2192
27,3,15 56.4151 0.576076 11.0999 0.400556 4.25704
27,3,16 63.3088 0.210117 7.2987 0.144585 7.08193
27,3,17 55.4708 0.444361 8.13592 0.304146 5.46657
27,3,18 316.572 0.172473 1.02371 1.62265 1245.04
27,3,19 66.7625 0.451346 8.64825 0.292197 6.35531
27,3,21 49.043 0.502526 6.9573 0.305516 4.39897
27,3,23 63.7749 0.49527 8.94915 0.32135 3.57209
27,3,24 47.1143 2.68978 1.56806 1.82591 454.916
27,3,25 47.1984 0.733 1.74277 0.47662 148.791
27,3,26 317.183 0.200879 1.03155 0.694395 526.52
27,3,27 61.6337 0.574886 7.46339 0.37957 1.49525
27,3,28 58.9844 0.438043 7.08779 0.260873 7.26142
27,3,29 58.3212 0.598479 7.04739 0.428091 2.44914
27,3,31 58.586 0.826366 6.83828 0.547437 1.56045
27,3,32 60.2718 0.454624 6.61623 0.290162 1.43359
27,3,33 316.141 54.1507 2.49274 7.06169 85.24
27,3,34 317.5 3.47237 1.37124 0.645954 176.64
27,3,35 64.337 0.741491 5.76997 0.540589 1.70977
27,4,0 71.9093 0.367066 8.91372 0.23084 3.85997
27,4,1 62.0053 0.473437 10.7994 0.318653 6.46363
27,4,2 65.115 0.400063 9.05097 0.226874 13.2215
27,4,3 62.5367 0.432367 10.1419 0.279411 5.03875
27,4,4 74.686 0.237127 11.8408 0.144161 34.82
27,4,5 63.0755 0.427117 9.24823 0.31217 5.35769
27,4,6 60.6818 0.191434 10.1226 0.118823 32.0878
27,4,7 65.2423 0.44075 9.10751 0.296711 4.73718
27,4,8 61.6896 0.166468 9.0912 0.108136 13.2928
27,4,9 53.1783 0.444586 9.12906 0.282308 10.0588
27,4,10 61.4736 0.183676 9.08049 0.107511 18.1367
27,4,11 67.7848 0.403241 8.04387 0.218833 5.08788
27,4,12 70.8243 0.18582 9.00983 0.12424 12.4746
27,4,13 66.0982 0.469691 9.29626 0.288509 7.48614
27,4,14 64.5965 0.228489 9.56251 0.154941 28.0602
27,4,15 49.0815 0.38985 6.92278 0.275727 6.2544
27,4,16 69.6981 0.241812 9.46717 0.148611 13.6579
27,4,17 65.6424 0.47067 8.32629 0.306812 3.98505
27,4,18 71.972 0.26708 9.65542 0.174551 10.8844
27,4,19 66.4468 0.461571 7.87018 0.334928 4.31897
27,4,20 64.6043 0.299278 11.3741 0.196265 16.0289
27,4,21 60.2978 0.476497 8.92671 0.323867 3.49735
27,4,22 60.7458 0.431431 7.28137 0.317411 3.81357
27,4,24 65.1827 0.645176 8.16227 0.413835 2.65981
27,4,25 68.2003 0.669416 8.43323 0.528878 4.90532
27,4,27 51.2229 0.353375 3.23422 0.194246 3.39247
27,4,28 67.4773 0.61604 9.69765 0.46094 2.10984
27,4,29 67.8427 0.685142 8.91444 0.465263 4.97815
27,4,30 62.7024 1.04165 10.2256 0.973514 4.73536
27,4,31 62.4541 0.576603 10.2323 0.382529 2.63797
27,4,32 69.4163 0.725366 8.38831 0.798376 4.54579
27,4,33 72.0633 0.572713 8.64775 0.396652 4.69668
27,4,34 75.2641 0.947034 8.91902 0.64637 4.77972
27,4,35 317.651 288.487 1.45172 0.350592 136.12
27,5,0 73.1341 0.323332 9.6676 0.169334 10.0331
27,5,1 62.647 0.361637 10.5089 0.195897 14.9583
27,5,2 59.2885 0.368438 9.72634 0.222184 7.70867
27,5,3 64.373 0.402472 9.79866 0.268389 5.91986
27,5,4 60.4603 0.432537 10.2436 0.27008 6.20626
27,5,5 65.7535 0.459173 8.63446 0.268912 7.39105
27,5,6 58.8194 0.589511 11.5537 0.418855 9.12473
27,5,7 63.4923 0.573489 11.1981 0.516607 4.60081
27,5,8 74.4108 0.631543 11.0341 0.530489 8.25126
27,5,9 61.1062 0.526913 8.17006 0.388938 2.22977
27,5,10 73.3119 0.57285 9.68606 0.392123 5.32625
27,5,11 78.5257 0.523244 9.99225 0.356767 4.17579
27,5,12 68.125 0.440844 9.06372 0.264366 5.61434
27,5,13 56.0606 0.457537 10.6697 0.318128 5.23398
27,5,15 67.0484 0.393874 10.809 0.264627 8.92169
27,5,16 70.6087 0.397797 10.7113 0.24642 9.16939
27,5,17 76.0545 0.35337 10.6199 0.254681 8.97298
27,5,18 74.2376 0.330629 10.5417 0.229003 13.6961
27,5,19 76.2462 0.273266 11.1645 0.181405 22.1803
27,5,20 76.4809 0.241145 11.5235 0.156421 38.4659
27,5,21 74.3106 0.488409 9.60445 0.329039 3.09104
27,5,22 78.8288 0.476398 8.40108 0.316818 8.46706
27,5,23 76.7162 0.430859 10.4919 0.266176 3.40712
27,5,24 73.232 0.367391 9.44402 0.232117 3.95131
27,5,25 63.2497 0.393456 10.6447 0.267779 6.02174
27,5,26 79.6744 0.378364 9.82661 0.246944 12.7138
27,5,27 80.9363 0.331188 9.90022 0.18654 17.5124
27,5,28 78.0763 0.297764 8.59943 0.180471 28.1112
27,5,29 72.2504 0.272349 10.1462 0.163052 11.8682
28,0,0 154.038 1.83271 9.54063 1.09322 1.66272
28,0,1 162.69 1.61745 5.63871 0.973687 7.26183
28,0,2 170.101 2.35088 11.1073 1.07467 1.46665
28,0,3 165.079 1.75015 7.60635 1.23208 8.84357
28,0,4 165.979 1.00086 8.04339 1.08972 1.37584
28,0,5 166.757 1.7216 10.2323 0.951816 9.45154
28,0,6 158.915 3.01883 11.853 1.06638 1.36277
28,0,7 161.385 1.21407 11.3266 0.968435 1.32355
28,0,8 162.74 0.947129 13.9051 0.655689 2.32549
28,0,9 147.685 1.08639 9.45555 0.863393 2.52506
28,0,10 159.501 1.3828 9.23655 0.817943 3.7568
28,0,11 172.099 2.0151 11.9558 1.3203 1.59429
28,0,12 168.055 2.12719 13.175 1.19319 2.19296
28,0,13 159.309 3.03964 13.5108 1.0879 3.84153
28,0,14 168.648 1.13385 15 0.581702 1.38077
28,0,15 148.29 1.30489 12.5436 1.06563 4.36157
28,0,16 172.514 1.20894 15 0.222054 34.3104
28,0,19 152.194 1.03219 9.47603 0.628384 3.27394
28,0,20 172.546 1.05109 9.42799 0.918275 23.7358
28,0,22 171.599 0.337041 15 0.0365721 50.7231
28,0,24 170.785 0.911162 14.0192 0.50086 43.8242
28,0,28 164.814 0.545885 1.3265 10.2204 39.8931
28,0,29 163.798 1.89917 9.67308 1.52073 8.02474
28,0,30 165.361 2.17701 1.41973 13.7675 48.4652
28,0,33 170.932 2.36577 13.5504 1.50716 8.47932
28,0,34 179.067 2.36038 13.2617 1.12558 5.14321
28,0,35 177.665 2.90726 10.0724 2.04897 5.91052
28,1,0 169.382 1.46626 6.60334 1.35055 7.54065
28,1,1 166.875 1.09301 15 0.163926 48.9212
28,1,2 161.426 2.49265 12.279 1.25238 5.65026
28,1,3 170.79 0.965741 15 0.191351 48.3129
28,1,4 152.811 1.54937 6.88843 1.00415 12.0299
28,1,5 173.99 1.3344 14.5932 0.695488 41.4498
28,1,6 167.642 0.935145 15 0.61915 7.85616
28,1,7 159.041 1.24631 14.8476 0.580059 36.9887
28,1,8 172.865 2.9439 15 3.02486 8.30951
28,1,9 182.126 1.30637 12.9843 0.753658 23.6752
28,1,15 167.241 2.02225 14.9053 1.80517 19.1799
28,1,16 144.986 0.456034 1.01364 12.79 7.46566
28,1,17 179.254 1.53457 15 1.25403 18.7301
28,1,18 145.975 2.90756 1.14263 13.4723 5.87007
28,1,19 167.947 1.48107 11.1987 1.10949 21.8918
28,1,20 159.515 0.956165 6.81184 0.871375 3.48804
28,1,21 182.483 0.995595 15 0.576079 20.4198
28,1,22 164.546 1.12509 7.6247 0.891611 3.08447
28,1,23 173.372 1.82758 9.35063 1.53335 20.3137
28,1,24 154.431 1.09664 8.11709 0.974552 4.45001
28,1,26 160.973 1.43979 11.0684 1.08746 2.72675
28,1,27 173.479 1.12575 12.6922 0.653032 12.7056
28,1,30 159.022 3.15208 12.1801 1.08207 3.60117
28,1,31 164.634 7.12185 1.58448 7.44801 9.52741
28,1,32 163.666 1.37298 9.60865 0.950785 3.63374
28,1,33 160.506 49.6034 1.00537 8.88438 13.0084
28,1,34 166.13 2.55397 1.36922 10.7878 3.31166
28,1,35 181.269 1.71565 14.3291 1.173 12.8573
28,2,0 179.168 0.331713 15 0.0105181 29.4332
28,2,1 160.857 0.297238 15 0.00771696 29.4368
28,2,2 185.37 0.325295 15 0.00783891 29.2769
28,2,3 184.951 1.30215 14.7263 0.633231 22.261
28,2,4 167.486 1.04993 15 0.218843 16.2567
28,2,5 185.007 0.959131 15 0.150226 36.812
28,2,7 173.868 1.09345 15 0.0851393 16.1039
28,2,8 163.839 1.14032 15 0.0701078 22.4668
28,2,9 190.155 0.932845 15 0.097292 29.0674
28,2,10 169.513 1.16303 15 0.140239 24.9503
28,2,12 163.102 0.92294 15 0.0835121 23.2904
28,2,13 176.54 0.898437 15 0.049533 23.2935
28,2,14 158.54 1.01043 15 0.204944 36.9403
28,2,15 165.386 0.87115 15 0.103684 17.7846
28,2,18 159.686 1.02947 15 0.105061 14.2087
28,2,19 185.216 0.783944 15 0.0477569 29.5749
28,2,20 178.473 1.25876 14.9521 2.19702 20.1852
28,2,21 174.059 1.10273 11.3243 0.688575 13.0694
28,2,22 173.724 1.0375 15 0.134769 15.7492
28,2,23 188.964 0.376122 15 0.0281311 31.9257
28,2,24 165.749 1.68832 14.058 1.01119 18.0071
28,2,25 168.514 1.63125 14.612 1.07172 15.5752
28,2,27 153.521 1.62439 9.20089 1.29331 12.319
28,2,28 177.936 1.77178 15 0.896278 14.5471
28,2,29 161.903 1.92513 15 0.809526 6.23383
28,2,30 179.33 2.55006 13.5571 1.42118 6.77651
28,2,31 188.358 3.12728 14.6393 1.38767 11.8779
28,2,32 176.207 3.30512 13.1108 2.11304 5.2877
28,2,33 186.712 2.67048 15 2.02771 5.16036
28,2,34 193.055 2.94564 14.3237 1.50507 10.1421
28,2,35 192.33 1.62527 13.3697 0.997432 16.4202
28,3,0 218.887 0.356879 15 0.0093448 25.4953
28,3,2 203.874 1.04287 15 0.0430441 12.9307
28,3,3 193.248 0.737958 7.74586 0.686057 27.4763
28,3,4 200.274 1.17169 15 0.193433 19.3682
28,3,6 187.246 1.73193 14.1132 0.990386 25.324
28,3,7 197.364 3.30758 15 0.273274 20.0131
28,3,8 200.742 1.87594 13.3816 1.24586 26.1773
28,3,9 188.977 1.0274 15 0.198013 41.9069
28,3,10 204.815 1.31037 15 9.40423 25.6681
28,3,11 195.788 1.21142 5.53473 1.91164 20.5214
28,3,12 195.743 1.44493 9.19754 1.32251 23.6087
28,3,14 202.125 2.29966 15 0.144738 32.9391
28,3,15 194.549 4.98026 15 0.292449 17.3611
28,3,16 185.262 2.53451 1.90353 7.17009 25.4587
28,3,17 202.55 1.17481 15 0.43907 11.8364
28,3,18 188.543 1.81611 5.79262 1.28571 19.7639
28,3,19 184.752 0.950944 6.26115 0.820603 12.4856
28,3,20 175.777 1.84718 8.29513 1.51303 18.5906
28,3,21 190.836 1.45282 6.31298 0.984832 18.6096
28,3,22 197.5 2.88248 15 0.907097 20.318
28,3,24 200.037 1.87564 6.40936 1.26694 25.9473
28,3,26 205.82 2.05295 1.25508 9.81811 29.6165
28,3,28 190.405 1.12001 6.11886 0.180896 17.4475
28,3,29 181.151 0.99215 4.64734 0.256116 9.20458
28,3,30 170.773 40.592 1.07713 12.2995 11.442
28,3,32 179.262 4.01583 15 1.01611 11.0677
28,3,33 317.792 0.766869 1.66141 0.599604 53.0714
28,4,0 175.195 0.582838 15 0.218508 29.6565
28,4,1 173.407 0.847347 13.5951 0.547831 17.2505
28,4,2 179.778 0.522035 15 0.372384 19.1097
28,4,3 172.698 0.915143 13.8023 0.528264 20.9489
28,4,4 175.206 0.243317 15 0.00939057 24.4776
28,4,5 157.137 0.518864 15 1.07072 48.3789
28,4,6 179.352 0.289762 15 0.00726777 43.5073
28,4,7 162.682 0.963918 13.7015 0.683425 20.4962
28,4,8 171.583 0.300092 15 0.00739427 51.8313
28,4,9 166.435 1.01002 7.83135 0.921908 29.5849
28,4,10 152.495 0.852239 15 0.0464715 43.8321
28,4,11 156.072 0.467349 7.84431 0.512121 25.5242
28,4,12 173.821 0.272531 15 0.0149955 46.0716
28,4,13 156.11 1.0151 13.6741 0.57952 19.79
28,4,14 156.096 0.798173 15 0.0340941 29.9933
28,4,16 181.588 0.916662 15 0.10514 23.9575
28,4,17 148.346 0.522888 7.40416 0.550657 35.802
28,4,18 167.371 0.90589 15 0.103732 24.1443
28,4,19 151.476 0.717375 5.48181 0.741683 22.2396
28,4,20 175.2 1.02432 15 0.113703 46.1366
28,4,21 154.764 0.795853 7.14586 0.790372 23.8161
28,4,22 153.499 1.00954 5.47164 0.524237 23.5139
28,4,24 161.933 1.1044 11.3148 0.541409 22.9065
28,4,25 173.745 1.82016 12.1819 1.05931 24.3506
28,4,26 186.134 1.53018 14.3412 0.907567 14.0218
28,4,27 181.546 1.53675 14.6107 1.05798 27.126
28,4,28 184.267 2.0954 13.9258 1.331 20.2312
28,4,29 181.163 1.53936 13.7833 0.983727 13.4027
28,4,30 177.636 1.45992 9.5311 1.41394 20.5552
28,4,31 171.364 1.67341 14.2633 0.748413 13.6215
28,4,32 176.451 2.13507 13.2828 1.57624 13.7659
28,4,33 155.719 2.33105 1.06102 13.5117 16.8454
28,4,34 172.311 1.88352 14.2378 1.15755 17.7521
28,4,35 165.429 1.39959 6.93879 1.15047 15.8303
28,5,0 172.154 1.09021 15 0.106063 27.2083
28,5,1 175.345 1.50897 15 0.167115 19.6472
28,5,2 170.018 1.23968 6.04934 0.729884 21.8568
28,5,3 178.128 1.8212 15 0.36537 20.187
28,5,4 175.477 1.4287 1.14701 12.5284 25.4191
28,5,5 175.502 1.96815 13.8373 1.08338 17.2673
28,5,6 170.849 41.9617 1.00113 12.9611 22.4329
28,5,7 169.709 2.16798 15 0.611975 19.0057
28,5,8 175.629 4.62229 1.12676 7.03394 15.3241
28,5,9 183.809 2.44216 14.9997 11.0861 12.8176
28,5,10 196.239 1.56649 8.77521 1.17102 13.0878
28,5,11 190.327 1.75352 11.8179 1.66495 12.2882
28,5,12 189.983 2.24834 15 0.599023 22.4278
28,5,13 162.696 25.9422 1.49261 7.16352 18.0224
28,5,14 185.317 1.75201 15 0.174534 17.5691
28,5,15 181.858 1.01556 15 0.189699 19.2356
28,5,16 189.649 0.957345 14.9989 2.06951 30.6115
28,5,17 185.507 0.803498 6.12488 0.996351 29.7592
28,5,18 199.188 1.46875 14.5224 0.722632 24.3552
28,5,19 190.59 1.12722 15 0.158608 24.6833
28,5,20 189.638 1.13077 15 0.672743 41.5502
28,5,21 205.462 3.03141 1.96027 13.5159 17.2071
28,5,24 186.499 1.83119 9.25274 1.60779 14.1116
28,5,25 208.322 1.47305 15 8.80253 15.9741
28,5,29 201.877 0.487743 13.2715 0.286948 25.7652
29,0,5 212.349 3.79751 15 10.5525 6.99833
29,0,6 214.681 3.38478 1.0223 7.34219 4.12087
29,0,7 221.284 1.62752 14.2931 1.21786 9.45743
29,0,8 222.263 2.70465 8.50843 1.71293 9.64466
29,0,9 241.572 1.17866 15 1.49995 9.4492
29,0,11 212.592 1.89491 7.06777 1.26843 9.87447
29,0,13 221.81 3.79144 15 1.02046 10.4887
29,0,14 210.929 3.62469 15 0.844846 9.63069
29,0,16 228.203 1.76043 15 1.75789 14.1473
29,0,17 222.373 2.41197 15 2.12719 12.5121
29,0,18 240.952 0.550045 15 0.0745806 23.0238
29,0,20 228.282 1.63753 14.7839 1.16474 16.8018
29,0,21 233.756 3.13522 15 0.839458 11.8858
29,0,22 236.727 1.79412 15 9.48223 21.8323
29,0,23 234.092 2.68579 12.4929 1.30733 21.3445
29,0,25 221.004 2.94723 15 8.79242 15.6033
29,0,26 221.114 1.43181 10.5521 1.06939 19.5141
29,0,27 231.808 2.8325 13.3609 1.28617 10.6208
29,0,29 232.071 2.37721 10.6996 2.04773 18.2212
29,0,30 230.567 0.370799 15 0.0201306 28.8959
29,0,31 222.07 1.77687 8.68238 1.65239 10.1505
29,0,32 240.679 0.361398 15 0.0625668 34.961
29,0,33 239.867 0.684645 15 0.503884 13.3294
29,0,34 229.72 1.73879 6.73184 1.4241 13.4072
29,1,0 207.275 1.84288 12.4645 1.14978 13.3738
29,1,1 214.141 15.4593 1.20244 7.01104 34.8913
29,1,2 218.038 3.12086 13.1137 1.68941 12.639
29,1,3 221.54 1.15915 14.3449 0.56816 33.4231
29,1,4 210.715 1.46208 7.61071 1.14079 15.6973
29,1,5 216.568 0.945533 15 0.098018 39.3986
29,1,6 220.003 0.744872 15 0.109115 19.7613
29,1,7 205.627 0.302678 15 0.0268111 37.5591
29,1,8 201.893 3.23559 15 0.485828 10.5519
29,1,9 220.099 1.44264 15 0.115682 20.3197
29,1,11 226.156 1.70643 13.6182 1.01915 18.5753
29,1,12 189.55 2.94495 6.15216 1.93758 13.4206
29,1,13 220.149 1.1168 15 0.161962 27.2839
29,1,14 185.383 2.02904 1.01219 7.60459 10.9196
29,1,18 195.24 3.62636 15 0.515787 12.7103
29,1,19 212.01 1.77681 15 0.891802 31.3946
29,1,20 198.612 4.00874 15 1.13769 7.26836
29,1,21 224.085 1.77453 14.1005 0.95593 21.6698
29,1,23 215.625 1.99558 13.3178 1.20384 33.4609
29,1,24 197.55 1.83236 14.8007 1.65412 12.1919
29,1,25 224.225 2.30616 15 8.67318 29.2761
29,1,26 197.199 3.78407 15 1.83006 13.315
29,1,27 194.893 2.27617 15 0.830893 23.9151
29,1,28 201.47 5.19302 15 1.77792 18.3214
29,1,29 200.587 2.44242 15 1.20573 15.8783
29,1,31 213.679 3.30089 13.0778 1.23313 24.2959
29,1,32 188.65 2.05889 5.14471 2.11065 8.54282
29,1,33 210.334 1.66943 6.9375 1.43196 14.2186
29,1,34 206.38 5.13355 1.85369 12.9961 15.8058
29,2,0 203.244 0.980095 15 0.235054 7.9251
29,2,1 191.983 1.14869 15 0.0999508 11.7539
29,2,2 198.829 1.32532 15 0.148414 17.8912
29,2,4 209.515 1.40044 15 0.102027 18.6892
29,2,6 207.742 1.22554 15 0.0766271 17.896
29,2,7 212.117 1.23278 15 0.134046 30.0859
29,2,8 211.292 1.2492 15 0.0783715 32.0171
29,2,9 211.801 1.10218 15 0.0906958 34.3458
29,2,10 197.258 1.16518 15 0.0958085 16.0775
29,2,11 190.488 1.09774 15 0.0813782 15.578
29,2,12 198.511 1.16785 15 0.05059 19.3374
29,2,13 200.324 1.26176 15 0.0764371 21.3648
29,2,14 202.369 1.15074 15 0.054841 21.8247
29,2,16 216.353 1.05776 15 0.0581525 13.9526
29,2,17 211.676 0.788443 15 0.0272125 14.8485
29,2,18 184.165 1.08907 15 0.0551441 36.2244
29,2,19 181.634 0.854873 15 0.049809 31.753
29,2,20 205.49 1.00078 15 0.0534286 16.5293
29,2,21 206.348 1.19339 15 0.0546947 13.0023
29,2,22 192.413 1.14632 15 0.0598124 10.0957
29,2,24 195.304 1.12775 15 0.0666811 11.1147
29,2,25 182.617 1.09815 15 0.0527054 10.8279
29,2,26 208.63 1.35666 15 0.119259 13.808
29,2,27 197.777 1.45235 15 0.108377 14.4521
29,2,28 180.146 21.8674 1.03477 11.9694 17.1796
29,2,30 214.658 1.61831 15 0.211132 24.761
29,2,31 225.372 0.692642 15 0.076401 20.2731
29,2,32 213.973 2.59035 14.0539 1.33311 10.6322
29,2,33 208.5 2.02648 15 0.24776 12.0062
29,2,34 210.427 3.33916 15 1.7714 15.5763
29,3,0 190.472 1.0357 15 0.887072 19.6541
29,3,1 200.878 2.16446 13.856 1.21799 14.1411
29,3,2 204.329 1.25095 15 0.117097 23.5596
29,3,3 198.918 1.8628 11.1587 0.809176 14.9167
29,3,4 170.559 24.5881 1.00463 13.7666 22.6809
29,3,5 176.077 2.43726 15 0.806084 9.82292
29,3,6 171.73 1.79335 13.8983 0.990759 21.2067
29,3,8 172.1 1.81632 13.8794 0.955746 41.5229
29,3,9 199.555 2.04414 14.4301 1.36838 13.4763
29,3,10 180.421 1.66004 14.6919 0.859109 30.801
29,3,11 183.768 3.6315 15 1.4722 16.1948
29,3,12 179.675 1.61595 15 0.481059 28.4081
29,3,14 182.606 0.652199 15 0.462272 33.5794
29,3,15 185.893 6.13194 1.62036 13.5295 9.29468
29,3,16 184.711 0.78834 6.26515 1.1798 28.0368
29,3,17 186.226 2.86403 14.0163 1.46935 10.8654
29,3,18 187.654 1.9521 15 0.425069 21.9245
29,3,20 169.876 1.27974 8.65197 0.845165 21.0016
29,3,24 184.67 3.72844 1.71827 7.1902 18.4029
29,3,25 180.958 2.38957 8.62144 2.0434 14.2887
29,3,26 197.353 0.907515 15 0.237494 22.6342
29,3,31 202.28 2.31885 14.3378 1.95147 12.4778
29,3,32 192.212 1.47301 6.53558 1.445 24.616
29,3,33 201.673 4.50566 14.7946 1.96491 12.6488
29,3,34 178.571 2.01983 6.59848 1.76458 13.2986
29,3,35 182.37 3.31391 15 2.37209 10.9968
29,4,0 216.99 3.11601 15 2.44886 22.9319
29,4,1 240.766 1.28167 14.4622 0.809619 22.4742
29,4,2 195.11 5.63619 1.76002 11.9057 24.0889
29,4,3 205.002 2.21051 15 0.484064 19.8852
29,4,4 199.047 1.20883 11.2363 0.916065 26.9928
29,4,5 215.246 1.12237 7.06993 1.05184 17.1262
29,4,6 217.958 1.28449 15 0.597265 38.5489
29,4,7 195.071 3.37225 12.1953 2.9215 21.5736
29,4,8 202.776 0.915445 7.57916 0.750407 36.159
29,4,10 206.264 2.13439 11.5332 1.71663 35.8758
29,4,13 219.291 0.980746 15 0.381735 22.2533
29,4,14 190.229 1.29968 6.57994 0.894056 24.762
29,4,15 196.111 6.23967 2.13158 12.8675 16.9488
29,4,16 217.622 0.585882 15 0.0230514 27.504
29,4,17 200.795 2.40105 6.48056 1.52087 12.1987
29,4,19 209.261 3.67404 3.80919 1.85542 21.9873
29,4,20 216.559 2.75914 15 0.54925 28.1568
29,4,21 220.132 1.64876 6.57018 1.20491 26.5293
29,4,22 190.467 3.62679 3.83675 1.44999 11.9155
29,4,23 194.147 2.88408 5.95388 5.38992 12.5532
29,4,25 204.861 1.16734 1.02498 13.6562 15.5322
29,4,26 203.502 3.71553 8.1084 3.59793 17.0312
29,4,27 199.746 4.01968 6.84489 2.11632 14.2761
29,4,29 153.532 6.45145 14.9998 11.3841 38.8218
29,4,32 235.613 2.23587 15 0.469401 20.7742
29,4,33 242.422 1.21683 15 0.636049 18.1502
29,4,34 318.202 1.05961 2.07358 1.01641 43.5882
29,5,0 190.111 1.27497 6.47288 0.83434 13.9569
29,5,1 190.26 29.6817 1.00002 9.41104 24.7895
29,5,2 203.308 1.05196 14.949 2.70402 13.4722
29,5,3 199.542 2.38847 5.05055 0.945021 10.8199
29,5,4 187.622 0.461119 4.11314 0.180774 9.18592
29,5,6 203.192 3.85894 14.8477 9.34948 12.7005
29,5,7 195.862 4.47287 15 0.817577 7.75769
29,5,8 195.255 3.29434 15 2.07793 8.95002
29,5,9 213.523 3.30313 15 1.61073 12.0774
29,5,10 202.598 1.00029 15 0.291159 11.5347
29,5,11 201.066 2.15299 7.55213 1.77948 11.5915
29,5,14 199.601 3.09145 15 0.555201 11.0832
29,5,15 191.236 2.42166 15 0.338508 16.2719
29,5,16 196.02 2.56304 15 0.921522 11.7315
29,5,17 199.119 2.35292 5.1706 1.10977 14.905
29,5,18 196.852 2.03031 15 1.27676 9.98916
29,5,20 188.95 1.64789 15 0.301128 18.4744
29,5,21 207.211 4.01536 15 1.44374 9.25966
29,5,22 196.927 2.74025 15 1.5257 16.5778
29,5,25 199.797 4.44548 6.9195 3.74989 11.9226
29,5,26 214.612 2.11769 15 8.97788 13.3522
29,5,27 210.527 2.76176 15 0.764034 23.8524
29,5,28 199.962 2.02481 14.4515 1.3215 10.0426
